----------------
IN: 
0xfffffff0:  ea 5b e0 00 f0           ljmpw    $0xf000:$0xe05b

----------------
IN: 
0x000fe05b:  2e 66 83 3e 08 62 00     cmpl     $0, %cs:0x6208
0x000fe062:  0f 85 45 f0              jne      0xfd0ab

----------------
IN: 
0x000fe066:  31 d2                    xorw     %dx, %dx
0x000fe068:  8e d2                    movw     %dx, %ss

----------------
IN: 
0x000fe06a:  66 bc 00 70 00 00        movl     $0x7000, %esp

----------------
IN: 
0x000fe070:  66 ba ee 06 0f 00        movl     $0xf06ee, %edx
0x000fe076:  e9 ac ee                 jmp      0xfcf25

----------------
IN: 
0x000fcf25:  fa                       cli      
0x000fcf26:  fc                       cld      
0x000fcf27:  66 89 c1                 movl     %eax, %ecx
0x000fcf2a:  66 b8 8f 00 00 00        movl     $0x8f, %eax
0x000fcf30:  e6 70                    outb     %al, $0x70

----------------
IN: 
0x000fcf32:  e4 71                    inb      $0x71, %al

----------------
IN: 
0x000fcf34:  e4 92                    inb      $0x92, %al

----------------
IN: 
0x000fcf36:  0c 02                    orb      $2, %al
0x000fcf38:  e6 92                    outb     %al, $0x92

----------------
IN: 
0x000fcf3a:  66 89 c8                 movl     %ecx, %eax
0x000fcf3d:  2e 0f 01 1e f8 61        lidtw    %cs:0x61f8
0x000fcf43:  2e 0f 01 16 b8 61        lgdtw    %cs:0x61b8
0x000fcf49:  0f 20 c1                 movl     %cr0, %ecx
0x000fcf4c:  66 81 e1 ff ff ff 1f     andl     $0x1fffffff, %ecx
0x000fcf53:  66 83 c9 01              orl      $1, %ecx
0x000fcf57:  0f 22 c1                 movl     %ecx, %cr0

----------------
IN: 
0x000fcf5a:  66 ea 62 cf 0f 00 08 00  ljmpl    $0x8:$0xfcf62

----------------
IN: 
0x000fcf62:  b9 10 00 00 00           movl     $0x10, %ecx
0x000fcf67:  8e d9                    movl     %ecx, %ds

----------------
IN: 
0x000fcf69:  8e c1                    movl     %ecx, %es

----------------
IN: 
0x000fcf6b:  8e d1                    movl     %ecx, %ss

----------------
IN: 
0x000fcf6d:  8e e1                    movl     %ecx, %fs

----------------
IN: 
0x000fcf6f:  8e e9                    movl     %ecx, %gs
0x000fcf71:  ff e2                    jmpl     *%edx

----------------
IN: 
0x000f06ee:  53                       pushl    %ebx
0x000f06ef:  83 ec 20                 subl     $0x20, %esp
0x000f06f2:  e8 f5 c7 ff ff           calll    0xeceec

----------------
IN: 
0x000eceec:  68 88 4a 0f 00           pushl    $0xf4a88
0x000ecef1:  68 33 0f 0f 00           pushl    $0xf0f33
0x000ecef6:  e8 de ff ff ff           calll    0xeced9

----------------
IN: 
0x000eced9:  8d 4c 24 08              leal     8(%esp), %ecx
0x000ecedd:  8b 54 24 04              movl     4(%esp), %edx
0x000ecee1:  b8 28 4a 0f 00           movl     $0xf4a28, %eax
0x000ecee6:  e8 a6 f7 ff ff           calll    0xec691

----------------
IN: 
0x000ec691:  55                       pushl    %ebp
0x000ec692:  57                       pushl    %edi
0x000ec693:  56                       pushl    %esi
0x000ec694:  53                       pushl    %ebx
0x000ec695:  83 ec 08                 subl     $8, %esp
0x000ec698:  89 c5                    movl     %eax, %ebp
0x000ec69a:  89 d7                    movl     %edx, %edi
0x000ec69c:  89 cb                    movl     %ecx, %ebx
0x000ec69e:  0f be 17                 movsbl   (%edi), %edx
0x000ec6a1:  84 d2                    testb    %dl, %dl
0x000ec6a3:  0f 84 41 02 00 00        je       0xec8ea

----------------
IN: 
0x000ec6a9:  80 fa 25                 cmpb     $0x25, %dl
0x000ec6ac:  0f 85 23 02 00 00        jne      0xec8d5

----------------
IN: 
0x000ec8d5:  89 e8                    movl     %ebp, %eax
0x000ec8d7:  e8 5f d9 ff ff           calll    0xea23b

----------------
IN: 
0x000ea23b:  0f be d2                 movsbl   %dl, %edx
0x000ea23e:  ff 20                    jmpl     *(%eax)

----------------
IN: 
0x000ebd2c:  88 d0                    movb     %dl, %al
0x000ebd2e:  66 8b 15 74 60 0f 00     movw     0xf6074, %dx
0x000ebd35:  66 85 d2                 testw    %dx, %dx
0x000ebd38:  74 01                    je       0xebd3b

----------------
IN: 
0x000ebd3a:  ee                       outb     %al, %dx

----------------
IN: 
0x000ebd3b:  c3                       retl     

----------------
IN: 
0x000ec8dc:  89 fe                    movl     %edi, %esi
0x000ec8de:  eb 02                    jmp      0xec8e2

----------------
IN: 
0x000ec8e2:  8d 7e 01                 leal     1(%esi), %edi
0x000ec8e5:  e9 b4 fd ff ff           jmp      0xec69e

----------------
IN: 
0x000ec69e:  0f be 17                 movsbl   (%edi), %edx
0x000ec6a1:  84 d2                    testb    %dl, %dl
0x000ec6a3:  0f 84 41 02 00 00        je       0xec8ea

----------------
IN: 
0x000ec6b2:  8d 77 01                 leal     1(%edi), %esi
0x000ec6b5:  c6 04 24 20              movb     $0x20, (%esp)
0x000ec6b9:  31 c9                    xorl     %ecx, %ecx
0x000ec6bb:  0f b6 06                 movzbl   (%esi), %eax
0x000ec6be:  8d 50 d0                 leal     -0x30(%eax), %edx
0x000ec6c1:  80 fa 09                 cmpb     $9, %dl
0x000ec6c4:  77 1a                    ja       0xec6e0

----------------
IN: 
0x000ec6e0:  31 d2                    xorl     %edx, %edx
0x000ec6e2:  3c 6c                    cmpb     $0x6c, %al
0x000ec6e4:  75 12                    jne      0xec6f8

----------------
IN: 
0x000ec6f8:  3c 64                    cmpb     $0x64, %al
0x000ec6fa:  74 68                    je       0xec764

----------------
IN: 
0x000ec6fc:  7f 42                    jg       0xec740

----------------
IN: 
0x000ec740:  3c 73                    cmpb     $0x73, %al
0x000ec742:  0f 84 72 01 00 00        je       0xec8ba

----------------
IN: 
0x000ec8ba:  8d 7b 04                 leal     4(%ebx), %edi
0x000ec8bd:  8b 1b                    movl     (%ebx), %ebx
0x000ec8bf:  0f be 13                 movsbl   (%ebx), %edx
0x000ec8c2:  84 d2                    testb    %dl, %dl
0x000ec8c4:  74 1a                    je       0xec8e0

----------------
IN: 
0x000ec8c6:  89 e8                    movl     %ebp, %eax
0x000ec8c8:  e8 6e d9 ff ff           calll    0xea23b

----------------
IN: 
0x000ec8cd:  43                       incl     %ebx
0x000ec8ce:  eb ef                    jmp      0xec8bf

----------------
IN: 
0x000ec8bf:  0f be 13                 movsbl   (%ebx), %edx
0x000ec8c2:  84 d2                    testb    %dl, %dl
0x000ec8c4:  74 1a                    je       0xec8e0

----------------
IN: 
0x000ec8e0:  89 fb                    movl     %edi, %ebx
0x000ec8e2:  8d 7e 01                 leal     1(%esi), %edi
0x000ec8e5:  e9 b4 fd ff ff           jmp      0xec69e

----------------
IN: 
0x000ec8ea:  83 c4 08                 addl     $8, %esp
0x000ec8ed:  5b                       popl     %ebx
0x000ec8ee:  5e                       popl     %esi
0x000ec8ef:  5f                       popl     %edi
0x000ec8f0:  5d                       popl     %ebp
0x000ec8f1:  c3                       retl     

----------------
IN: 
0x000eceeb:  c3                       retl     

----------------
IN: 
0x000ecefb:  68 40 4a 0f 00           pushl    $0xf4a40
0x000ecf00:  68 49 0f 0f 00           pushl    $0xf0f49
0x000ecf05:  e8 cf ff ff ff           calll    0xeced9

----------------
IN: 
0x000ecf0a:  83 c4 10                 addl     $0x10, %esp
0x000ecf0d:  c3                       retl     

----------------
IN: 
0x000f06f7:  bb 00 00 00 40           movl     $0x40000000, %ebx
0x000f06fc:  8d 4c 24 04              leal     4(%esp), %ecx
0x000f0700:  89 e2                    movl     %esp, %edx
0x000f0702:  8d 44 24 0c              leal     0xc(%esp), %eax
0x000f0706:  50                       pushl    %eax
0x000f0707:  8d 44 24 0c              leal     0xc(%esp), %eax
0x000f070b:  50                       pushl    %eax
0x000f070c:  89 d8                    movl     %ebx, %eax
0x000f070e:  e8 7f 9e ff ff           calll    0xea592

----------------
IN: 
0x000ea592:  55                       pushl    %ebp
0x000ea593:  57                       pushl    %edi
0x000ea594:  56                       pushl    %esi
0x000ea595:  53                       pushl    %ebx
0x000ea596:  89 d6                    movl     %edx, %esi
0x000ea598:  89 cf                    movl     %ecx, %edi
0x000ea59a:  8b 6c 24 14              movl     0x14(%esp), %ebp
0x000ea59e:  9c                       pushfl   
0x000ea59f:  59                       popl     %ecx
0x000ea5a0:  89 ca                    movl     %ecx, %edx
0x000ea5a2:  81 f2 00 00 20 00        xorl     $0x200000, %edx
0x000ea5a8:  52                       pushl    %edx
0x000ea5a9:  9d                       popfl    

----------------
IN: 
0x000ea5aa:  9c                       pushfl   
0x000ea5ab:  5a                       popl     %edx
0x000ea5ac:  51                       pushl    %ecx
0x000ea5ad:  9d                       popfl    

----------------
IN: 
0x000ea5ae:  31 ca                    xorl     %ecx, %edx
0x000ea5b0:  0f ba e2 15              btl      $0x15, %edx
0x000ea5b4:  72 11                    jb       0xea5c7

----------------
IN: 
0x000ea5c7:  0f a2                    cpuid    
0x000ea5c9:  89 06                    movl     %eax, (%esi)
0x000ea5cb:  89 1f                    movl     %ebx, (%edi)
0x000ea5cd:  89 4d 00                 movl     %ecx, (%ebp)
0x000ea5d0:  8b 44 24 18              movl     0x18(%esp), %eax
0x000ea5d4:  89 10                    movl     %edx, (%eax)
0x000ea5d6:  5b                       popl     %ebx
0x000ea5d7:  5e                       popl     %esi
0x000ea5d8:  5f                       popl     %edi
0x000ea5d9:  5d                       popl     %ebp
0x000ea5da:  c3                       retl     

----------------
IN: 
0x000f0713:  8b 44 24 0c              movl     0xc(%esp), %eax
0x000f0717:  89 44 24 1b              movl     %eax, 0x1b(%esp)
0x000f071b:  8b 44 24 10              movl     0x10(%esp), %eax
0x000f071f:  89 44 24 1f              movl     %eax, 0x1f(%esp)
0x000f0723:  8b 44 24 14              movl     0x14(%esp), %eax
0x000f0727:  89 44 24 23              movl     %eax, 0x23(%esp)
0x000f072b:  c6 44 24 27 00           movb     $0, 0x27(%esp)
0x000f0730:  8d 44 24 1b              leal     0x1b(%esp), %eax
0x000f0734:  ba cc 41 0f 00           movl     $0xf41cc, %edx
0x000f0739:  e8 90 9c ff ff           calll    0xea3ce

----------------
IN: 
0x000ea3ce:  53                       pushl    %ebx
0x000ea3cf:  89 c1                    movl     %eax, %ecx
0x000ea3d1:  89 d3                    movl     %edx, %ebx
0x000ea3d3:  31 c0                    xorl     %eax, %eax
0x000ea3d5:  8a 14 01                 movb     (%ecx, %eax), %dl
0x000ea3d8:  3a 14 03                 cmpb     (%ebx, %eax), %dl
0x000ea3db:  74 0e                    je       0xea3eb

----------------
IN: 
0x000ea3dd:  b8 01 00 00 00           movl     $1, %eax
0x000ea3e2:  7d 0e                    jge      0xea3f2

----------------
IN: 
0x000ea3e4:  b8 ff ff ff ff           movl     $0xffffffff, %eax
0x000ea3e9:  eb 07                    jmp      0xea3f2

----------------
IN: 
0x000ea3f2:  5b                       popl     %ebx
0x000ea3f3:  c3                       retl     

----------------
IN: 
0x000f073e:  5a                       popl     %edx
0x000f073f:  59                       popl     %ecx
0x000f0740:  85 c0                    testl    %eax, %eax
0x000f0742:  75 41                    jne      0xf0785

----------------
IN: 
0x000f0785:  81 c3 00 01 00 00        addl     $0x100, %ebx
0x000f078b:  81 fb 00 00 01 40        cmpl     $0x40010000, %ebx
0x000f0791:  0f 85 65 ff ff ff        jne      0xf06fc

----------------
IN: 
0x000f06fc:  8d 4c 24 04              leal     4(%esp), %ecx
0x000f0700:  89 e2                    movl     %esp, %edx
0x000f0702:  8d 44 24 0c              leal     0xc(%esp), %eax
0x000f0706:  50                       pushl    %eax
0x000f0707:  8d 44 24 0c              leal     0xc(%esp), %eax
0x000f070b:  50                       pushl    %eax
0x000f070c:  89 d8                    movl     %ebx, %eax
0x000f070e:  e8 7f 9e ff ff           calll    0xea592

----------------
IN: 
0x000f0797:  83 3d d0 4a 0f 00 00     cmpl     $0, 0xf4ad0
0x000f079e:  75 07                    jne      0xf07a7

----------------
IN: 
0x000f07a0:  68 32 42 0f 00           pushl    $0xf4232
0x000f07a5:  eb 1a                    jmp      0xf07c1

----------------
IN: 
0x000f07c1:  e8 13 c7 ff ff           calll    0xeced9

----------------
IN: 
0x000f07c6:  58                       popl     %eax
0x000f07c7:  e8 69 e2 ff ff           calll    0xeea35

----------------
IN: 
0x000eea35:  53                       pushl    %ebx
0x000eea36:  e8 bf b7 ff ff           calll    0xea1fa

----------------
IN: 
0x000ea1fa:  a0 c0 55 0f 00           movb     0xf55c0, %al
0x000ea1ff:  d0 e8                    shrb     $1, %al
0x000ea201:  83 e0 01                 andl     $1, %eax
0x000ea204:  c3                       retl     

----------------
IN: 
0x000eea3b:  85 c0                    testl    %eax, %eax
0x000eea3d:  75 72                    jne      0xeeab1

----------------
IN: 
0x000eea3f:  b8 ff ff ff ff           movl     $0xffffffff, %eax
0x000eea44:  e8 e8 da ff ff           calll    0xec531

----------------
IN: 
0x000ec531:  56                       pushl    %esi
0x000ec532:  53                       pushl    %ebx
0x000ec533:  89 c1                    movl     %eax, %ecx
0x000ec535:  a8 07                    testb    $7, %al
0x000ec537:  75 50                    jne      0xec589

----------------
IN: 
0x000ec589:  41                       incl     %ecx
0x000ec58a:  eb cd                    jmp      0xec559

----------------
IN: 
0x000ec559:  89 c8                    movl     %ecx, %eax
0x000ec55b:  66 c1 e8 08              shrw     $8, %ax
0x000ec55f:  75 2b                    jne      0xec58c

----------------
IN: 
0x000ec561:  89 c8                    movl     %ecx, %eax
0x000ec563:  c1 e0 08                 shll     $8, %eax
0x000ec566:  25 00 ff ff 00           andl     $0xffff00, %eax
0x000ec56b:  0d 00 00 00 80           orl      $0x80000000, %eax
0x000ec570:  ba f8 0c 00 00           movl     $0xcf8, %edx
0x000ec575:  ef                       outl     %eax, %dx

----------------
IN: 
0x000ec576:  ba fc 0c 00 00           movl     $0xcfc, %edx
0x000ec57b:  66 ed                    inw      %dx, %ax

----------------
IN: 
0x000ec57d:  48                       decl     %eax
0x000ec57e:  66 83 f8 fd              cmpw     $-3, %ax
0x000ec582:  76 0d                    jbe      0xec591

----------------
IN: 
0x000ec591:  89 c8                    movl     %ecx, %eax
0x000ec593:  5b                       popl     %ebx
0x000ec594:  5e                       popl     %esi
0x000ec595:  c3                       retl     

----------------
IN: 
0x000eea49:  89 c3                    movl     %eax, %ebx
0x000eea4b:  85 c0                    testl    %eax, %eax
0x000eea4d:  78 57                    js       0xeeaa6

----------------
IN: 
0x000eea4f:  89 d8                    movl     %ebx, %eax
0x000eea51:  c1 e0 08                 shll     $8, %eax
0x000eea54:  25 00 ff ff 00           andl     $0xffff00, %eax
0x000eea59:  0d 00 00 00 80           orl      $0x80000000, %eax
0x000eea5e:  ba f8 0c 00 00           movl     $0xcf8, %edx
0x000eea63:  ef                       outl     %eax, %dx

----------------
IN: 
0x000eea64:  ba fc 0c 00 00           movl     $0xcfc, %edx
0x000eea69:  ed                       inl      %dx, %eax

----------------
IN: 
0x000eea6a:  66 3d 86 80              cmpw     $0x8086, %ax
0x000eea6e:  75 32                    jne      0xeeaa2

----------------
IN: 
0x000eea70:  c1 e8 10                 shrl     $0x10, %eax
0x000eea73:  3d 37 12 00 00           cmpl     $0x1237, %eax
0x000eea78:  75 07                    jne      0xeea81

----------------
IN: 
0x000eea7a:  ba 59 00 00 00           movl     $0x59, %edx
0x000eea7f:  eb 0c                    jmp      0xeea8d

----------------
IN: 
0x000eea8d:  0f b7 c3                 movzwl   %bx, %eax
0x000eea90:  e8 bd db ff ff           calll    0xec652

----------------
IN: 
0x000ec652:  53                       pushl    %ebx
0x000ec653:  89 d3                    movl     %edx, %ebx
0x000ec655:  0f b7 c8                 movzwl   %ax, %ecx
0x000ec658:  89 c8                    movl     %ecx, %eax
0x000ec65a:  c1 e0 08                 shll     $8, %eax
0x000ec65d:  81 e2 fc 00 00 00        andl     $0xfc, %edx
0x000ec663:  09 d0                    orl      %edx, %eax
0x000ec665:  0d 00 00 00 80           orl      $0x80000000, %eax
0x000ec66a:  ba f8 0c 00 00           movl     $0xcf8, %edx
0x000ec66f:  ef                       outl     %eax, %dx

----------------
IN: 
0x000ec670:  89 da                    movl     %ebx, %edx
0x000ec672:  83 e2 03                 andl     $3, %edx
0x000ec675:  66 81 c2 fc 0c           addw     $0xcfc, %dx
0x000ec67a:  ec                       inb      %dx, %al

----------------
IN: 
0x000ec67b:  89 da                    movl     %ebx, %edx
0x000ec67d:  a8 10                    testb    $0x10, %al
0x000ec67f:  89 c8                    movl     %ecx, %eax
0x000ec681:  75 08                    jne      0xec68b

----------------
IN: 
0x000ec683:  b9 96 c5 fe ff           movl     $0xfffec596, %ecx
0x000ec688:  5b                       popl     %ebx
0x000ec689:  ff e1                    jmpl     *%ecx

----------------
IN: 
0xfffec596:  55                       pushl    %ebp
0xfffec597:  57                       pushl    %edi
0xfffec598:  56                       pushl    %esi
0xfffec599:  53                       pushl    %ebx
0xfffec59a:  83 ec 08                 subl     $8, %esp
0xfffec59d:  89 d3                    movl     %edx, %ebx
0xfffec59f:  0f b7 c8                 movzwl   %ax, %ecx
0xfffec5a2:  c1 e1 08                 shll     $8, %ecx
0xfffec5a5:  89 d6                    movl     %edx, %esi
0xfffec5a7:  81 e6 fc 00 00 00        andl     $0xfc, %esi
0xfffec5ad:  09 ce                    orl      %ecx, %esi
0xfffec5af:  81 ce 00 00 00 80        orl      $0x80000000, %esi
0xfffec5b5:  bd f8 0c 00 00           movl     $0xcf8, %ebp
0xfffec5ba:  89 f0                    movl     %esi, %eax
0xfffec5bc:  89 ea                    movl     %ebp, %edx
0xfffec5be:  ef                       outl     %eax, %dx

----------------
IN: 
0xfffec5bf:  ba fc 0c 00 00           movl     $0xcfc, %edx
0xfffec5c4:  ed                       inl      %dx, %eax

----------------
IN: 
0xfffec5c5:  89 04 24                 movl     %eax, (%esp)
0xfffec5c8:  89 d8                    movl     %ebx, %eax
0xfffec5ca:  83 e0 fc                 andl     $0xfffffffc, %eax
0xfffec5cd:  83 c0 04                 addl     $4, %eax
0xfffec5d0:  25 fc 00 00 00           andl     $0xfc, %eax
0xfffec5d5:  09 c1                    orl      %eax, %ecx
0xfffec5d7:  81 c9 00 00 00 80        orl      $0x80000000, %ecx
0xfffec5dd:  89 c8                    movl     %ecx, %eax
0xfffec5df:  89 ea                    movl     %ebp, %edx
0xfffec5e1:  ef                       outl     %eax, %dx

----------------
IN: 
0xfffec5e2:  ba fc 0c 00 00           movl     $0xcfc, %edx
0xfffec5e7:  ed                       inl      %dx, %eax

----------------
IN: 
0xfffec5e8:  89 44 24 04              movl     %eax, 4(%esp)
0xfffec5ec:  83 e3 03                 andl     $3, %ebx
0xfffec5ef:  8d 14 1c                 leal     (%esp, %ebx), %edx
0xfffec5f2:  31 c0                    xorl     %eax, %eax
0xfffec5f4:  c6 44 02 01 33           movb     $0x33, 1(%edx, %eax)
0xfffec5f9:  40                       incl     %eax
0xfffec5fa:  83 f8 06                 cmpl     $6, %eax
0xfffec5fd:  75 f5                    jne      0xfffec5f4

----------------
IN: 
0xfffec5f4:  c6 44 02 01 33           movb     $0x33, 1(%edx, %eax)
0xfffec5f9:  40                       incl     %eax
0xfffec5fa:  83 f8 06                 cmpl     $6, %eax
0xfffec5fd:  75 f5                    jne      0xfffec5f4

----------------
IN: 
0xfffec5ff:  0f b6 3c 1c              movzbl   (%esp, %ebx), %edi
0xfffec603:  83 e7 10                 andl     $0x10, %edi
0xfffec606:  c6 04 1c 30              movb     $0x30, (%esp, %ebx)
0xfffec60a:  89 f0                    movl     %esi, %eax
0xfffec60c:  ba f8 0c 00 00           movl     $0xcf8, %edx
0xfffec611:  ef                       outl     %eax, %dx

----------------
IN: 
0xfffec612:  8b 04 24                 movl     (%esp), %eax
0xfffec615:  ba fc 0c 00 00           movl     $0xcfc, %edx
0xfffec61a:  ef                       outl     %eax, %dx

----------------
IN: 
0xfffec61b:  89 c8                    movl     %ecx, %eax
0xfffec61d:  ba f8 0c 00 00           movl     $0xcf8, %edx
0xfffec622:  ef                       outl     %eax, %dx

----------------
IN: 
0xfffec623:  8b 44 24 04              movl     4(%esp), %eax
0xfffec627:  ba fc 0c 00 00           movl     $0xcfc, %edx
0xfffec62c:  ef                       outl     %eax, %dx

----------------
IN: 
0xfffec62d:  89 f8                    movl     %edi, %eax
0xfffec62f:  84 c0                    testb    %al, %al
0xfffec631:  75 17                    jne      0xfffec64a

----------------
IN: 
0xfffec633:  b9 00 00 10 00           movl     $0x100000, %ecx
0xfffec638:  81 e9 e0 40 0d 00        subl     $0xd40e0, %ecx
0xfffec63e:  be e0 40 fd ff           movl     $0xfffd40e0, %esi
0xfffec643:  bf e0 40 0d 00           movl     $0xd40e0, %edi
0xfffec648:  f3 a4                    rep movsb (%esi), %es:(%edi)

----------------
IN: 
0xfffec648:  f3 a4                    rep movsb (%esi), %es:(%edi)

----------------
IN: 
0xfffec64a:  83 c4 08                 addl     $8, %esp
0xfffec64d:  5b                       popl     %ebx
0xfffec64e:  5e                       popl     %esi
0xfffec64f:  5f                       popl     %edi
0xfffec650:  5d                       popl     %ebp
0xfffec651:  c3                       retl     

----------------
IN: 
0x000eea95:  e8 67 c9 ff ff           calll    0xeb401

----------------
IN: 
0x000eb401:  83 3d 08 62 0f 00 00     cmpl     $0, 0xf6208
0x000eb408:  75 12                    jne      0xeb41c

----------------
IN: 
0x000eb40a:  b0 8f                    movb     $0x8f, %al
0x000eb40c:  e6 70                    outb     %al, $0x70

----------------
IN: 
0x000eb40e:  31 c0                    xorl     %eax, %eax
0x000eb410:  e6 71                    outb     %al, $0x71

----------------
IN: 
0x000eb412:  c7 05 08 62 0f 00 01 00  movl     $1, 0xf6208
0x000eb41a:  00 00
0x000eb41c:  c3                       retl     

----------------
IN: 
0x000eea9a:  89 1d 18 4a 0f 00        movl     %ebx, 0xf4a18
0x000eeaa0:  eb 0f                    jmp      0xeeab1

----------------
IN: 
0x000eeab1:  5b                       popl     %ebx
0x000eeab2:  c3                       retl     

----------------
IN: 
0x000f07cc:  e8 74 81 ff ff           calll    0xe8945

----------------
IN: 
0x000e8945:  55                       pushl    %ebp
0x000e8946:  57                       pushl    %edi
0x000e8947:  56                       pushl    %esi
0x000e8948:  53                       pushl    %ebx
0x000e8949:  83 ec 70                 subl     $0x70, %esp
0x000e894c:  e8 b0 2a 00 00           calll    0xeb401

----------------
IN: 
0x000eb41c:  c3                       retl     

----------------
IN: 
0x000e8951:  e8 a4 18 00 00           calll    0xea1fa

----------------
IN: 
0x000ea1fa:  a0 c0 55 0f 00           movb     0xf55c0, %al
0x000ea1ff:  d0 e8                    shrb     $1, %al
0x000ea201:  83 e0 01                 andl     $1, %eax
0x000ea204:  c3                       retl     

----------------
IN: 
0x000e8956:  85 c0                    testl    %eax, %eax
0x000e8958:  75 15                    jne      0xe896f

----------------
IN: 
0x000e895a:  66 8b 15 74 60 0f 00     movw     0xf6074, %dx
0x000e8961:  ec                       inb      %dx, %al

----------------
IN: 
0x000e8962:  3c e9                    cmpb     $0xe9, %al
0x000e8964:  74 09                    je       0xe896f

----------------
IN: 
0x000e8966:  66 c7 05 74 60 0f 00 00  movw     $0, 0xf6074
0x000e896e:  00
0x000e896f:  31 d2                    xorl     %edx, %edx
0x000e8971:  31 c0                    xorl     %eax, %eax
0x000e8973:  e8 6d 1b 00 00           calll    0xea4e5

----------------
IN: 
0x000ea4e5:  89 d1                    movl     %edx, %ecx
0x000ea4e7:  8b 15 98 4d 0f 00        movl     0xf4d98, %edx
0x000ea4ed:  0f b7 c0                 movzwl   %ax, %eax
0x000ea4f0:  85 d2                    testl    %edx, %edx
0x000ea4f2:  74 0b                    je       0xea4ff

----------------
IN: 
0x000ea4ff:  c1 e0 08                 shll     $8, %eax
0x000ea502:  89 ca                    movl     %ecx, %edx
0x000ea504:  81 e2 fc 00 00 00        andl     $0xfc, %edx
0x000ea50a:  09 d0                    orl      %edx, %eax
0x000ea50c:  0d 00 00 00 80           orl      $0x80000000, %eax
0x000ea511:  ba f8 0c 00 00           movl     $0xcf8, %edx
0x000ea516:  ef                       outl     %eax, %dx

----------------
IN: 
0x000ea517:  83 e1 02                 andl     $2, %ecx
0x000ea51a:  8d 91 fc 0c 00 00        leal     0xcfc(%ecx), %edx
0x000ea520:  66 ed                    inw      %dx, %ax

----------------
IN: 
0x000ea522:  c3                       retl     

----------------
IN: 
0x000e8978:  0f b7 f0                 movzwl   %ax, %esi
0x000e897b:  8d 46 ff                 leal     -1(%esi), %eax
0x000e897e:  66 83 f8 fd              cmpw     $-3, %ax
0x000e8982:  0f 87 0f 02 00 00        ja       0xe8b97

----------------
IN: 
0x000e8988:  ba 02 00 00 00           movl     $2, %edx
0x000e898d:  31 c0                    xorl     %eax, %eax
0x000e898f:  e8 51 1b 00 00           calll    0xea4e5

----------------
IN: 
0x000e8994:  0f b7 d8                 movzwl   %ax, %ebx
0x000e8997:  ba 2c 00 00 00           movl     $0x2c, %edx
0x000e899c:  31 c0                    xorl     %eax, %eax
0x000e899e:  e8 42 1b 00 00           calll    0xea4e5

----------------
IN: 
0x000e89a3:  89 c7                    movl     %eax, %edi
0x000e89a5:  ba 2e 00 00 00           movl     $0x2e, %edx
0x000e89aa:  31 c0                    xorl     %eax, %eax
0x000e89ac:  e8 34 1b 00 00           calll    0xea4e5

----------------
IN: 
0x000e89b1:  66 81 ff f4 1a           cmpw     $0x1af4, %di
0x000e89b6:  0f 85 db 01 00 00        jne      0xe8b97

----------------
IN: 
0x000e89bc:  66 3d 00 11              cmpw     $0x1100, %ax
0x000e89c0:  0f 85 d1 01 00 00        jne      0xe8b97

----------------
IN: 
0x000e89c6:  83 0d c0 55 0f 00 01     orl      $1, 0xf55c0
0x000e89cd:  66 81 fb 37 12           cmpw     $0x1237, %bx
0x000e89d2:  74 0e                    je       0xe89e2

----------------
IN: 
0x000e89e2:  68 b8 3f 0f 00           pushl    $0xf3fb8
0x000e89e7:  e8 ed 44 00 00           calll    0xeced9

----------------
IN: 
0x000eced9:  8d 4c 24 08              leal     8(%esp), %ecx
0x000ecedd:  8b 54 24 04              movl     4(%esp), %edx
0x000ecee1:  b8 28 4a 0f 00           movl     $0xf4a28, %eax
0x000ecee6:  e8 a6 f7 ff ff           calll    0xec691

----------------
IN: 
0x000ec691:  55                       pushl    %ebp
0x000ec692:  57                       pushl    %edi
0x000ec693:  56                       pushl    %esi
0x000ec694:  53                       pushl    %ebx
0x000ec695:  83 ec 08                 subl     $8, %esp
0x000ec698:  89 c5                    movl     %eax, %ebp
0x000ec69a:  89 d7                    movl     %edx, %edi
0x000ec69c:  89 cb                    movl     %ecx, %ebx
0x000ec69e:  0f be 17                 movsbl   (%edi), %edx
0x000ec6a1:  84 d2                    testb    %dl, %dl
0x000ec6a3:  0f 84 41 02 00 00        je       0xec8ea

----------------
IN: 
0x000ec6a9:  80 fa 25                 cmpb     $0x25, %dl
0x000ec6ac:  0f 85 23 02 00 00        jne      0xec8d5

----------------
IN: 
0x000ec8d5:  89 e8                    movl     %ebp, %eax
0x000ec8d7:  e8 5f d9 ff ff           calll    0xea23b

----------------
IN: 
0x000ea23b:  0f be d2                 movsbl   %dl, %edx
0x000ea23e:  ff 20                    jmpl     *(%eax)

----------------
IN: 
0x000ebd2c:  88 d0                    movb     %dl, %al
0x000ebd2e:  66 8b 15 74 60 0f 00     movw     0xf6074, %dx
0x000ebd35:  66 85 d2                 testw    %dx, %dx
0x000ebd38:  74 01                    je       0xebd3b

----------------
IN: 
0x000ebd3b:  c3                       retl     

----------------
IN: 
0x000ec8dc:  89 fe                    movl     %edi, %esi
0x000ec8de:  eb 02                    jmp      0xec8e2

----------------
IN: 
0x000ec8e2:  8d 7e 01                 leal     1(%esi), %edi
0x000ec8e5:  e9 b4 fd ff ff           jmp      0xec69e

----------------
IN: 
0x000ec69e:  0f be 17                 movsbl   (%edi), %edx
0x000ec6a1:  84 d2                    testb    %dl, %dl
0x000ec6a3:  0f 84 41 02 00 00        je       0xec8ea

----------------
IN: 
0x000ec8ea:  83 c4 08                 addl     $8, %esp
0x000ec8ed:  5b                       popl     %ebx
0x000ec8ee:  5e                       popl     %esi
0x000ec8ef:  5f                       popl     %edi
0x000ec8f0:  5d                       popl     %ebp
0x000ec8f1:  c3                       retl     

----------------
IN: 
0x000eceeb:  c3                       retl     

----------------
IN: 
0x000e89ec:  5f                       popl     %edi
0x000e89ed:  eb 0f                    jmp      0xe89fe

----------------
IN: 
0x000e89fe:  8d 5c 24 1c              leal     0x1c(%esp), %ebx
0x000e8a02:  53                       pushl    %ebx
0x000e8a03:  8d 7c 24 1c              leal     0x1c(%esp), %edi
0x000e8a07:  57                       pushl    %edi
0x000e8a08:  8d 4c 24 1c              leal     0x1c(%esp), %ecx
0x000e8a0c:  8d 54 24 18              leal     0x18(%esp), %edx
0x000e8a10:  31 c0                    xorl     %eax, %eax
0x000e8a12:  e8 7b 1b 00 00           calll    0xea592

----------------
IN: 
0x000ea592:  55                       pushl    %ebp
0x000ea593:  57                       pushl    %edi
0x000ea594:  56                       pushl    %esi
0x000ea595:  53                       pushl    %ebx
0x000ea596:  89 d6                    movl     %edx, %esi
0x000ea598:  89 cf                    movl     %ecx, %edi
0x000ea59a:  8b 6c 24 14              movl     0x14(%esp), %ebp
0x000ea59e:  9c                       pushfl   
0x000ea59f:  59                       popl     %ecx
0x000ea5a0:  89 ca                    movl     %ecx, %edx
0x000ea5a2:  81 f2 00 00 20 00        xorl     $0x200000, %edx
0x000ea5a8:  52                       pushl    %edx
0x000ea5a9:  9d                       popfl    

----------------
IN: 
0x000ea5aa:  9c                       pushfl   
0x000ea5ab:  5a                       popl     %edx
0x000ea5ac:  51                       pushl    %ecx
0x000ea5ad:  9d                       popfl    

----------------
IN: 
0x000ea5ae:  31 ca                    xorl     %ecx, %edx
0x000ea5b0:  0f ba e2 15              btl      $0x15, %edx
0x000ea5b4:  72 11                    jb       0xea5c7

----------------
IN: 
0x000ea5c7:  0f a2                    cpuid    
0x000ea5c9:  89 06                    movl     %eax, (%esi)
0x000ea5cb:  89 1f                    movl     %ebx, (%edi)
0x000ea5cd:  89 4d 00                 movl     %ecx, (%ebp)
0x000ea5d0:  8b 44 24 18              movl     0x18(%esp), %eax
0x000ea5d4:  89 10                    movl     %edx, (%eax)
0x000ea5d6:  5b                       popl     %ebx
0x000ea5d7:  5e                       popl     %esi
0x000ea5d8:  5f                       popl     %edi
0x000ea5d9:  5d                       popl     %ebp
0x000ea5da:  c3                       retl     

----------------
IN: 
0x000e8a17:  8b 44 24 1c              movl     0x1c(%esp), %eax
0x000e8a1b:  89 44 24 38              movl     %eax, 0x38(%esp)
0x000e8a1f:  8b 44 24 24              movl     0x24(%esp), %eax
0x000e8a23:  89 44 24 3c              movl     %eax, 0x3c(%esp)
0x000e8a27:  8b 44 24 20              movl     0x20(%esp), %eax
0x000e8a2b:  89 44 24 40              movl     %eax, 0x40(%esp)
0x000e8a2f:  c6 44 24 44 00           movb     $0, 0x44(%esp)
0x000e8a34:  59                       popl     %ecx
0x000e8a35:  5e                       popl     %esi
0x000e8a36:  31 f6                    xorl     %esi, %esi
0x000e8a38:  83 7c 24 10 00           cmpl     $0, 0x10(%esp)
0x000e8a3d:  74 1d                    je       0xe8a5c

----------------
IN: 
0x000e8a3f:  53                       pushl    %ebx
0x000e8a40:  57                       pushl    %edi
0x000e8a41:  8d 4c 24 1c              leal     0x1c(%esp), %ecx
0x000e8a45:  8d 54 24 18              leal     0x18(%esp), %edx
0x000e8a49:  b8 01 00 00 00           movl     $1, %eax
0x000e8a4e:  e8 3f 1b 00 00           calll    0xea592

----------------
IN: 
0x000e8a53:  8b 74 24 24              movl     0x24(%esp), %esi
0x000e8a57:  83 e6 40                 andl     $0x40, %esi
0x000e8a5a:  58                       popl     %eax
0x000e8a5b:  5a                       popl     %edx
0x000e8a5c:  53                       pushl    %ebx
0x000e8a5d:  8d 7c 24 1c              leal     0x1c(%esp), %edi
0x000e8a61:  57                       pushl    %edi
0x000e8a62:  8d 4c 24 1c              leal     0x1c(%esp), %ecx
0x000e8a66:  8d 54 24 18              leal     0x18(%esp), %edx
0x000e8a6a:  b8 00 00 00 80           movl     $0x80000000, %eax
0x000e8a6f:  e8 1e 1b 00 00           calll    0xea592

----------------
IN: 
0x000e8a74:  8b 6c 24 18              movl     0x18(%esp), %ebp
0x000e8a78:  59                       popl     %ecx
0x000e8a79:  58                       popl     %eax
0x000e8a7a:  81 fd 00 00 00 80        cmpl     $0x80000000, %ebp
0x000e8a80:  76 25                    jbe      0xe8aa7

----------------
IN: 
0x000e8a82:  53                       pushl    %ebx
0x000e8a83:  57                       pushl    %edi
0x000e8a84:  8d 4c 24 1c              leal     0x1c(%esp), %ecx
0x000e8a88:  8d 54 24 18              leal     0x18(%esp), %edx
0x000e8a8c:  b8 01 00 00 80           movl     $0x80000001, %eax
0x000e8a91:  e8 fc 1a 00 00           calll    0xea592

----------------
IN: 
0x000e8a96:  8a 44 24 27              movb     0x27(%esp), %al
0x000e8a9a:  c0 e8 05                 shrb     $5, %al
0x000e8a9d:  83 e0 01                 andl     $1, %eax
0x000e8aa0:  a2 98 a1 0e 00           movb     %al, 0xea198
0x000e8aa5:  58                       popl     %eax
0x000e8aa6:  5a                       popl     %edx
0x000e8aa7:  a0 98 a1 0e 00           movb     0xea198, %al
0x000e8aac:  85 f6                    testl    %esi, %esi
0x000e8aae:  0f 84 a0 00 00 00        je       0xe8b54

----------------
IN: 
0x000e8ab4:  84 c0                    testb    %al, %al
0x000e8ab6:  74 10                    je       0xe8ac8

----------------
IN: 
0x000e8ab8:  81 fd 07 00 00 80        cmpl     $0x80000007, %ebp
0x000e8abe:  77 1e                    ja       0xe8ade

----------------
IN: 
0x000e8ade:  53                       pushl    %ebx
0x000e8adf:  57                       pushl    %edi
0x000e8ae0:  8d 4c 24 1c              leal     0x1c(%esp), %ecx
0x000e8ae4:  8d 54 24 18              leal     0x18(%esp), %edx
0x000e8ae8:  b8 08 00 00 80           movl     $0x80000008, %eax
0x000e8aed:  e8 a0 1a 00 00           calll    0xea592

----------------
IN: 
0x000e8af2:  0f b6 5c 24 18           movzbl   0x18(%esp), %ebx
0x000e8af7:  5e                       popl     %esi
0x000e8af8:  5f                       popl     %edi
0x000e8af9:  83 fb 28                 cmpl     $0x28, %ebx
0x000e8afc:  77 40                    ja       0xe8b3e

----------------
IN: 
0x000e8afe:  ba 12 40 0f 00           movl     $0xf4012, %edx
0x000e8b03:  8d 44 24 30              leal     0x30(%esp), %eax
0x000e8b07:  e8 c2 18 00 00           calll    0xea3ce

----------------
IN: 
0x000ea3ce:  53                       pushl    %ebx
0x000ea3cf:  89 c1                    movl     %eax, %ecx
0x000ea3d1:  89 d3                    movl     %edx, %ebx
0x000ea3d3:  31 c0                    xorl     %eax, %eax
0x000ea3d5:  8a 14 01                 movb     (%ecx, %eax), %dl
0x000ea3d8:  3a 14 03                 cmpb     (%ebx, %eax), %dl
0x000ea3db:  74 0e                    je       0xea3eb

----------------
IN: 
0x000ea3dd:  b8 01 00 00 00           movl     $1, %eax
0x000ea3e2:  7d 0e                    jge      0xea3f2

----------------
IN: 
0x000ea3e4:  b8 ff ff ff ff           movl     $0xffffffff, %eax
0x000ea3e9:  eb 07                    jmp      0xea3f2

----------------
IN: 
0x000ea3f2:  5b                       popl     %ebx
0x000ea3f3:  c3                       retl     

----------------
IN: 
0x000e8b0c:  85 c0                    testl    %eax, %eax
0x000e8b0e:  75 0e                    jne      0xe8b1e

----------------
IN: 
0x000e8b1e:  ba 1f 40 0f 00           movl     $0xf401f, %edx
0x000e8b23:  8d 44 24 30              leal     0x30(%esp), %eax
0x000e8b27:  e8 a2 18 00 00           calll    0xea3ce

----------------
IN: 
0x000ea3eb:  40                       incl     %eax
0x000ea3ec:  84 d2                    testb    %dl, %dl
0x000ea3ee:  75 e5                    jne      0xea3d5

----------------
IN: 
0x000ea3d5:  8a 14 01                 movb     (%ecx, %eax), %dl
0x000ea3d8:  3a 14 03                 cmpb     (%ebx, %eax), %dl
0x000ea3db:  74 0e                    je       0xea3eb

----------------
IN: 
0x000ea3f0:  31 c0                    xorl     %eax, %eax
0x000ea3f2:  5b                       popl     %ebx
0x000ea3f3:  c3                       retl     

----------------
IN: 
0x000e8b2c:  83 fb 28                 cmpl     $0x28, %ebx
0x000e8b2f:  75 04                    jne      0xe8b35

----------------
IN: 
0x000e8b31:  85 c0                    testl    %eax, %eax
0x000e8b33:  74 09                    je       0xe8b3e

----------------
IN: 
0x000e8b3e:  be 01 00 00 00           movl     $1, %esi
0x000e8b43:  b8 b1 3f 0f 00           movl     $0xf3fb1, %eax
0x000e8b48:  ba b1 3f 0f 00           movl     $0xf3fb1, %edx
0x000e8b4d:  b9 b1 3f 0f 00           movl     $0xf3fb1, %ecx
0x000e8b52:  eb 1e                    jmp      0xe8b72

----------------
IN: 
0x000e8b72:  50                       pushl    %eax
0x000e8b73:  53                       pushl    %ebx
0x000e8b74:  52                       pushl    %edx
0x000e8b75:  51                       pushl    %ecx
0x000e8b76:  8d 44 24 40              leal     0x40(%esp), %eax
0x000e8b7a:  50                       pushl    %eax
0x000e8b7b:  68 f0 96 0e 00           pushl    $0xe96f0
0x000e8b80:  68 2c 40 0f 00           pushl    $0xf402c
0x000e8b85:  e8 4f 43 00 00           calll    0xeced9

----------------
IN: 
0x000ec6b2:  8d 77 01                 leal     1(%edi), %esi
0x000ec6b5:  c6 04 24 20              movb     $0x20, (%esp)
0x000ec6b9:  31 c9                    xorl     %ecx, %ecx
0x000ec6bb:  0f b6 06                 movzbl   (%esi), %eax
0x000ec6be:  8d 50 d0                 leal     -0x30(%eax), %edx
0x000ec6c1:  80 fa 09                 cmpb     $9, %dl
0x000ec6c4:  77 1a                    ja       0xec6e0

----------------
IN: 
0x000ec6e0:  31 d2                    xorl     %edx, %edx
0x000ec6e2:  3c 6c                    cmpb     $0x6c, %al
0x000ec6e4:  75 12                    jne      0xec6f8

----------------
IN: 
0x000ec6f8:  3c 64                    cmpb     $0x64, %al
0x000ec6fa:  74 68                    je       0xec764

----------------
IN: 
0x000ec6fc:  7f 42                    jg       0xec740

----------------
IN: 
0x000ec740:  3c 73                    cmpb     $0x73, %al
0x000ec742:  0f 84 72 01 00 00        je       0xec8ba

----------------
IN: 
0x000ec8ba:  8d 7b 04                 leal     4(%ebx), %edi
0x000ec8bd:  8b 1b                    movl     (%ebx), %ebx
0x000ec8bf:  0f be 13                 movsbl   (%ebx), %edx
0x000ec8c2:  84 d2                    testb    %dl, %dl
0x000ec8c4:  74 1a                    je       0xec8e0

----------------
IN: 
0x000ec8c6:  89 e8                    movl     %ebp, %eax
0x000ec8c8:  e8 6e d9 ff ff           calll    0xea23b

----------------
IN: 
0x000ec8cd:  43                       incl     %ebx
0x000ec8ce:  eb ef                    jmp      0xec8bf

----------------
IN: 
0x000ec8bf:  0f be 13                 movsbl   (%ebx), %edx
0x000ec8c2:  84 d2                    testb    %dl, %dl
0x000ec8c4:  74 1a                    je       0xec8e0

----------------
IN: 
0x000ec8e0:  89 fb                    movl     %edi, %ebx
0x000ec8e2:  8d 7e 01                 leal     1(%esi), %edi
0x000ec8e5:  e9 b4 fd ff ff           jmp      0xec69e

----------------
IN: 
0x000ec764:  8b 3b                    movl     (%ebx), %edi
0x000ec766:  84 d2                    testb    %dl, %dl
0x000ec768:  75 05                    jne      0xec76f

----------------
IN: 
0x000ec76a:  83 c3 04                 addl     $4, %ebx
0x000ec76d:  eb 03                    jmp      0xec772

----------------
IN: 
0x000ec772:  85 ff                    testl    %edi, %edi
0x000ec774:  79 0e                    jns      0xec784

----------------
IN: 
0x000ec784:  89 fa                    movl     %edi, %edx
0x000ec786:  eb 10                    jmp      0xec798

----------------
IN: 
0x000ec798:  89 e8                    movl     %ebp, %eax
0x000ec79a:  e8 a1 da ff ff           calll    0xea240

----------------
IN: 
0x000ea240:  57                       pushl    %edi
0x000ea241:  56                       pushl    %esi
0x000ea242:  53                       pushl    %ebx
0x000ea243:  83 ec 0c                 subl     $0xc, %esp
0x000ea246:  89 c6                    movl     %eax, %esi
0x000ea248:  89 d1                    movl     %edx, %ecx
0x000ea24a:  c6 44 24 0b 00           movb     $0, 0xb(%esp)
0x000ea24f:  8d 5c 24 0a              leal     0xa(%esp), %ebx
0x000ea253:  bf 0a 00 00 00           movl     $0xa, %edi
0x000ea258:  89 c8                    movl     %ecx, %eax
0x000ea25a:  31 d2                    xorl     %edx, %edx
0x000ea25c:  f7 f7                    divl     %edi
0x000ea25e:  83 c2 30                 addl     $0x30, %edx
0x000ea261:  88 13                    movb     %dl, (%ebx)
0x000ea263:  83 f9 09                 cmpl     $9, %ecx
0x000ea266:  76 05                    jbe      0xea26d

----------------
IN: 
0x000ea268:  89 c1                    movl     %eax, %ecx
0x000ea26a:  4b                       decl     %ebx
0x000ea26b:  eb eb                    jmp      0xea258

----------------
IN: 
0x000ea258:  89 c8                    movl     %ecx, %eax
0x000ea25a:  31 d2                    xorl     %edx, %edx
0x000ea25c:  f7 f7                    divl     %edi
0x000ea25e:  83 c2 30                 addl     $0x30, %edx
0x000ea261:  88 13                    movb     %dl, (%ebx)
0x000ea263:  83 f9 09                 cmpl     $9, %ecx
0x000ea266:  76 05                    jbe      0xea26d

----------------
IN: 
0x000ea26d:  85 db                    testl    %ebx, %ebx
0x000ea26f:  75 05                    jne      0xea276

----------------
IN: 
0x000ea276:  0f be 13                 movsbl   (%ebx), %edx
0x000ea279:  84 d2                    testb    %dl, %dl
0x000ea27b:  74 0a                    je       0xea287

----------------
IN: 
0x000ea27d:  89 f0                    movl     %esi, %eax
0x000ea27f:  e8 b7 ff ff ff           calll    0xea23b

----------------
IN: 
0x000ea284:  43                       incl     %ebx
0x000ea285:  eb ef                    jmp      0xea276

----------------
IN: 
0x000ea287:  83 c4 0c                 addl     $0xc, %esp
0x000ea28a:  5b                       popl     %ebx
0x000ea28b:  5e                       popl     %esi
0x000ea28c:  5f                       popl     %edi
0x000ea28d:  c3                       retl     

----------------
IN: 
0x000ec79f:  e9 3e 01 00 00           jmp      0xec8e2

----------------
IN: 
0x000e8b8a:  83 c4 1c                 addl     $0x1c, %esp
0x000e8b8d:  85 f6                    testl    %esi, %esi
0x000e8b8f:  74 06                    je       0xe8b97

----------------
IN: 
0x000e8b91:  88 1d 99 a1 0e 00        movb     %bl, 0xea199
0x000e8b97:  31 ed                    xorl     %ebp, %ebp
0x000e8b99:  bb 00 00 00 40           movl     $0x40000000, %ebx
0x000e8b9e:  31 f6                    xorl     %esi, %esi
0x000e8ba0:  89 74 24 10              movl     %esi, 0x10(%esp)
0x000e8ba4:  8d 7c 24 1c              leal     0x1c(%esp), %edi
0x000e8ba8:  57                       pushl    %edi
0x000e8ba9:  8d 74 24 1c              leal     0x1c(%esp), %esi
0x000e8bad:  56                       pushl    %esi
0x000e8bae:  8d 4c 24 1c              leal     0x1c(%esp), %ecx
0x000e8bb2:  8d 54 24 18              leal     0x18(%esp), %edx
0x000e8bb6:  89 d8                    movl     %ebx, %eax
0x000e8bb8:  e8 d5 19 00 00           calll    0xea592

----------------
IN: 
0x000e8bbd:  8b 44 24 18              movl     0x18(%esp), %eax
0x000e8bc1:  5a                       popl     %edx
0x000e8bc2:  59                       popl     %ecx
0x000e8bc3:  39 d8                    cmpl     %ebx, %eax
0x000e8bc5:  72 53                    jb       0xe8c1a

----------------
IN: 
0x000e8bc7:  8b 54 24 14              movl     0x14(%esp), %edx
0x000e8bcb:  89 54 24 30              movl     %edx, 0x30(%esp)
0x000e8bcf:  8b 54 24 18              movl     0x18(%esp), %edx
0x000e8bd3:  89 54 24 34              movl     %edx, 0x34(%esp)
0x000e8bd7:  8b 54 24 1c              movl     0x1c(%esp), %edx
0x000e8bdb:  89 54 24 38              movl     %edx, 0x38(%esp)
0x000e8bdf:  c6 44 24 3c 00           movb     $0, 0x3c(%esp)
0x000e8be4:  8d 74 24 30              leal     0x30(%esp), %esi
0x000e8be8:  56                       pushl    %esi
0x000e8be9:  50                       pushl    %eax
0x000e8bea:  53                       pushl    %ebx
0x000e8beb:  68 67 40 0f 00           pushl    $0xf4067
0x000e8bf0:  e8 e4 42 00 00           calll    0xeced9

----------------
IN: 
0x000ec748:  7f 09                    jg       0xec753

----------------
IN: 
0x000ec753:  3c 75                    cmpb     $0x75, %al
0x000ec755:  74 31                    je       0xec788

----------------
IN: 
0x000ec757:  3c 78                    cmpb     $0x78, %al
0x000ec759:  0f 84 cf 00 00 00        je       0xec82e

----------------
IN: 
0x000ec82e:  3c 58                    cmpb     $0x58, %al
0x000ec830:  0f 94 c0                 sete     %al
0x000ec833:  0f b6 c0                 movzbl   %al, %eax
0x000ec836:  89 c7                    movl     %eax, %edi
0x000ec838:  8b 03                    movl     (%ebx), %eax
0x000ec83a:  89 44 24 04              movl     %eax, 4(%esp)
0x000ec83e:  0f be 04 24              movsbl   (%esp), %eax
0x000ec842:  84 d2                    testb    %dl, %dl
0x000ec844:  74 2f                    je       0xec875

----------------
IN: 
0x000ec875:  83 c3 04                 addl     $4, %ebx
0x000ec878:  89 1c 24                 movl     %ebx, (%esp)
0x000ec87b:  57                       pushl    %edi
0x000ec87c:  50                       pushl    %eax
0x000ec87d:  8b 54 24 0c              movl     0xc(%esp), %edx
0x000ec881:  89 e8                    movl     %ebp, %eax
0x000ec883:  e8 c3 da ff ff           calll    0xea34b

----------------
IN: 
0x000ea34b:  55                       pushl    %ebp
0x000ea34c:  57                       pushl    %edi
0x000ea34d:  56                       pushl    %esi
0x000ea34e:  53                       pushl    %ebx
0x000ea34f:  83 ec 08                 subl     $8, %esp
0x000ea352:  89 d5                    movl     %edx, %ebp
0x000ea354:  89 cb                    movl     %ecx, %ebx
0x000ea356:  8b 7c 24 20              movl     0x20(%esp), %edi
0x000ea35a:  89 3c 24                 movl     %edi, (%esp)
0x000ea35d:  8a 4c 24 1c              movb     0x1c(%esp), %cl
0x000ea361:  be 01 00 00 00           movl     $1, %esi
0x000ea366:  c1 ea 04                 shrl     $4, %edx
0x000ea369:  74 03                    je       0xea36e

----------------
IN: 
0x000ea36b:  46                       incl     %esi
0x000ea36c:  eb f8                    jmp      0xea366

----------------
IN: 
0x000ea366:  c1 ea 04                 shrl     $4, %edx
0x000ea369:  74 03                    je       0xea36e

----------------
IN: 
0x000ea36e:  29 f3                    subl     %esi, %ebx
0x000ea370:  0f be f9                 movsbl   %cl, %edi
0x000ea373:  85 db                    testl    %ebx, %ebx
0x000ea375:  7e 12                    jle      0xea389

----------------
IN: 
0x000ea389:  8b 0c 24                 movl     (%esp), %ecx
0x000ea38c:  89 4c 24 1c              movl     %ecx, 0x1c(%esp)
0x000ea390:  89 f1                    movl     %esi, %ecx
0x000ea392:  89 ea                    movl     %ebp, %edx
0x000ea394:  83 c4 08                 addl     $8, %esp
0x000ea397:  5b                       popl     %ebx
0x000ea398:  5e                       popl     %esi
0x000ea399:  5f                       popl     %edi
0x000ea39a:  5d                       popl     %ebp
0x000ea39b:  e9 12 ff ff ff           jmp      0xea2b2

----------------
IN: 
0x000ea2b2:  57                       pushl    %edi
0x000ea2b3:  56                       pushl    %esi
0x000ea2b4:  53                       pushl    %ebx
0x000ea2b5:  89 c6                    movl     %eax, %esi
0x000ea2b7:  89 d3                    movl     %edx, %ebx
0x000ea2b9:  8b 7c 24 10              movl     0x10(%esp), %edi
0x000ea2bd:  49                       decl     %ecx
0x000ea2be:  83 f9 06                 cmpl     $6, %ecx
0x000ea2c1:  77 07                    ja       0xea2ca

----------------
IN: 
0x000ea2ca:  c1 ea 1c                 shrl     $0x1c, %edx
0x000ea2cd:  89 f9                    movl     %edi, %ecx
0x000ea2cf:  e8 ba ff ff ff           calll    0xea28e

----------------
IN: 
0x000ea28e:  53                       pushl    %ebx
0x000ea28f:  89 c3                    movl     %eax, %ebx
0x000ea291:  89 d0                    movl     %edx, %eax
0x000ea293:  83 fa 09                 cmpl     $9, %edx
0x000ea296:  77 05                    ja       0xea29d

----------------
IN: 
0x000ea298:  8d 52 30                 leal     0x30(%edx), %edx
0x000ea29b:  eb 0a                    jmp      0xea2a7

----------------
IN: 
0x000ea2a7:  0f be d2                 movsbl   %dl, %edx
0x000ea2aa:  89 d8                    movl     %ebx, %eax
0x000ea2ac:  5b                       popl     %ebx
0x000ea2ad:  e9 89 ff ff ff           jmp      0xea23b

----------------
IN: 
0x000ea2d4:  89 da                    movl     %ebx, %edx
0x000ea2d6:  c1 ea 18                 shrl     $0x18, %edx
0x000ea2d9:  83 e2 0f                 andl     $0xf, %edx
0x000ea2dc:  89 f9                    movl     %edi, %ecx
0x000ea2de:  89 f0                    movl     %esi, %eax
0x000ea2e0:  e8 a9 ff ff ff           calll    0xea28e

----------------
IN: 
0x000ea2e5:  89 da                    movl     %ebx, %edx
0x000ea2e7:  c1 ea 14                 shrl     $0x14, %edx
0x000ea2ea:  83 e2 0f                 andl     $0xf, %edx
0x000ea2ed:  89 f9                    movl     %edi, %ecx
0x000ea2ef:  89 f0                    movl     %esi, %eax
0x000ea2f1:  e8 98 ff ff ff           calll    0xea28e

----------------
IN: 
0x000ea2f6:  89 da                    movl     %ebx, %edx
0x000ea2f8:  c1 ea 10                 shrl     $0x10, %edx
0x000ea2fb:  83 e2 0f                 andl     $0xf, %edx
0x000ea2fe:  89 f9                    movl     %edi, %ecx
0x000ea300:  89 f0                    movl     %esi, %eax
0x000ea302:  e8 87 ff ff ff           calll    0xea28e

----------------
IN: 
0x000ea307:  89 da                    movl     %ebx, %edx
0x000ea309:  c1 ea 0c                 shrl     $0xc, %edx
0x000ea30c:  83 e2 0f                 andl     $0xf, %edx
0x000ea30f:  89 f9                    movl     %edi, %ecx
0x000ea311:  89 f0                    movl     %esi, %eax
0x000ea313:  e8 76 ff ff ff           calll    0xea28e

----------------
IN: 
0x000ea318:  89 da                    movl     %ebx, %edx
0x000ea31a:  c1 ea 08                 shrl     $8, %edx
0x000ea31d:  83 e2 0f                 andl     $0xf, %edx
0x000ea320:  89 f9                    movl     %edi, %ecx
0x000ea322:  89 f0                    movl     %esi, %eax
0x000ea324:  e8 65 ff ff ff           calll    0xea28e

----------------
IN: 
0x000ea329:  89 da                    movl     %ebx, %edx
0x000ea32b:  c1 ea 04                 shrl     $4, %edx
0x000ea32e:  83 e2 0f                 andl     $0xf, %edx
0x000ea331:  89 f9                    movl     %edi, %ecx
0x000ea333:  89 f0                    movl     %esi, %eax
0x000ea335:  e8 54 ff ff ff           calll    0xea28e

----------------
IN: 
0x000ea33a:  83 e3 0f                 andl     $0xf, %ebx
0x000ea33d:  89 da                    movl     %ebx, %edx
0x000ea33f:  89 f9                    movl     %edi, %ecx
0x000ea341:  89 f0                    movl     %esi, %eax
0x000ea343:  5b                       popl     %ebx
0x000ea344:  5e                       popl     %esi
0x000ea345:  5f                       popl     %edi
0x000ea346:  e9 43 ff ff ff           jmp      0xea28e

----------------
IN: 
0x000ec888:  59                       popl     %ecx
0x000ec889:  5b                       popl     %ebx
0x000ec88a:  8b 1c 24                 movl     (%esp), %ebx
0x000ec88d:  eb 53                    jmp      0xec8e2

----------------
IN: 
0x000e8bf5:  ba 8b 40 0f 00           movl     $0xf408b, %edx
0x000e8bfa:  89 f0                    movl     %esi, %eax
0x000e8bfc:  e8 cd 17 00 00           calll    0xea3ce

----------------
IN: 
0x000e8c01:  83 c4 10                 addl     $0x10, %esp
0x000e8c04:  85 c0                    testl    %eax, %eax
0x000e8c06:  75 0a                    jne      0xe8c12

----------------
IN: 
0x000e8c12:  81 c3 00 01 00 00        addl     $0x100, %ebx
0x000e8c18:  eb 84                    jmp      0xe8b9e

----------------
IN: 
0x000e8b9e:  31 f6                    xorl     %esi, %esi
0x000e8ba0:  89 74 24 10              movl     %esi, 0x10(%esp)
0x000e8ba4:  8d 7c 24 1c              leal     0x1c(%esp), %edi
0x000e8ba8:  57                       pushl    %edi
0x000e8ba9:  8d 74 24 1c              leal     0x1c(%esp), %esi
0x000e8bad:  56                       pushl    %esi
0x000e8bae:  8d 4c 24 1c              leal     0x1c(%esp), %ecx
0x000e8bb2:  8d 54 24 18              leal     0x18(%esp), %edx
0x000e8bb6:  89 d8                    movl     %ebx, %eax
0x000e8bb8:  e8 d5 19 00 00           calll    0xea592

----------------
IN: 
0x000e8c1a:  83 3d 94 a1 0e 00 00     cmpl     $0, 0xea194
0x000e8c21:  74 56                    je       0xe8c79

----------------
IN: 
0x000e8c79:  e8 7c 15 00 00           calll    0xea1fa

----------------
IN: 
0x000e8c7e:  85 c0                    testl    %eax, %eax
0x000e8c80:  74 4c                    je       0xe8cce

----------------
IN: 
0x000e8cce:  e8 20 35 ff ff           calll    0xdc1f3

----------------
IN: 
0x000dc1f3:  56                       pushl    %esi
0x000dc1f4:  53                       pushl    %ebx
0x000dc1f5:  56                       pushl    %esi
0x000dc1f6:  8b 1d a4 4c 0f 00        movl     0xf4ca4, %ebx
0x000dc1fc:  85 db                    testl    %ebx, %ebx
0x000dc1fe:  75 68                    jne      0xdc268

----------------
IN: 
0x000dc200:  31 c0                    xorl     %eax, %eax
0x000dc202:  ba 10 05 00 00           movl     $0x510, %edx
0x000dc207:  66 ef                    outw     %ax, %dx

----------------
IN: 
0x000dc209:  31 c9                    xorl     %ecx, %ecx
0x000dc20b:  ba 11 05 00 00           movl     $0x511, %edx
0x000dc210:  ec                       inb      %dx, %al

----------------
IN: 
0x000dc211:  0f b6 c0                 movzbl   %al, %eax
0x000dc214:  0f be b1 fa 1a 0f 00     movsbl   0xf1afa(%ecx), %esi
0x000dc21b:  39 f0                    cmpl     %esi, %eax
0x000dc21d:  75 4e                    jne      0xdc26d

----------------
IN: 
0x000dc21f:  41                       incl     %ecx
0x000dc220:  83 f9 04                 cmpl     $4, %ecx
0x000dc223:  75 eb                    jne      0xdc210

----------------
IN: 
0x000dc210:  ec                       inb      %dx, %al

----------------
IN: 
0x000dc225:  68 ff 1a 0f 00           pushl    $0xf1aff
0x000dc22a:  e8 aa 0c 01 00           calll    0xeced9

----------------
IN: 
0x000dc22f:  c7 05 a4 4c 0f 00 01 00  movl     $1, 0xf4ca4
0x000dc237:  00 00
0x000dc239:  8d 44 24 04              leal     4(%esp), %eax
0x000dc23d:  b9 04 00 00 00           movl     $4, %ecx
0x000dc242:  ba 01 00 00 00           movl     $1, %edx
0x000dc247:  e8 38 0b 01 00           calll    0xecd84

----------------
IN: 
0x000ecd84:  56                       pushl    %esi
0x000ecd85:  53                       pushl    %ebx
0x000ecd86:  89 c3                    movl     %eax, %ebx
0x000ecd88:  89 d0                    movl     %edx, %eax
0x000ecd8a:  83 3d a0 4c 0f 00 00     cmpl     $0, 0xf4ca0
0x000ecd91:  74 13                    je       0xecda6

----------------
IN: 
0x000ecda6:  ba 10 05 00 00           movl     $0x510, %edx
0x000ecdab:  66 ef                    outw     %ax, %dx

----------------
IN: 
0x000ecdad:  89 ca                    movl     %ecx, %edx
0x000ecdaf:  89 d8                    movl     %ebx, %eax
0x000ecdb1:  5b                       popl     %ebx
0x000ecdb2:  5e                       popl     %esi
0x000ecdb3:  e9 a6 ff ff ff           jmp      0xecd5e

----------------
IN: 
0x000ecd5e:  85 d2                    testl    %edx, %edx
0x000ecd60:  74 21                    je       0xecd83

----------------
IN: 
0x000ecd62:  83 3d a0 4c 0f 00 00     cmpl     $0, 0xf4ca0
0x000ecd69:  74 0a                    je       0xecd75

----------------
IN: 
0x000ecd75:  57                       pushl    %edi
0x000ecd76:  89 d1                    movl     %edx, %ecx
0x000ecd78:  89 c7                    movl     %eax, %edi
0x000ecd7a:  ba 11 05 00 00           movl     $0x511, %edx
0x000ecd7f:  f3 6c                    rep insb %dx, %es:(%edi)

----------------
IN: 
0x000ecd81:  5f                       popl     %edi
0x000ecd82:  c3                       retl     

----------------
IN: 
0x000dc24c:  5b                       popl     %ebx
0x000dc24d:  f6 04 24 02              testb    $2, (%esp)
0x000dc251:  74 15                    je       0xdc268

----------------
IN: 
0x000dc253:  68 12 1b 0f 00           pushl    $0xf1b12
0x000dc258:  e8 7c 0c 01 00           calll    0xeced9

----------------
IN: 
0x000dc25d:  c7 05 a0 4c 0f 00 01 00  movl     $1, 0xf4ca0
0x000dc265:  00 00
0x000dc267:  59                       popl     %ecx
0x000dc268:  bb 01 00 00 00           movl     $1, %ebx
0x000dc26d:  89 d8                    movl     %ebx, %eax
0x000dc26f:  5a                       popl     %edx
0x000dc270:  5b                       popl     %ebx
0x000dc271:  5e                       popl     %esi
0x000dc272:  c3                       retl     

----------------
IN: 
0x000e8cd3:  85 c0                    testl    %eax, %eax
0x000e8cd5:  0f 84 8c 01 00 00        je       0xe8e67

----------------
IN: 
0x000e8cdb:  b9 04 00 00 00           movl     $4, %ecx
0x000e8ce0:  ba 19 00 00 00           movl     $0x19, %edx
0x000e8ce5:  89 f0                    movl     %esi, %eax
0x000e8ce7:  e8 98 40 00 00           calll    0xecd84

----------------
IN: 
0x000ecd93:  c1 e0 10                 shll     $0x10, %eax
0x000ecd96:  83 c8 0a                 orl      $0xa, %eax
0x000ecd99:  89 ca                    movl     %ecx, %edx
0x000ecd9b:  89 c1                    movl     %eax, %ecx
0x000ecd9d:  89 d8                    movl     %ebx, %eax
0x000ecd9f:  5b                       popl     %ebx
0x000ecda0:  5e                       popl     %esi
0x000ecda1:  e9 64 ff ff ff           jmp      0xecd0a

----------------
IN: 
0x000ecd0a:  56                       pushl    %esi
0x000ecd0b:  53                       pushl    %ebx
0x000ecd0c:  83 ec 10                 subl     $0x10, %esp
0x000ecd0f:  89 d6                    movl     %edx, %esi
0x000ecd11:  89 cb                    movl     %ecx, %ebx
0x000ecd13:  31 d2                    xorl     %edx, %edx
0x000ecd15:  e8 3f de ff ff           calll    0xeab59

----------------
IN: 
0x000eab59:  89 d1                    movl     %edx, %ecx
0x000eab5b:  0f c9                    bswapl   %ecx
0x000eab5d:  89 c2                    movl     %eax, %edx
0x000eab5f:  0f ca                    bswapl   %edx
0x000eab61:  89 c8                    movl     %ecx, %eax
0x000eab63:  c3                       retl     

----------------
IN: 
0x000ecd1a:  89 44 24 08              movl     %eax, 8(%esp)
0x000ecd1e:  89 54 24 0c              movl     %edx, 0xc(%esp)
0x000ecd22:  89 f0                    movl     %esi, %eax
0x000ecd24:  e8 74 e2 ff ff           calll    0xeaf9d

----------------
IN: 
0x000eaf9d:  0f c8                    bswapl   %eax
0x000eaf9f:  c3                       retl     

----------------
IN: 
0x000ecd29:  89 44 24 04              movl     %eax, 4(%esp)
0x000ecd2d:  89 d8                    movl     %ebx, %eax
0x000ecd2f:  e8 69 e2 ff ff           calll    0xeaf9d

----------------
IN: 
0x000ecd34:  89 04 24                 movl     %eax, (%esp)
0x000ecd37:  89 e0                    movl     %esp, %eax
0x000ecd39:  e8 5f e2 ff ff           calll    0xeaf9d

----------------
IN: 
0x000ecd3e:  ba 18 05 00 00           movl     $0x518, %edx
0x000ecd43:  ef                       outl     %eax, %dx

----------------
IN: 
0x000ecd44:  8b 04 24                 movl     (%esp), %eax
0x000ecd47:  e8 51 e2 ff ff           calll    0xeaf9d

----------------
IN: 
0x000ecd4c:  83 f8 01                 cmpl     $1, %eax
0x000ecd4f:  76 07                    jbe      0xecd58

----------------
IN: 
0x000ecd58:  83 c4 10                 addl     $0x10, %esp
0x000ecd5b:  5b                       popl     %ebx
0x000ecd5c:  5e                       popl     %esi
0x000ecd5d:  c3                       retl     

----------------
IN: 
0x000e8cec:  8b 44 24 18              movl     0x18(%esp), %eax
0x000e8cf0:  e8 a8 22 00 00           calll    0xeaf9d

----------------
IN: 
0x000e8cf5:  89 44 24 18              movl     %eax, 0x18(%esp)
0x000e8cf9:  31 db                    xorl     %ebx, %ebx
0x000e8cfb:  3b 5c 24 18              cmpl     0x18(%esp), %ebx
0x000e8cff:  73 31                    jae      0xe8d32

----------------
IN: 
0x000e8d01:  8d 44 24 30              leal     0x30(%esp), %eax
0x000e8d05:  ba 40 00 00 00           movl     $0x40, %edx
0x000e8d0a:  e8 4f 40 00 00           calll    0xecd5e

----------------
IN: 
0x000ecd6b:  b9 02 00 00 00           movl     $2, %ecx
0x000ecd70:  e9 95 ff ff ff           jmp      0xecd0a

----------------
IN: 
0x000e8d0f:  8d 44 24 38              leal     0x38(%esp), %eax
0x000e8d13:  b9 09 00 00 00           movl     $9, %ecx
0x000e8d18:  ba bc 1f 0f 00           movl     $0xf1fbc, %edx
0x000e8d1d:  e8 8b 16 00 00           calll    0xea3ad

----------------
IN: 
0x000ea3ad:  01 c1                    addl     %eax, %ecx
0x000ea3af:  39 c8                    cmpl     %ecx, %eax
0x000ea3b1:  75 03                    jne      0xea3b6

----------------
IN: 
0x000ea3b6:  53                       pushl    %ebx
0x000ea3b7:  8a 1a                    movb     (%edx), %bl
0x000ea3b9:  38 18                    cmpb     %bl, (%eax)
0x000ea3bb:  74 07                    je       0xea3c4

----------------
IN: 
0x000ea3bd:  19 c0                    sbbl     %eax, %eax
0x000ea3bf:  83 c8 01                 orl      $1, %eax
0x000ea3c2:  eb 08                    jmp      0xea3cc

----------------
IN: 
0x000ea3cc:  5b                       popl     %ebx
0x000ea3cd:  c3                       retl     

----------------
IN: 
0x000e8d22:  85 c0                    testl    %eax, %eax
0x000e8d24:  74 03                    je       0xe8d29

----------------
IN: 
0x000e8d26:  43                       incl     %ebx
0x000e8d27:  eb d2                    jmp      0xe8cfb

----------------
IN: 
0x000e8cfb:  3b 5c 24 18              cmpl     0x18(%esp), %ebx
0x000e8cff:  73 31                    jae      0xe8d32

----------------
IN: 
0x000ea3c4:  40                       incl     %eax
0x000ea3c5:  42                       incl     %edx
0x000ea3c6:  39 c8                    cmpl     %ecx, %eax
0x000ea3c8:  75 ed                    jne      0xea3b7

----------------
IN: 
0x000ea3b7:  8a 1a                    movb     (%edx), %bl
0x000ea3b9:  38 18                    cmpb     %bl, (%eax)
0x000ea3bb:  74 07                    je       0xea3c4

----------------
IN: 
0x000ea3ca:  31 c0                    xorl     %eax, %eax
0x000ea3cc:  5b                       popl     %ebx
0x000ea3cd:  c3                       retl     

----------------
IN: 
0x000e8d29:  8b 54 24 34              movl     0x34(%esp), %edx
0x000e8d2d:  66 85 d2                 testw    %dx, %dx
0x000e8d30:  75 10                    jne      0xe8d42

----------------
IN: 
0x000e8d42:  8b 44 24 30              movl     0x30(%esp), %eax
0x000e8d46:  e8 52 22 00 00           calll    0xeaf9d

----------------
IN: 
0x000e8d4b:  89 c1                    movl     %eax, %ecx
0x000e8d4d:  89 d0                    movl     %edx, %eax
0x000e8d4f:  86 e0                    xchgb    %ah, %al
0x000e8d51:  ba 10 05 00 00           movl     $0x510, %edx
0x000e8d56:  66 ef                    outw     %ax, %dx

----------------
IN: 
0x000e8d58:  bb 14 00 00 00           movl     $0x14, %ebx
0x000e8d5d:  89 c8                    movl     %ecx, %eax
0x000e8d5f:  31 d2                    xorl     %edx, %edx
0x000e8d61:  f7 f3                    divl     %ebx
0x000e8d63:  89 44 24 18              movl     %eax, 0x18(%esp)
0x000e8d67:  31 ed                    xorl     %ebp, %ebp
0x000e8d69:  3b 6c 24 18              cmpl     0x18(%esp), %ebp
0x000e8d6d:  0f 83 5a 01 00 00        jae      0xe8ecd

----------------
IN: 
0x000e8d73:  8d 44 24 1c              leal     0x1c(%esp), %eax
0x000e8d77:  ba 14 00 00 00           movl     $0x14, %edx
0x000e8d7c:  e8 dd 3f 00 00           calll    0xecd5e

----------------
IN: 
0x000e8d81:  8b 44 24 2c              movl     0x2c(%esp), %eax
0x000e8d85:  83 f8 01                 cmpl     $1, %eax
0x000e8d88:  74 42                    je       0xe8dcc

----------------
IN: 
0x000e8d8a:  83 f8 02                 cmpl     $2, %eax
0x000e8d8d:  0f 85 ce 00 00 00        jne      0xe8e61

----------------
IN: 
0x000e8d93:  6a 02                    pushl    $2
0x000e8d95:  ff 74 24 2c              pushl    0x2c(%esp)
0x000e8d99:  ff 74 24 2c              pushl    0x2c(%esp)
0x000e8d9d:  8b 44 24 28              movl     0x28(%esp), %eax
0x000e8da1:  8b 54 24 2c              movl     0x2c(%esp), %edx
0x000e8da5:  e8 db fc fe ff           calll    0xd8a85

----------------
IN: 
0x000d8a85:  57                       pushl    %edi
0x000d8a86:  56                       pushl    %esi
0x000d8a87:  89 c6                    movl     %eax, %esi
0x000d8a89:  89 d7                    movl     %edx, %edi
0x000d8a8b:  8b 4c 24 0c              movl     0xc(%esp), %ecx
0x000d8a8f:  8b 54 24 10              movl     0x10(%esp), %edx
0x000d8a93:  8b 44 24 14              movl     0x14(%esp), %eax
0x000d8a97:  85 d2                    testl    %edx, %edx
0x000d8a99:  75 04                    jne      0xd8a9f

----------------
IN: 
0x000d8a9f:  89 44 24 14              movl     %eax, 0x14(%esp)
0x000d8aa3:  89 4c 24 0c              movl     %ecx, 0xc(%esp)
0x000d8aa7:  89 54 24 10              movl     %edx, 0x10(%esp)
0x000d8aab:  89 f0                    movl     %esi, %eax
0x000d8aad:  89 fa                    movl     %edi, %edx
0x000d8aaf:  5e                       popl     %esi
0x000d8ab0:  5f                       popl     %edi
0x000d8ab1:  e9 0b fe ff ff           jmp      0xd88c1

----------------
IN: 
0x000d88c1:  55                       pushl    %ebp
0x000d88c2:  57                       pushl    %edi
0x000d88c3:  56                       pushl    %esi
0x000d88c4:  53                       pushl    %ebx
0x000d88c5:  83 ec 24                 subl     $0x24, %esp
0x000d88c8:  89 44 24 04              movl     %eax, 4(%esp)
0x000d88cc:  89 54 24 08              movl     %edx, 8(%esp)
0x000d88d0:  8b 44 24 38              movl     0x38(%esp), %eax
0x000d88d4:  8b 54 24 3c              movl     0x3c(%esp), %edx
0x000d88d8:  89 44 24 14              movl     %eax, 0x14(%esp)
0x000d88dc:  89 54 24 18              movl     %edx, 0x18(%esp)
0x000d88e0:  8b 44 24 40              movl     0x40(%esp), %eax
0x000d88e4:  89 44 24 1c              movl     %eax, 0x1c(%esp)
0x000d88e8:  8b 35 e4 55 0f 00        movl     0xf55e4, %esi
0x000d88ee:  31 c0                    xorl     %eax, %eax
0x000d88f0:  89 04 24                 movl     %eax, (%esp)
0x000d88f3:  39 34 24                 cmpl     %esi, (%esp)
0x000d88f6:  0f 8d 4b 01 00 00        jge      0xd8a47

----------------
IN: 
0x000d8a47:  83 7c 24 1c ff           cmpl     $-1, 0x1c(%esp)
0x000d8a4c:  74 2f                    je       0xd8a7d

----------------
IN: 
0x000d8a4e:  8b 44 24 1c              movl     0x1c(%esp), %eax
0x000d8a52:  89 44 24 40              movl     %eax, 0x40(%esp)
0x000d8a56:  8b 44 24 14              movl     0x14(%esp), %eax
0x000d8a5a:  8b 54 24 18              movl     0x18(%esp), %edx
0x000d8a5e:  89 44 24 38              movl     %eax, 0x38(%esp)
0x000d8a62:  89 54 24 3c              movl     %edx, 0x3c(%esp)
0x000d8a66:  8b 54 24 04              movl     4(%esp), %edx
0x000d8a6a:  8b 4c 24 08              movl     8(%esp), %ecx
0x000d8a6e:  8b 04 24                 movl     (%esp), %eax
0x000d8a71:  83 c4 24                 addl     $0x24, %esp
0x000d8a74:  5b                       popl     %ebx
0x000d8a75:  5e                       popl     %esi
0x000d8a76:  5f                       popl     %edi
0x000d8a77:  5d                       popl     %ebp
0x000d8a78:  e9 a8 fd ff ff           jmp      0xd8825

----------------
IN: 
0x000d8825:  55                       pushl    %ebp
0x000d8826:  57                       pushl    %edi
0x000d8827:  56                       pushl    %esi
0x000d8828:  53                       pushl    %ebx
0x000d8829:  83 ec 10                 subl     $0x10, %esp
0x000d882c:  8b 7c 24 24              movl     0x24(%esp), %edi
0x000d8830:  8b 6c 24 28              movl     0x28(%esp), %ebp
0x000d8834:  89 3c 24                 movl     %edi, (%esp)
0x000d8837:  89 6c 24 04              movl     %ebp, 4(%esp)
0x000d883b:  8b 7c 24 2c              movl     0x2c(%esp), %edi
0x000d883f:  8b 1d e4 55 0f 00        movl     0xf55e4, %ebx
0x000d8845:  83 fb 7f                 cmpl     $0x7f, %ebx
0x000d8848:  7e 16                    jle      0xd8860

----------------
IN: 
0x000d8860:  89 54 24 08              movl     %edx, 8(%esp)
0x000d8864:  89 4c 24 0c              movl     %ecx, 0xc(%esp)
0x000d8868:  6b f0 14                 imull    $0x14, %eax, %esi
0x000d886b:  89 d9                    movl     %ebx, %ecx
0x000d886d:  29 c1                    subl     %eax, %ecx
0x000d886f:  6b c9 14                 imull    $0x14, %ecx, %ecx
0x000d8872:  8d ae 00 56 0f 00        leal     0xf5600(%esi), %ebp
0x000d8878:  8d 86 14 56 0f 00        leal     0xf5614(%esi), %eax
0x000d887e:  89 ea                    movl     %ebp, %edx
0x000d8880:  e8 3d f7 ff ff           calll    0xd7fc2

----------------
IN: 
0x000d7fc2:  57                       pushl    %edi
0x000d7fc3:  56                       pushl    %esi
0x000d7fc4:  89 d6                    movl     %edx, %esi
0x000d7fc6:  39 c2                    cmpl     %eax, %edx
0x000d7fc8:  72 06                    jb       0xd7fd0

----------------
IN: 
0x000d7fd0:  85 c9                    testl    %ecx, %ecx
0x000d7fd2:  74 09                    je       0xd7fdd

----------------
IN: 
0x000d7fdd:  5e                       popl     %esi
0x000d7fde:  5f                       popl     %edi
0x000d7fdf:  c3                       retl     

----------------
IN: 
0x000d8885:  43                       incl     %ebx
0x000d8886:  89 1d e4 55 0f 00        movl     %ebx, 0xf55e4
0x000d888c:  8b 44 24 08              movl     8(%esp), %eax
0x000d8890:  8b 54 24 0c              movl     0xc(%esp), %edx
0x000d8894:  89 86 00 56 0f 00        movl     %eax, 0xf5600(%esi)
0x000d889a:  89 96 04 56 0f 00        movl     %edx, 0xf5604(%esi)
0x000d88a0:  8b 04 24                 movl     (%esp), %eax
0x000d88a3:  8b 54 24 04              movl     4(%esp), %edx
0x000d88a7:  89 86 08 56 0f 00        movl     %eax, 0xf5608(%esi)
0x000d88ad:  89 96 0c 56 0f 00        movl     %edx, 0xf560c(%esi)
0x000d88b3:  89 be 10 56 0f 00        movl     %edi, 0xf5610(%esi)
0x000d88b9:  83 c4 10                 addl     $0x10, %esp
0x000d88bc:  5b                       popl     %ebx
0x000d88bd:  5e                       popl     %esi
0x000d88be:  5f                       popl     %edi
0x000d88bf:  5d                       popl     %ebp
0x000d88c0:  c3                       retl     

----------------
IN: 
0x000e8daa:  ff 74 24 34              pushl    0x34(%esp)
0x000e8dae:  ff 74 24 34              pushl    0x34(%esp)
0x000e8db2:  ff 74 24 34              pushl    0x34(%esp)
0x000e8db6:  ff 74 24 34              pushl    0x34(%esp)
0x000e8dba:  68 09 41 0f 00           pushl    $0xf4109
0x000e8dbf:  e8 15 41 00 00           calll    0xeced9

----------------
IN: 
0x000ec6c6:  85 c9                    testl    %ecx, %ecx
0x000ec6c8:  75 04                    jne      0xec6ce

----------------
IN: 
0x000ec6ca:  3c 30                    cmpb     $0x30, %al
0x000ec6cc:  74 09                    je       0xec6d7

----------------
IN: 
0x000ec6d7:  c6 04 24 30              movb     $0x30, (%esp)
0x000ec6db:  31 c9                    xorl     %ecx, %ecx
0x000ec6dd:  46                       incl     %esi
0x000ec6de:  eb db                    jmp      0xec6bb

----------------
IN: 
0x000ec6bb:  0f b6 06                 movzbl   (%esi), %eax
0x000ec6be:  8d 50 d0                 leal     -0x30(%eax), %edx
0x000ec6c1:  80 fa 09                 cmpb     $9, %dl
0x000ec6c4:  77 1a                    ja       0xec6e0

----------------
IN: 
0x000ec6ce:  6b c9 0a                 imull    $0xa, %ecx, %ecx
0x000ec6d1:  8d 4c 01 d0              leal     -0x30(%ecx, %eax), %ecx
0x000ec6d5:  eb 06                    jmp      0xec6dd

----------------
IN: 
0x000ec6dd:  46                       incl     %esi
0x000ec6de:  eb db                    jmp      0xec6bb

----------------
IN: 
0x000ec6e6:  8a 46 01                 movb     1(%esi), %al
0x000ec6e9:  3c 6c                    cmpb     $0x6c, %al
0x000ec6eb:  74 03                    je       0xec6f0

----------------
IN: 
0x000ec6f0:  8a 46 02                 movb     2(%esi), %al
0x000ec6f3:  83 c6 02                 addl     $2, %esi
0x000ec6f6:  b2 01                    movb     $1, %dl
0x000ec6f8:  3c 64                    cmpb     $0x64, %al
0x000ec6fa:  74 68                    je       0xec764

----------------
IN: 
0x000ec846:  8d 53 08                 leal     8(%ebx), %edx
0x000ec849:  89 14 24                 movl     %edx, (%esp)
0x000ec84c:  8b 53 04                 movl     4(%ebx), %edx
0x000ec84f:  85 d2                    testl    %edx, %edx
0x000ec851:  74 28                    je       0xec87b

----------------
IN: 
0x000ec853:  83 e9 08                 subl     $8, %ecx
0x000ec856:  57                       pushl    %edi
0x000ec857:  50                       pushl    %eax
0x000ec858:  89 e8                    movl     %ebp, %eax
0x000ec85a:  e8 ec da ff ff           calll    0xea34b

----------------
IN: 
0x000ea377:  4b                       decl     %ebx
0x000ea378:  89 fa                    movl     %edi, %edx
0x000ea37a:  89 44 24 04              movl     %eax, 4(%esp)
0x000ea37e:  e8 b8 fe ff ff           calll    0xea23b

----------------
IN: 
0x000ea383:  8b 44 24 04              movl     4(%esp), %eax
0x000ea387:  eb ea                    jmp      0xea373

----------------
IN: 
0x000ea373:  85 db                    testl    %ebx, %ebx
0x000ea375:  7e 12                    jle      0xea389

----------------
IN: 
0x000ea2c3:  ff 24 8d 78 43 0f 00     jmpl     *0xf4378(, %ecx, 4)

----------------
IN: 
0x000ea29d:  8d 52 57                 leal     0x57(%edx), %edx
0x000ea2a0:  85 c9                    testl    %ecx, %ecx
0x000ea2a2:  74 03                    je       0xea2a7

----------------
IN: 
0x000ec85f:  57                       pushl    %edi
0x000ec860:  b9 08 00 00 00           movl     $8, %ecx
0x000ec865:  8b 54 24 10              movl     0x10(%esp), %edx
0x000ec869:  89 e8                    movl     %ebp, %eax
0x000ec86b:  e8 42 da ff ff           calll    0xea2b2

----------------
IN: 
0x000ec870:  83 c4 0c                 addl     $0xc, %esp
0x000ec873:  eb 15                    jmp      0xec88a

----------------
IN: 
0x000ec88a:  8b 1c 24                 movl     (%esp), %ebx
0x000ec88d:  eb 53                    jmp      0xec8e2

----------------
IN: 
0x000e8dc4:  83 c4 20                 addl     $0x20, %esp
0x000e8dc7:  e9 95 00 00 00           jmp      0xe8e61

----------------
IN: 
0x000e8e61:  45                       incl     %ebp
0x000e8e62:  e9 02 ff ff ff           jmp      0xe8d69

----------------
IN: 
0x000e8d69:  3b 6c 24 18              cmpl     0x18(%esp), %ebp
0x000e8d6d:  0f 83 5a 01 00 00        jae      0xe8ecd

----------------
IN: 
0x000e8dcc:  6a 01                    pushl    $1
0x000e8dce:  ff 74 24 2c              pushl    0x2c(%esp)
0x000e8dd2:  ff 74 24 2c              pushl    0x2c(%esp)
0x000e8dd6:  8b 44 24 28              movl     0x28(%esp), %eax
0x000e8dda:  8b 54 24 2c              movl     0x2c(%esp), %edx
0x000e8dde:  e8 a2 fc fe ff           calll    0xd8a85

----------------
IN: 
0x000d8a9b:  85 c9                    testl    %ecx, %ecx
0x000d8a9d:  74 17                    je       0xd8ab6

----------------
IN: 
0x000d88fc:  6b 0c 24 14              imull    $0x14, (%esp), %ecx
0x000d8900:  8b 81 00 56 0f 00        movl     0xf5600(%ecx), %eax
0x000d8906:  8b 91 04 56 0f 00        movl     0xf5604(%ecx), %edx
0x000d890c:  89 c7                    movl     %eax, %edi
0x000d890e:  89 d5                    movl     %edx, %ebp
0x000d8910:  03 b9 08 56 0f 00        addl     0xf5608(%ecx), %edi
0x000d8916:  13 a9 0c 56 0f 00        adcl     0xf560c(%ecx), %ebp
0x000d891c:  89 7c 24 0c              movl     %edi, 0xc(%esp)
0x000d8920:  89 6c 24 10              movl     %ebp, 0x10(%esp)
0x000d8924:  8b 5c 24 04              movl     4(%esp), %ebx
0x000d8928:  39 5c 24 0c              cmpl     %ebx, 0xc(%esp)
0x000d892c:  8b 5c 24 10              movl     0x10(%esp), %ebx
0x000d8930:  1b 5c 24 08              sbbl     8(%esp), %ebx
0x000d8934:  73 05                    jae      0xd893b

----------------
IN: 
0x000d893b:  8b 7c 24 14              movl     0x14(%esp), %edi
0x000d893f:  8b 6c 24 18              movl     0x18(%esp), %ebp
0x000d8943:  03 7c 24 04              addl     4(%esp), %edi
0x000d8947:  13 6c 24 08              adcl     8(%esp), %ebp
0x000d894b:  3b 44 24 04              cmpl     4(%esp), %eax
0x000d894f:  89 d6                    movl     %edx, %esi
0x000d8951:  1b 74 24 08              sbbl     8(%esp), %esi
0x000d8955:  73 77                    jae      0xd89ce

----------------
IN: 
0x000d89ce:  6b 34 24 14              imull    $0x14, (%esp), %esi
0x000d89d2:  8b 04 24                 movl     (%esp), %eax
0x000d89d5:  3b 05 e4 55 0f 00        cmpl     0xf55e4, %eax
0x000d89db:  7d 6a                    jge      0xd8a47

----------------
IN: 
0x000d89dd:  8b 86 00 56 0f 00        movl     0xf5600(%esi), %eax
0x000d89e3:  8b 96 04 56 0f 00        movl     0xf5604(%esi), %edx
0x000d89e9:  39 c7                    cmpl     %eax, %edi
0x000d89eb:  89 e9                    movl     %ebp, %ecx
0x000d89ed:  19 d1                    sbbl     %edx, %ecx
0x000d89ef:  72 56                    jb       0xd8a47

----------------
IN: 
0x000d7fd4:  49                       decl     %ecx
0x000d7fd5:  8a 14 0e                 movb     (%esi, %ecx), %dl
0x000d7fd8:  88 14 08                 movb     %dl, (%eax, %ecx)
0x000d7fdb:  eb f3                    jmp      0xd7fd0

----------------
IN: 
0x000e8de3:  ff 74 24 34              pushl    0x34(%esp)
0x000e8de7:  ff 74 24 34              pushl    0x34(%esp)
0x000e8deb:  ff 74 24 34              pushl    0x34(%esp)
0x000e8def:  ff 74 24 34              pushl    0x34(%esp)
0x000e8df3:  68 3d 41 0f 00           pushl    $0xf413d
0x000e8df8:  e8 dc 40 00 00           calll    0xeced9

----------------
IN: 
0x000ec87b:  57                       pushl    %edi
0x000ec87c:  50                       pushl    %eax
0x000ec87d:  8b 54 24 0c              movl     0xc(%esp), %edx
0x000ec881:  89 e8                    movl     %ebp, %eax
0x000ec883:  e8 c3 da ff ff           calll    0xea34b

----------------
IN: 
0x000e8dfd:  8b 4c 24 3c              movl     0x3c(%esp), %ecx
0x000e8e01:  8b 5c 24 40              movl     0x40(%esp), %ebx
0x000e8e05:  8b 44 24 44              movl     0x44(%esp), %eax
0x000e8e09:  8b 54 24 48              movl     0x48(%esp), %edx
0x000e8e0d:  89 44 24 20              movl     %eax, 0x20(%esp)
0x000e8e11:  89 54 24 24              movl     %edx, 0x24(%esp)
0x000e8e15:  89 c8                    movl     %ecx, %eax
0x000e8e17:  89 da                    movl     %ebx, %edx
0x000e8e19:  03 44 24 20              addl     0x20(%esp), %eax
0x000e8e1d:  13 54 24 24              adcl     0x24(%esp), %edx
0x000e8e21:  83 c4 20                 addl     $0x20, %esp
0x000e8e24:  83 fb 00                 cmpl     $0, %ebx
0x000e8e27:  77 18                    ja       0xe8e41

----------------
IN: 
0x000e8e29:  31 ff                    xorl     %edi, %edi
0x000e8e2b:  39 05 a8 a1 0e 00        cmpl     %eax, 0xea1a8
0x000e8e31:  19 d7                    sbbl     %edx, %edi
0x000e8e33:  73 2c                    jae      0xe8e61

----------------
IN: 
0x000e8e35:  8b 04 24                 movl     (%esp), %eax
0x000e8e38:  01 c8                    addl     %ecx, %eax
0x000e8e3a:  a3 a8 a1 0e 00           movl     %eax, 0xea1a8
0x000e8e3f:  eb 20                    jmp      0xe8e61

----------------
IN: 
0x000e8ecd:  6a 02                    pushl    $2
0x000e8ecf:  6a 00                    pushl    $0
0x000e8ed1:  68 00 00 04 00           pushl    $0x40000
0x000e8ed6:  b8 00 00 fc ff           movl     $0xfffc0000, %eax
0x000e8edb:  31 d2                    xorl     %edx, %edx
0x000e8edd:  e8 df f9 fe ff           calll    0xd88c1

----------------
IN: 
0x000d8936:  ff 04 24                 incl     (%esp)
0x000d8939:  eb b8                    jmp      0xd88f3

----------------
IN: 
0x000d88f3:  39 34 24                 cmpl     %esi, (%esp)
0x000d88f6:  0f 8d 4b 01 00 00        jge      0xd8a47

----------------
IN: 
0x000e8ee2:  83 c4 0c                 addl     $0xc, %esp
0x000e8ee5:  6a ff                    pushl    $-1
0x000e8ee7:  6a 00                    pushl    $0
0x000e8ee9:  68 00 00 05 00           pushl    $0x50000
0x000e8eee:  b8 00 00 0a 00           movl     $0xa0000, %eax
0x000e8ef3:  31 d2                    xorl     %edx, %edx
0x000e8ef5:  e8 c7 f9 fe ff           calll    0xd88c1

----------------
IN: 
0x000d8957:  8b 99 10 56 0f 00        movl     0xf5610(%ecx), %ebx
0x000d895d:  89 5c 24 20              movl     %ebx, 0x20(%esp)
0x000d8961:  8b 5c 24 1c              movl     0x1c(%esp), %ebx
0x000d8965:  39 5c 24 20              cmpl     %ebx, 0x20(%esp)
0x000d8969:  75 1a                    jne      0xd8985

----------------
IN: 
0x000d8985:  8b 5c 24 04              movl     4(%esp), %ebx
0x000d8989:  8b 74 24 08              movl     8(%esp), %esi
0x000d898d:  29 c3                    subl     %eax, %ebx
0x000d898f:  19 d6                    sbbl     %edx, %esi
0x000d8991:  89 99 08 56 0f 00        movl     %ebx, 0xf5608(%ecx)
0x000d8997:  89 b1 0c 56 0f 00        movl     %esi, 0xf560c(%ecx)
0x000d899d:  ff 04 24                 incl     (%esp)
0x000d89a0:  3b 7c 24 0c              cmpl     0xc(%esp), %edi
0x000d89a4:  89 e8                    movl     %ebp, %eax
0x000d89a6:  1b 44 24 10              sbbl     0x10(%esp), %eax
0x000d89aa:  73 22                    jae      0xd89ce

----------------
IN: 
0x000d89ac:  ff 74 24 20              pushl    0x20(%esp)
0x000d89b0:  8b 44 24 10              movl     0x10(%esp), %eax
0x000d89b4:  8b 54 24 14              movl     0x14(%esp), %edx
0x000d89b8:  29 f8                    subl     %edi, %eax
0x000d89ba:  19 ea                    sbbl     %ebp, %edx
0x000d89bc:  52                       pushl    %edx
0x000d89bd:  50                       pushl    %eax
0x000d89be:  89 fa                    movl     %edi, %edx
0x000d89c0:  89 e9                    movl     %ebp, %ecx
0x000d89c2:  8b 44 24 0c              movl     0xc(%esp), %eax
0x000d89c6:  e8 5a fe ff ff           calll    0xd8825

----------------
IN: 
0x000d89cb:  83 c4 0c                 addl     $0xc, %esp
0x000d89ce:  6b 34 24 14              imull    $0x14, (%esp), %esi
0x000d89d2:  8b 04 24                 movl     (%esp), %eax
0x000d89d5:  3b 05 e4 55 0f 00        cmpl     0xf55e4, %eax
0x000d89db:  7d 6a                    jge      0xd8a47

----------------
IN: 
0x000d89f1:  03 86 08 56 0f 00        addl     0xf5608(%esi), %eax
0x000d89f7:  13 96 0c 56 0f 00        adcl     0xf560c(%esi), %edx
0x000d89fd:  39 c7                    cmpl     %eax, %edi
0x000d89ff:  89 e9                    movl     %ebp, %ecx
0x000d8a01:  19 d1                    sbbl     %edx, %ecx
0x000d8a03:  72 0a                    jb       0xd8a0f

----------------
IN: 
0x000d8a0f:  89 be 00 56 0f 00        movl     %edi, 0xf5600(%esi)
0x000d8a15:  89 ae 04 56 0f 00        movl     %ebp, 0xf5604(%esi)
0x000d8a1b:  29 f8                    subl     %edi, %eax
0x000d8a1d:  19 ea                    sbbl     %ebp, %edx
0x000d8a1f:  89 86 08 56 0f 00        movl     %eax, 0xf5608(%esi)
0x000d8a25:  89 96 0c 56 0f 00        movl     %edx, 0xf560c(%esi)
0x000d8a2b:  8b 4c 24 1c              movl     0x1c(%esp), %ecx
0x000d8a2f:  3b 8e 10 56 0f 00        cmpl     0xf5610(%esi), %ecx
0x000d8a35:  75 10                    jne      0xd8a47

----------------
IN: 
0x000d8a7d:  83 c4 24                 addl     $0x24, %esp
0x000d8a80:  5b                       popl     %ebx
0x000d8a81:  5e                       popl     %esi
0x000d8a82:  5f                       popl     %edi
0x000d8a83:  5d                       popl     %ebp
0x000d8a84:  c3                       retl     

----------------
IN: 
0x000e8efa:  6a 02                    pushl    $2
0x000e8efc:  6a 00                    pushl    $0
0x000e8efe:  68 00 00 01 00           pushl    $0x10000
0x000e8f03:  b8 00 00 0f 00           movl     $0xf0000, %eax
0x000e8f08:  31 d2                    xorl     %edx, %edx
0x000e8f0a:  e8 b2 f9 fe ff           calll    0xd88c1

----------------
IN: 
0x000e8f0f:  a1 e4 55 0f 00           movl     0xf55e4, %eax
0x000e8f14:  8d 78 ff                 leal     -1(%eax), %edi
0x000e8f17:  83 c4 18                 addl     $0x18, %esp
0x000e8f1a:  31 f6                    xorl     %esi, %esi
0x000e8f1c:  31 db                    xorl     %ebx, %ebx
0x000e8f1e:  85 ff                    testl    %edi, %edi
0x000e8f20:  0f 88 a4 00 00 00        js       0xe8fca

----------------
IN: 
0x000e8f26:  6b cf 14                 imull    $0x14, %edi, %ecx
0x000e8f29:  8b 81 00 56 0f 00        movl     0xf5600(%ecx), %eax
0x000e8f2f:  8b 91 04 56 0f 00        movl     0xf5604(%ecx), %edx
0x000e8f35:  89 44 24 08              movl     %eax, 8(%esp)
0x000e8f39:  89 54 24 0c              movl     %edx, 0xc(%esp)
0x000e8f3d:  03 81 08 56 0f 00        addl     0xf5608(%ecx), %eax
0x000e8f43:  13 91 0c 56 0f 00        adcl     0xf560c(%ecx), %edx
0x000e8f49:  89 04 24                 movl     %eax, (%esp)
0x000e8f4c:  89 54 24 04              movl     %edx, 4(%esp)
0x000e8f50:  bd ff ff 0f 00           movl     $0xfffff, %ebp
0x000e8f55:  3b 2c 24                 cmpl     (%esp), %ebp
0x000e8f58:  bd 00 00 00 00           movl     $0, %ebp
0x000e8f5d:  1b 6c 24 04              sbbl     4(%esp), %ebp
0x000e8f61:  73 67                    jae      0xe8fca

----------------
IN: 
0x000e8f63:  83 b9 10 56 0f 00 01     cmpl     $1, 0xf5610(%ecx)
0x000e8f6a:  75 58                    jne      0xe8fc4

----------------
IN: 
0x000e8fc4:  4f                       decl     %edi
0x000e8fc5:  e9 54 ff ff ff           jmp      0xe8f1e

----------------
IN: 
0x000e8f1e:  85 ff                    testl    %edi, %edi
0x000e8f20:  0f 88 a4 00 00 00        js       0xe8fca

----------------
IN: 
0x000e8f6c:  83 7c 24 04 00           cmpl     $0, 4(%esp)
0x000e8f71:  77 51                    ja       0xe8fc4

----------------
IN: 
0x000e8f73:  8b 54 24 08              movl     8(%esp), %edx
0x000e8f77:  8b 0c 24                 movl     (%esp), %ecx
0x000e8f7a:  85 db                    testl    %ebx, %ebx
0x000e8f7c:  75 3c                    jne      0xe8fba

----------------
IN: 
0x000e8f7e:  8d 81 00 00 00 ff        leal     -0x1000000(%ecx), %eax
0x000e8f84:  83 e0 f0                 andl     $0xfffffff0, %eax
0x000e8f87:  39 c1                    cmpl     %eax, %ecx
0x000e8f89:  72 0a                    jb       0xe8f95

----------------
IN: 
0x000e8f8b:  8d aa 00 00 00 01        leal     0x1000000(%edx), %ebp
0x000e8f91:  39 e8                    cmpl     %ebp, %eax
0x000e8f93:  73 1c                    jae      0xe8fb1

----------------
IN: 
0x000e8fb1:  89 c3                    movl     %eax, %ebx
0x000e8fb3:  89 c1                    movl     %eax, %ecx
0x000e8fb5:  be 00 00 00 01           movl     $0x1000000, %esi
0x000e8fba:  b8 f8 a0 0e 00           movl     $0xea0f8, %eax
0x000e8fbf:  e8 e7 fc fe ff           calll    0xd8cab

----------------
IN: 
0x000d8cab:  53                       pushl    %ebx
0x000d8cac:  83 ec 2c                 subl     $0x2c, %esp
0x000d8caf:  89 d3                    movl     %edx, %ebx
0x000d8cb1:  89 c2                    movl     %eax, %edx
0x000d8cb3:  8b 00                    movl     (%eax), %eax
0x000d8cb5:  85 c0                    testl    %eax, %eax
0x000d8cb7:  75 35                    jne      0xd8cee

----------------
IN: 
0x000d8cb9:  c7 44 24 28 ff ff ff ff  movl     $0xffffffff, 0x28(%esp)
0x000d8cc1:  89 5c 24 1c              movl     %ebx, 0x1c(%esp)
0x000d8cc5:  89 4c 24 20              movl     %ecx, 0x20(%esp)
0x000d8cc9:  31 c0                    xorl     %eax, %eax
0x000d8ccb:  89 44 24 24              movl     %eax, 0x24(%esp)
0x000d8ccf:  8d 44 24 14              leal     0x14(%esp), %eax
0x000d8cd3:  e8 79 d5 ff ff           calll    0xd6251

----------------
IN: 
0x000d6251:  8b 0a                    movl     (%edx), %ecx
0x000d6253:  89 50 04                 movl     %edx, 4(%eax)
0x000d6256:  89 08                    movl     %ecx, (%eax)
0x000d6258:  85 c9                    testl    %ecx, %ecx
0x000d625a:  74 03                    je       0xd625f

----------------
IN: 
0x000d625f:  89 02                    movl     %eax, (%edx)
0x000d6261:  c3                       retl     

----------------
IN: 
0x000d8cd8:  89 e0                    movl     %esp, %eax
0x000d8cda:  e8 da fd ff ff           calll    0xd8ab9

----------------
IN: 
0x000d8ab9:  55                       pushl    %ebp
0x000d8aba:  57                       pushl    %edi
0x000d8abb:  56                       pushl    %esi
0x000d8abc:  53                       pushl    %ebx
0x000d8abd:  89 c3                    movl     %eax, %ebx
0x000d8abf:  50                       pushl    %eax
0x000d8ac0:  b9 10 00 00 00           movl     $0x10, %ecx
0x000d8ac5:  ba 2c 00 00 00           movl     $0x2c, %edx
0x000d8aca:  a1 f8 a0 0e 00           movl     0xea0f8, %eax
0x000d8acf:  e8 ad f5 ff ff           calll    0xd8081

----------------
IN: 
0x000d8081:  55                       pushl    %ebp
0x000d8082:  57                       pushl    %edi
0x000d8083:  56                       pushl    %esi
0x000d8084:  53                       pushl    %ebx
0x000d8085:  89 ce                    movl     %ecx, %esi
0x000d8087:  8b 4c 24 14              movl     0x14(%esp), %ecx
0x000d808b:  f7 de                    negl     %esi
0x000d808d:  85 c0                    testl    %eax, %eax
0x000d808f:  74 33                    je       0xd80c4

----------------
IN: 
0x000d8091:  8b 78 0c                 movl     0xc(%eax), %edi
0x000d8094:  89 fb                    movl     %edi, %ebx
0x000d8096:  29 d3                    subl     %edx, %ebx
0x000d8098:  21 f3                    andl     %esi, %ebx
0x000d809a:  8b 68 10                 movl     0x10(%eax), %ebp
0x000d809d:  03 68 08                 addl     8(%eax), %ebp
0x000d80a0:  39 eb                    cmpl     %ebp, %ebx
0x000d80a2:  72 1c                    jb       0xd80c0

----------------
IN: 
0x000d80a4:  39 df                    cmpl     %ebx, %edi
0x000d80a6:  72 18                    jb       0xd80c0

----------------
IN: 
0x000d80a8:  89 59 08                 movl     %ebx, 8(%ecx)
0x000d80ab:  89 79 0c                 movl     %edi, 0xc(%ecx)
0x000d80ae:  89 51 10                 movl     %edx, 0x10(%ecx)
0x000d80b1:  89 58 0c                 movl     %ebx, 0xc(%eax)
0x000d80b4:  8b 50 04                 movl     4(%eax), %edx
0x000d80b7:  89 c8                    movl     %ecx, %eax
0x000d80b9:  e8 93 e1 ff ff           calll    0xd6251

----------------
IN: 
0x000d625c:  89 41 04                 movl     %eax, 4(%ecx)
0x000d625f:  89 02                    movl     %eax, (%edx)
0x000d6261:  c3                       retl     

----------------
IN: 
0x000d80be:  eb 06                    jmp      0xd80c6

----------------
IN: 
0x000d80c6:  89 d8                    movl     %ebx, %eax
0x000d80c8:  5b                       popl     %ebx
0x000d80c9:  5e                       popl     %esi
0x000d80ca:  5f                       popl     %edi
0x000d80cb:  5d                       popl     %ebp
0x000d80cc:  c3                       retl     

----------------
IN: 
0x000d8ad4:  59                       popl     %ecx
0x000d8ad5:  85 c0                    testl    %eax, %eax
0x000d8ad7:  75 2d                    jne      0xd8b06

----------------
IN: 
0x000d8b06:  89 c5                    movl     %eax, %ebp
0x000d8b08:  b9 0b 00 00 00           movl     $0xb, %ecx
0x000d8b0d:  89 c7                    movl     %eax, %edi
0x000d8b0f:  89 de                    movl     %ebx, %esi
0x000d8b11:  f3 a5                    rep movsl (%esi), %es:(%edi)

----------------
IN: 
0x000d8b13:  8b 13                    movl     (%ebx), %edx
0x000d8b15:  89 10                    movl     %edx, (%eax)
0x000d8b17:  85 d2                    testl    %edx, %edx
0x000d8b19:  74 03                    je       0xd8b1e

----------------
IN: 
0x000d8b1b:  89 42 04                 movl     %eax, 4(%edx)
0x000d8b1e:  8b 53 04                 movl     4(%ebx), %edx
0x000d8b21:  89 50 04                 movl     %edx, 4(%eax)
0x000d8b24:  89 02                    movl     %eax, (%edx)
0x000d8b26:  8d 48 14                 leal     0x14(%eax), %ecx
0x000d8b29:  8b 53 14                 movl     0x14(%ebx), %edx
0x000d8b2c:  89 50 14                 movl     %edx, 0x14(%eax)
0x000d8b2f:  85 d2                    testl    %edx, %edx
0x000d8b31:  74 03                    je       0xd8b36

----------------
IN: 
0x000d8b36:  8b 53 18                 movl     0x18(%ebx), %edx
0x000d8b39:  89 50 18                 movl     %edx, 0x18(%eax)
0x000d8b3c:  89 0a                    movl     %ecx, (%edx)
0x000d8b3e:  89 e8                    movl     %ebp, %eax
0x000d8b40:  5b                       popl     %ebx
0x000d8b41:  5e                       popl     %esi
0x000d8b42:  5f                       popl     %edi
0x000d8b43:  5d                       popl     %ebp
0x000d8b44:  c3                       retl     

----------------
IN: 
0x000d8cdf:  85 c0                    testl    %eax, %eax
0x000d8ce1:  75 18                    jne      0xd8cfb

----------------
IN: 
0x000d8cfb:  83 c4 2c                 addl     $0x2c, %esp
0x000d8cfe:  5b                       popl     %ebx
0x000d8cff:  c3                       retl     

----------------
IN: 
0x000e8fca:  b9 00 00 09 00           movl     $0x90000, %ecx
0x000e8fcf:  ba 00 70 00 00           movl     $0x7000, %edx
0x000e8fd4:  b8 fc a0 0e 00           movl     $0xea0fc, %eax
0x000e8fd9:  e8 cd fc fe ff           calll    0xd8cab

----------------
IN: 
0x000d80c0:  8b 00                    movl     (%eax), %eax
0x000d80c2:  eb c9                    jmp      0xd808d

----------------
IN: 
0x000d808d:  85 c0                    testl    %eax, %eax
0x000d808f:  74 33                    je       0xd80c4

----------------
IN: 
0x000e8fde:  85 db                    testl    %ebx, %ebx
0x000e8fe0:  74 21                    je       0xe9003

----------------
IN: 
0x000e8fe2:  8d 0c 33                 leal     (%ebx, %esi), %ecx
0x000e8fe5:  89 da                    movl     %ebx, %edx
0x000e8fe7:  b8 04 a1 0e 00           movl     $0xea104, %eax
0x000e8fec:  e8 ba fc fe ff           calll    0xd8cab

----------------
IN: 
0x000e8ff1:  89 d8                    movl     %ebx, %eax
0x000e8ff3:  31 d2                    xorl     %edx, %edx
0x000e8ff5:  6a 02                    pushl    $2
0x000e8ff7:  31 ff                    xorl     %edi, %edi
0x000e8ff9:  57                       pushl    %edi
0x000e8ffa:  56                       pushl    %esi
0x000e8ffb:  e8 85 fa fe ff           calll    0xd8a85

----------------
IN: 
0x000e9000:  83 c4 0c                 addl     $0xc, %esp
0x000e9003:  bd e0 a1 0e 00           movl     $0xea1e0, %ebp
0x000e9008:  81 ed 40 62 0d 00        subl     $0xd6240, %ebp
0x000e900e:  89 ea                    movl     %ebp, %edx
0x000e9010:  b8 20 00 00 00           movl     $0x20, %eax
0x000e9015:  e8 a3 6b ff ff           calll    0xdfbbd

----------------
IN: 
0x000dfbbd:  56                       pushl    %esi
0x000dfbbe:  53                       pushl    %ebx
0x000dfbbf:  89 c6                    movl     %eax, %esi
0x000dfbc1:  89 d3                    movl     %edx, %ebx
0x000dfbc3:  89 c1                    movl     %eax, %ecx
0x000dfbc5:  b8 f8 a0 0e 00           movl     $0xea0f8, %eax
0x000dfbca:  e8 76 8f ff ff           calll    0xd8b45

----------------
IN: 
0x000d8b45:  56                       pushl    %esi
0x000d8b46:  53                       pushl    %ebx
0x000d8b47:  83 ec 2c                 subl     $0x2c, %esp
0x000d8b4a:  85 d2                    testl    %edx, %edx
0x000d8b4c:  74 2d                    je       0xd8b7b

----------------
IN: 
0x000d8b4e:  c7 44 24 28 ff ff ff ff  movl     $0xffffffff, 0x28(%esp)
0x000d8b56:  8d 74 24 14              leal     0x14(%esp), %esi
0x000d8b5a:  56                       pushl    %esi
0x000d8b5b:  8b 00                    movl     (%eax), %eax
0x000d8b5d:  e8 1f f5 ff ff           calll    0xd8081

----------------
IN: 
0x000d8b62:  89 c3                    movl     %eax, %ebx
0x000d8b64:  58                       popl     %eax
0x000d8b65:  85 db                    testl    %ebx, %ebx
0x000d8b67:  74 12                    je       0xd8b7b

----------------
IN: 
0x000d8b69:  89 e0                    movl     %esp, %eax
0x000d8b6b:  e8 49 ff ff ff           calll    0xd8ab9

----------------
IN: 
0x000d8b33:  89 4a 04                 movl     %ecx, 4(%edx)
0x000d8b36:  8b 53 18                 movl     0x18(%ebx), %edx
0x000d8b39:  89 50 18                 movl     %edx, 0x18(%eax)
0x000d8b3c:  89 0a                    movl     %ecx, (%edx)
0x000d8b3e:  89 e8                    movl     %ebp, %eax
0x000d8b40:  5b                       popl     %ebx
0x000d8b41:  5e                       popl     %esi
0x000d8b42:  5f                       popl     %edi
0x000d8b43:  5d                       popl     %ebp
0x000d8b44:  c3                       retl     

----------------
IN: 
0x000d8b70:  85 c0                    testl    %eax, %eax
0x000d8b72:  75 09                    jne      0xd8b7d

----------------
IN: 
0x000d8b7d:  89 d8                    movl     %ebx, %eax
0x000d8b7f:  83 c4 2c                 addl     $0x2c, %esp
0x000d8b82:  5b                       popl     %ebx
0x000d8b83:  5e                       popl     %esi
0x000d8b84:  c3                       retl     

----------------
IN: 
0x000dfbcf:  85 c0                    testl    %eax, %eax
0x000dfbd1:  75 10                    jne      0xdfbe3

----------------
IN: 
0x000dfbe3:  5b                       popl     %ebx
0x000dfbe4:  5e                       popl     %esi
0x000dfbe5:  c3                       retl     

----------------
IN: 
0x000e901a:  89 c3                    movl     %eax, %ebx
0x000e901c:  85 c0                    testl    %eax, %eax
0x000e901e:  75 0a                    jne      0xe902a

----------------
IN: 
0x000e902a:  55                       pushl    %ebp
0x000e902b:  50                       pushl    %eax
0x000e902c:  68 40 62 0d 00           pushl    $0xd6240
0x000e9031:  68 a3 41 0f 00           pushl    $0xf41a3
0x000e9036:  e8 9e 3e 00 00           calll    0xeced9

----------------
IN: 
0x000ec74a:  3c 70                    cmpb     $0x70, %al
0x000ec74c:  74 56                    je       0xec7a4

----------------
IN: 
0x000ec7a4:  8b 3b                    movl     (%ebx), %edi
0x000ec7a6:  80 7e 01 50              cmpb     $0x50, 1(%esi)
0x000ec7aa:  75 57                    jne      0xec803

----------------
IN: 
0x000ec803:  ba 30 00 00 00           movl     $0x30, %edx
0x000ec808:  89 e8                    movl     %ebp, %eax
0x000ec80a:  e8 2c da ff ff           calll    0xea23b

----------------
IN: 
0x000ec80f:  ba 78 00 00 00           movl     $0x78, %edx
0x000ec814:  89 e8                    movl     %ebp, %eax
0x000ec816:  e8 20 da ff ff           calll    0xea23b

----------------
IN: 
0x000ec81b:  6a 00                    pushl    $0
0x000ec81d:  b9 08 00 00 00           movl     $8, %ecx
0x000ec822:  89 fa                    movl     %edi, %edx
0x000ec824:  89 e8                    movl     %ebp, %eax
0x000ec826:  e8 87 da ff ff           calll    0xea2b2

----------------
IN: 
0x000ec82b:  5f                       popl     %edi
0x000ec82c:  eb 61                    jmp      0xec88f

----------------
IN: 
0x000ec88f:  83 c3 04                 addl     $4, %ebx
0x000ec892:  eb 4e                    jmp      0xec8e2

----------------
IN: 
0x000e903b:  be 40 62 0d 00           movl     $0xd6240, %esi
0x000e9040:  89 df                    movl     %ebx, %edi
0x000e9042:  89 e9                    movl     %ebp, %ecx
0x000e9044:  f3 a4                    rep movsb (%esi), %es:(%edi)

----------------
IN: 
0x000e9044:  f3 a4                    rep movsb (%esi), %es:(%edi)

----------------
IN: 
0x000e9046:  89 d8                    movl     %ebx, %eax
0x000e9048:  2d 40 62 0d 00           subl     $0xd6240, %eax
0x000e904d:  83 c4 10                 addl     $0x10, %esp
0x000e9050:  ba e0 40 0d 00           movl     $0xd40e0, %edx
0x000e9055:  81 fa 20 4a 0d 00        cmpl     $0xd4a20, %edx
0x000e905b:  73 0b                    jae      0xe9068

----------------
IN: 
0x000e905d:  8b 0a                    movl     (%edx), %ecx
0x000e905f:  01 d9                    addl     %ebx, %ecx
0x000e9061:  01 01                    addl     %eax, (%ecx)
0x000e9063:  83 c2 04                 addl     $4, %edx
0x000e9066:  eb ed                    jmp      0xe9055

----------------
IN: 
0x000e9055:  81 fa 20 4a 0d 00        cmpl     $0xd4a20, %edx
0x000e905b:  73 0b                    jae      0xe9068

----------------
IN: 
0x000e9068:  b9 40 62 0d 00           movl     $0xd6240, %ecx
0x000e906d:  29 d9                    subl     %ebx, %ecx
0x000e906f:  ba 20 4a 0d 00           movl     $0xd4a20, %edx
0x000e9074:  81 fa 74 59 0d 00        cmpl     $0xd5974, %edx
0x000e907a:  73 0b                    jae      0xe9087

----------------
IN: 
0x000e907c:  8b 32                    movl     (%edx), %esi
0x000e907e:  01 de                    addl     %ebx, %esi
0x000e9080:  01 0e                    addl     %ecx, (%esi)
0x000e9082:  83 c2 04                 addl     $4, %edx
0x000e9085:  eb ed                    jmp      0xe9074

----------------
IN: 
0x000e9074:  81 fa 74 59 0d 00        cmpl     $0xd5974, %edx
0x000e907a:  73 0b                    jae      0xe9087

----------------
IN: 
0x000e9087:  ba 74 59 0d 00           movl     $0xd5974, %edx
0x000e908c:  81 fa 80 59 0d 00        cmpl     $0xd5980, %edx
0x000e9092:  73 0d                    jae      0xe90a1

----------------
IN: 
0x000e9094:  8b 0a                    movl     (%edx), %ecx
0x000e9096:  01 81 e0 40 0d 00        addl     %eax, 0xd40e0(%ecx)
0x000e909c:  83 c2 04                 addl     $4, %edx
0x000e909f:  eb eb                    jmp      0xe908c

----------------
IN: 
0x000e908c:  81 fa 80 59 0d 00        cmpl     $0xd5980, %edx
0x000e9092:  73 0d                    jae      0xe90a1

----------------
IN: 
0x000e90a1:  b9 6a 5d 0e 00           movl     $0xe5d6a, %ecx
0x000e90a6:  81 f9 e0 a1 0e 00        cmpl     $0xea1e0, %ecx
0x000e90ac:  73 0b                    jae      0xe90b9

----------------
IN: 
0x000e90ae:  8d 14 08                 leal     (%eax, %ecx), %edx
0x000e90b1:  81 f9 40 62 0d 00        cmpl     $0xd6240, %ecx
0x000e90b7:  73 05                    jae      0xe90be

----------------
IN: 
0x000e90be:  31 c0                    xorl     %eax, %eax
0x000e90c0:  ff d2                    calll    *%edx

----------------
IN: 
0x06ffbaea:  55                       pushl    %ebp
0x06ffbaeb:  57                       pushl    %edi
0x06ffbaec:  56                       pushl    %esi
0x06ffbaed:  53                       pushl    %ebx
0x06ffbaee:  81 ec 2c 01 00 00        subl     $0x12c, %esp
0x06ffbaf4:  e8 ac 78 ff ff           calll    0x6ff33a5

----------------
IN: 
0x06ff33a5:  57                       pushl    %edi
0x06ff33a6:  56                       pushl    %esi
0x06ff33a7:  53                       pushl    %ebx
0x06ff33a8:  81 ec 94 00 00 00        subl     $0x94, %esp
0x06ff33ae:  31 c0                    xorl     %eax, %eax
0x06ff33b0:  8b 0c 85 64 fe ff 06     movl     0x6fffe64(, %eax, 4), %ecx
0x06ff33b7:  8b 11                    movl     (%ecx), %edx
0x06ff33b9:  85 d2                    testl    %edx, %edx
0x06ff33bb:  74 03                    je       0x6ff33c0

----------------
IN: 
0x06ff33bd:  89 4a 04                 movl     %ecx, 4(%edx)
0x06ff33c0:  40                       incl     %eax
0x06ff33c1:  83 f8 05                 cmpl     $5, %eax
0x06ff33c4:  75 ea                    jne      0x6ff33b0

----------------
IN: 
0x06ff33b0:  8b 0c 85 64 fe ff 06     movl     0x6fffe64(, %eax, 4), %ecx
0x06ff33b7:  8b 11                    movl     (%ecx), %edx
0x06ff33b9:  85 d2                    testl    %edx, %edx
0x06ff33bb:  74 03                    je       0x6ff33c0

----------------
IN: 
0x06ff33c0:  40                       incl     %eax
0x06ff33c1:  83 f8 05                 cmpl     $5, %eax
0x06ff33c4:  75 ea                    jne      0x6ff33b0

----------------
IN: 
0x06ff33c6:  b9 40 62 0d 00           movl     $0xd6240, %ecx
0x06ff33cb:  81 e9 80 59 0d 00        subl     $0xd5980, %ecx
0x06ff33d1:  ba 80 59 0d 00           movl     $0xd5980, %edx
0x06ff33d6:  b8 20 99 0e 00           movl     $0xe9920, %eax
0x06ff33db:  e8 62 a9 ff ff           calll    0x6fedd42

----------------
IN: 
0x06fedd42:  57                       pushl    %edi
0x06fedd43:  56                       pushl    %esi
0x06fedd44:  89 d6                    movl     %edx, %esi
0x06fedd46:  39 c2                    cmpl     %eax, %edx
0x06fedd48:  72 06                    jb       0x6fedd50

----------------
IN: 
0x06fedd50:  85 c9                    testl    %ecx, %ecx
0x06fedd52:  74 09                    je       0x6fedd5d

----------------
IN: 
0x06fedd54:  49                       decl     %ecx
0x06fedd55:  8a 14 0e                 movb     (%esi, %ecx), %dl
0x06fedd58:  88 14 08                 movb     %dl, (%eax, %ecx)
0x06fedd5b:  eb f3                    jmp      0x6fedd50

----------------
IN: 
0x06fedd5d:  5e                       popl     %esi
0x06fedd5e:  5f                       popl     %edi
0x06fedd5f:  c3                       retl     

----------------
IN: 
0x06ff33e0:  89 c1                    movl     %eax, %ecx
0x06ff33e2:  ba 10 a8 0d 00           movl     $0xda810, %edx
0x06ff33e7:  b8 88 fe ff 06           movl     $0x6fffe88, %eax
0x06ff33ec:  e8 3a b6 ff ff           calll    0x6feea2b

----------------
IN: 
0x06feea2b:  53                       pushl    %ebx
0x06feea2c:  83 ec 2c                 subl     $0x2c, %esp
0x06feea2f:  89 d3                    movl     %edx, %ebx
0x06feea31:  89 c2                    movl     %eax, %edx
0x06feea33:  8b 00                    movl     (%eax), %eax
0x06feea35:  85 c0                    testl    %eax, %eax
0x06feea37:  75 35                    jne      0x6feea6e

----------------
IN: 
0x06feea39:  c7 44 24 28 ff ff ff ff  movl     $0xffffffff, 0x28(%esp)
0x06feea41:  89 5c 24 1c              movl     %ebx, 0x1c(%esp)
0x06feea45:  89 4c 24 20              movl     %ecx, 0x20(%esp)
0x06feea49:  31 c0                    xorl     %eax, %eax
0x06feea4b:  89 44 24 24              movl     %eax, 0x24(%esp)
0x06feea4f:  8d 44 24 14              leal     0x14(%esp), %eax
0x06feea53:  e8 79 d5 ff ff           calll    0x6febfd1

----------------
IN: 
0x06febfd1:  8b 0a                    movl     (%edx), %ecx
0x06febfd3:  89 50 04                 movl     %edx, 4(%eax)
0x06febfd6:  89 08                    movl     %ecx, (%eax)
0x06febfd8:  85 c9                    testl    %ecx, %ecx
0x06febfda:  74 03                    je       0x6febfdf

----------------
IN: 
0x06febfdf:  89 02                    movl     %eax, (%edx)
0x06febfe1:  c3                       retl     

----------------
IN: 
0x06feea58:  89 e0                    movl     %esp, %eax
0x06feea5a:  e8 da fd ff ff           calll    0x6fee839

----------------
IN: 
0x06fee839:  55                       pushl    %ebp
0x06fee83a:  57                       pushl    %edi
0x06fee83b:  56                       pushl    %esi
0x06fee83c:  53                       pushl    %ebx
0x06fee83d:  89 c3                    movl     %eax, %ebx
0x06fee83f:  50                       pushl    %eax
0x06fee840:  b9 10 00 00 00           movl     $0x10, %ecx
0x06fee845:  ba 2c 00 00 00           movl     $0x2c, %edx
0x06fee84a:  a1 78 fe ff 06           movl     0x6fffe78, %eax
0x06fee84f:  e8 ad f5 ff ff           calll    0x6fede01

----------------
IN: 
0x06fede01:  55                       pushl    %ebp
0x06fede02:  57                       pushl    %edi
0x06fede03:  56                       pushl    %esi
0x06fede04:  53                       pushl    %ebx
0x06fede05:  89 ce                    movl     %ecx, %esi
0x06fede07:  8b 4c 24 14              movl     0x14(%esp), %ecx
0x06fede0b:  f7 de                    negl     %esi
0x06fede0d:  85 c0                    testl    %eax, %eax
0x06fede0f:  74 33                    je       0x6fede44

----------------
IN: 
0x06fede11:  8b 78 0c                 movl     0xc(%eax), %edi
0x06fede14:  89 fb                    movl     %edi, %ebx
0x06fede16:  29 d3                    subl     %edx, %ebx
0x06fede18:  21 f3                    andl     %esi, %ebx
0x06fede1a:  8b 68 10                 movl     0x10(%eax), %ebp
0x06fede1d:  03 68 08                 addl     8(%eax), %ebp
0x06fede20:  39 eb                    cmpl     %ebp, %ebx
0x06fede22:  72 1c                    jb       0x6fede40

----------------
IN: 
0x06fede40:  8b 00                    movl     (%eax), %eax
0x06fede42:  eb c9                    jmp      0x6fede0d

----------------
IN: 
0x06fede0d:  85 c0                    testl    %eax, %eax
0x06fede0f:  74 33                    je       0x6fede44

----------------
IN: 
0x06fede24:  39 df                    cmpl     %ebx, %edi
0x06fede26:  72 18                    jb       0x6fede40

----------------
IN: 
0x06fede28:  89 59 08                 movl     %ebx, 8(%ecx)
0x06fede2b:  89 79 0c                 movl     %edi, 0xc(%ecx)
0x06fede2e:  89 51 10                 movl     %edx, 0x10(%ecx)
0x06fede31:  89 58 0c                 movl     %ebx, 0xc(%eax)
0x06fede34:  8b 50 04                 movl     4(%eax), %edx
0x06fede37:  89 c8                    movl     %ecx, %eax
0x06fede39:  e8 93 e1 ff ff           calll    0x6febfd1

----------------
IN: 
0x06febfdc:  89 41 04                 movl     %eax, 4(%ecx)
0x06febfdf:  89 02                    movl     %eax, (%edx)
0x06febfe1:  c3                       retl     

----------------
IN: 
0x06fede3e:  eb 06                    jmp      0x6fede46

----------------
IN: 
0x06fede46:  89 d8                    movl     %ebx, %eax
0x06fede48:  5b                       popl     %ebx
0x06fede49:  5e                       popl     %esi
0x06fede4a:  5f                       popl     %edi
0x06fede4b:  5d                       popl     %ebp
0x06fede4c:  c3                       retl     

----------------
IN: 
0x06fee854:  59                       popl     %ecx
0x06fee855:  85 c0                    testl    %eax, %eax
0x06fee857:  75 2d                    jne      0x6fee886

----------------
IN: 
0x06fee886:  89 c5                    movl     %eax, %ebp
0x06fee888:  b9 0b 00 00 00           movl     $0xb, %ecx
0x06fee88d:  89 c7                    movl     %eax, %edi
0x06fee88f:  89 de                    movl     %ebx, %esi
0x06fee891:  f3 a5                    rep movsl (%esi), %es:(%edi)

----------------
IN: 
0x06fee893:  8b 13                    movl     (%ebx), %edx
0x06fee895:  89 10                    movl     %edx, (%eax)
0x06fee897:  85 d2                    testl    %edx, %edx
0x06fee899:  74 03                    je       0x6fee89e

----------------
IN: 
0x06fee89b:  89 42 04                 movl     %eax, 4(%edx)
0x06fee89e:  8b 53 04                 movl     4(%ebx), %edx
0x06fee8a1:  89 50 04                 movl     %edx, 4(%eax)
0x06fee8a4:  89 02                    movl     %eax, (%edx)
0x06fee8a6:  8d 48 14                 leal     0x14(%eax), %ecx
0x06fee8a9:  8b 53 14                 movl     0x14(%ebx), %edx
0x06fee8ac:  89 50 14                 movl     %edx, 0x14(%eax)
0x06fee8af:  85 d2                    testl    %edx, %edx
0x06fee8b1:  74 03                    je       0x6fee8b6

----------------
IN: 
0x06fee8b6:  8b 53 18                 movl     0x18(%ebx), %edx
0x06fee8b9:  89 50 18                 movl     %edx, 0x18(%eax)
0x06fee8bc:  89 0a                    movl     %ecx, (%edx)
0x06fee8be:  89 e8                    movl     %ebp, %eax
0x06fee8c0:  5b                       popl     %ebx
0x06fee8c1:  5e                       popl     %esi
0x06fee8c2:  5f                       popl     %edi
0x06fee8c3:  5d                       popl     %ebp
0x06fee8c4:  c3                       retl     

----------------
IN: 
0x06feea5f:  85 c0                    testl    %eax, %eax
0x06feea61:  75 18                    jne      0x6feea7b

----------------
IN: 
0x06feea7b:  83 c4 2c                 addl     $0x2c, %esp
0x06feea7e:  5b                       popl     %ebx
0x06feea7f:  c3                       retl     

----------------
IN: 
0x06ff33f1:  a1 88 fe ff 06           movl     0x6fffe88, %eax
0x06ff33f6:  31 d2                    xorl     %edx, %edx
0x06ff33f8:  85 c0                    testl    %eax, %eax
0x06ff33fa:  74 06                    je       0x6ff3402

----------------
IN: 
0x06ff33fc:  89 c2                    movl     %eax, %edx
0x06ff33fe:  8b 00                    movl     (%eax), %eax
0x06ff3400:  eb f6                    jmp      0x6ff33f8

----------------
IN: 
0x06ff33f8:  85 c0                    testl    %eax, %eax
0x06ff33fa:  74 06                    je       0x6ff3402

----------------
IN: 
0x06ff3402:  89 15 94 4d 0f 00        movl     %edx, 0xf4d94
0x06ff3408:  b9 c0 55 0f 00           movl     $0xf55c0, %ecx
0x06ff340d:  81 e9 c0 4d 0f 00        subl     $0xf4dc0, %ecx
0x06ff3413:  31 d2                    xorl     %edx, %edx
0x06ff3415:  b8 c0 4d 0f 00           movl     $0xf4dc0, %eax
0x06ff341a:  e8 b1 82 0f f9           calll    0xeb6d0

----------------
IN: 
0x000eb6d0:  85 c9                    testl    %ecx, %ecx
0x000eb6d2:  74 06                    je       0xeb6da

----------------
IN: 
0x000eb6d4:  49                       decl     %ecx
0x000eb6d5:  88 14 08                 movb     %dl, (%eax, %ecx)
0x000eb6d8:  eb f6                    jmp      0xeb6d0

----------------
IN: 
0x000eb6da:  c3                       retl     

----------------
IN: 
0x06ff341f:  b9 c0 55 0f 00           movl     $0xf55c0, %ecx
0x06ff3424:  89 c2                    movl     %eax, %edx
0x06ff3426:  b8 80 fe ff 06           movl     $0x6fffe80, %eax
0x06ff342b:  e8 fb b5 ff ff           calll    0x6feea2b

----------------
IN: 
0x06ff3430:  e8 99 8f ff ff           calll    0x6fec3ce

----------------
IN: 
0x06fec3ce:  56                       pushl    %esi
0x06fec3cf:  53                       pushl    %ebx
0x06fec3d0:  8b 0d e4 55 0f 00        movl     0xf55e4, %ecx
0x06fec3d6:  8d 59 ff                 leal     -1(%ecx), %ebx
0x06fec3d9:  6b c9 14                 imull    $0x14, %ecx, %ecx
0x06fec3dc:  81 c1 00 56 0f 00        addl     $0xf5600, %ecx
0x06fec3e2:  85 db                    testl    %ebx, %ebx
0x06fec3e4:  78 20                    js       0x6fec406

----------------
IN: 
0x06fec3e6:  8b 41 f4                 movl     -0xc(%ecx), %eax
0x06fec3e9:  8b 51 f8                 movl     -8(%ecx), %edx
0x06fec3ec:  03 41 ec                 addl     -0x14(%ecx), %eax
0x06fec3ef:  13 51 f0                 adcl     -0x10(%ecx), %edx
0x06fec3f2:  83 fa 00                 cmpl     $0, %edx
0x06fec3f5:  77 09                    ja       0x6fec400

----------------
IN: 
0x06fec400:  4b                       decl     %ebx
0x06fec401:  83 e9 14                 subl     $0x14, %ecx
0x06fec404:  eb dc                    jmp      0x6fec3e2

----------------
IN: 
0x06fec3e2:  85 db                    testl    %ebx, %ebx
0x06fec3e4:  78 20                    js       0x6fec406

----------------
IN: 
0x06fec3f7:  8b 71 fc                 movl     -4(%ecx), %esi
0x06fec3fa:  83 e6 fd                 andl     $0xfffffffd, %esi
0x06fec3fd:  4e                       decl     %esi
0x06fec3fe:  74 08                    je       0x6fec408

----------------
IN: 
0x06fec408:  3d 00 00 10 00           cmpl     $0x100000, %eax
0x06fec40d:  73 05                    jae      0x6fec414

----------------
IN: 
0x06fec414:  a3 e0 55 0f 00           movl     %eax, 0xf55e0
0x06fec419:  5b                       popl     %ebx
0x06fec41a:  5e                       popl     %esi
0x06fec41b:  c3                       retl     

----------------
IN: 
0x06ff3435:  e8 39 eb ff ff           calll    0x6ff1f73

----------------
IN: 
0x06ff1f73:  56                       pushl    %esi
0x06ff1f74:  53                       pushl    %ebx
0x06ff1f75:  56                       pushl    %esi
0x06ff1f76:  8b 1d a4 4c 0f 00        movl     0xf4ca4, %ebx
0x06ff1f7c:  85 db                    testl    %ebx, %ebx
0x06ff1f7e:  75 68                    jne      0x6ff1fe8

----------------
IN: 
0x06ff1fe8:  bb 01 00 00 00           movl     $1, %ebx
0x06ff1fed:  89 d8                    movl     %ebx, %eax
0x06ff1fef:  5a                       popl     %edx
0x06ff1ff0:  5b                       popl     %ebx
0x06ff1ff1:  5e                       popl     %esi
0x06ff1ff2:  c3                       retl     

----------------
IN: 
0x06ff343a:  85 c0                    testl    %eax, %eax
0x06ff343c:  75 0c                    jne      0x6ff344a

----------------
IN: 
0x06ff344a:  6a 02                    pushl    $2
0x06ff344c:  31 c9                    xorl     %ecx, %ecx
0x06ff344e:  ba 0e 00 00 00           movl     $0xe, %edx
0x06ff3453:  b8 4b 1f 0f 00           movl     $0xf1f4b, %eax
0x06ff3458:  e8 c0 b7 ff ff           calll    0x6feec1d

----------------
IN: 
0x06feec1d:  55                       pushl    %ebp
0x06feec1e:  57                       pushl    %edi
0x06feec1f:  56                       pushl    %esi
0x06feec20:  53                       pushl    %ebx
0x06feec21:  53                       pushl    %ebx
0x06feec22:  89 04 24                 movl     %eax, (%esp)
0x06feec25:  89 d7                    movl     %edx, %edi
0x06feec27:  89 ce                    movl     %ecx, %esi
0x06feec29:  8b 6c 24 18              movl     0x18(%esp), %ebp
0x06feec2d:  b8 94 00 00 00           movl     $0x94, %eax
0x06feec32:  e8 79 fd ff ff           calll    0x6fee9b0

----------------
IN: 
0x06fee9b0:  53                       pushl    %ebx
0x06fee9b1:  89 c3                    movl     %eax, %ebx
0x06fee9b3:  e8 e7 ff ff ff           calll    0x6fee99f

----------------
IN: 
0x06fee99f:  b9 10 00 00 00           movl     $0x10, %ecx
0x06fee9a4:  89 c2                    movl     %eax, %edx
0x06fee9a6:  b8 78 fe ff 06           movl     $0x6fffe78, %eax
0x06fee9ab:  e9 15 ff ff ff           jmp      0x6fee8c5

----------------
IN: 
0x06fee8c5:  56                       pushl    %esi
0x06fee8c6:  53                       pushl    %ebx
0x06fee8c7:  83 ec 2c                 subl     $0x2c, %esp
0x06fee8ca:  85 d2                    testl    %edx, %edx
0x06fee8cc:  74 2d                    je       0x6fee8fb

----------------
IN: 
0x06fee8ce:  c7 44 24 28 ff ff ff ff  movl     $0xffffffff, 0x28(%esp)
0x06fee8d6:  8d 74 24 14              leal     0x14(%esp), %esi
0x06fee8da:  56                       pushl    %esi
0x06fee8db:  8b 00                    movl     (%eax), %eax
0x06fee8dd:  e8 1f f5 ff ff           calll    0x6fede01

----------------
IN: 
0x06fee8e2:  89 c3                    movl     %eax, %ebx
0x06fee8e4:  58                       popl     %eax
0x06fee8e5:  85 db                    testl    %ebx, %ebx
0x06fee8e7:  74 12                    je       0x6fee8fb

----------------
IN: 
0x06fee8e9:  89 e0                    movl     %esp, %eax
0x06fee8eb:  e8 49 ff ff ff           calll    0x6fee839

----------------
IN: 
0x06fee8b3:  89 4a 04                 movl     %ecx, 4(%edx)
0x06fee8b6:  8b 53 18                 movl     0x18(%ebx), %edx
0x06fee8b9:  89 50 18                 movl     %edx, 0x18(%eax)
0x06fee8bc:  89 0a                    movl     %ecx, (%edx)
0x06fee8be:  89 e8                    movl     %ebp, %eax
0x06fee8c0:  5b                       popl     %ebx
0x06fee8c1:  5e                       popl     %esi
0x06fee8c2:  5f                       popl     %edi
0x06fee8c3:  5d                       popl     %ebp
0x06fee8c4:  c3                       retl     

----------------
IN: 
0x06fee8f0:  85 c0                    testl    %eax, %eax
0x06fee8f2:  75 09                    jne      0x6fee8fd

----------------
IN: 
0x06fee8fd:  89 d8                    movl     %ebx, %eax
0x06fee8ff:  83 c4 2c                 addl     $0x2c, %esp
0x06fee902:  5b                       popl     %ebx
0x06fee903:  5e                       popl     %esi
0x06fee904:  c3                       retl     

----------------
IN: 
0x06fee9b8:  85 c0                    testl    %eax, %eax
0x06fee9ba:  75 12                    jne      0x6fee9ce

----------------
IN: 
0x06fee9ce:  5b                       popl     %ebx
0x06fee9cf:  c3                       retl     

----------------
IN: 
0x06feec37:  85 c0                    testl    %eax, %eax
0x06feec39:  75 14                    jne      0x6feec4f

----------------
IN: 
0x06feec4f:  89 c3                    movl     %eax, %ebx
0x06feec51:  b9 94 00 00 00           movl     $0x94, %ecx
0x06feec56:  31 d2                    xorl     %edx, %edx
0x06feec58:  e8 73 ca 0f f9           calll    0xeb6d0

----------------
IN: 
0x06feec5d:  8d 40 04                 leal     4(%eax), %eax
0x06feec60:  b9 80 00 00 00           movl     $0x80, %ecx
0x06feec65:  8b 14 24                 movl     (%esp), %edx
0x06feec68:  e8 85 d3 ff ff           calll    0x6febff2

----------------
IN: 
0x06febff2:  57                       pushl    %edi
0x06febff3:  56                       pushl    %esi
0x06febff4:  53                       pushl    %ebx
0x06febff5:  89 c3                    movl     %eax, %ebx
0x06febff7:  8d 3c 0a                 leal     (%edx, %ecx), %edi
0x06febffa:  8d 4a 01                 leal     1(%edx), %ecx
0x06febffd:  39 f9                    cmpl     %edi, %ecx

----------------
IN: 
0x06febfff:  74 13                    je       0x6fec014

----------------
IN: 
0x06fec001:  41                       incl     %ecx
0x06fec002:  0f b6 71 fe              movzbl   -2(%ecx), %esi
0x06fec006:  89 f2                    movl     %esi, %edx
0x06fec008:  84 d2                    testb    %dl, %dl
0x06fec00a:  74 08                    je       0x6fec014

----------------
IN: 
0x06fec00c:  40                       incl     %eax
0x06fec00d:  89 f2                    movl     %esi, %edx
0x06fec00f:  88 50 ff                 movb     %dl, -1(%eax)
0x06fec012:  eb e9                    jmp      0x6febffd

----------------
IN: 
0x06febffd:  39 f9                    cmpl     %edi, %ecx

----------------
IN: 
0x06fec014:  c6 00 00                 movb     $0, (%eax)
0x06fec017:  89 d8                    movl     %ebx, %eax
0x06fec019:  5b                       popl     %ebx
0x06fec01a:  5e                       popl     %esi
0x06fec01b:  5f                       popl     %edi
0x06fec01c:  c3                       retl     

----------------
IN: 
0x06feec6d:  89 ab 84 00 00 00        movl     %ebp, 0x84(%ebx)
0x06feec73:  89 bb 8c 00 00 00        movl     %edi, 0x8c(%ebx)
0x06feec79:  89 b3 90 00 00 00        movl     %esi, 0x90(%ebx)
0x06feec7f:  c7 83 88 00 00 00 1d e2  movl     $0x6fee21d, 0x88(%ebx)
0x06feec87:  fe 06
0x06feec89:  a1 5c fe ff 06           movl     0x6fffe5c, %eax
0x06feec8e:  89 03                    movl     %eax, (%ebx)
0x06feec90:  89 1d 5c fe ff 06        movl     %ebx, 0x6fffe5c
0x06feec96:  58                       popl     %eax
0x06feec97:  5b                       popl     %ebx
0x06feec98:  5e                       popl     %esi
0x06feec99:  5f                       popl     %edi
0x06feec9a:  5d                       popl     %ebp
0x06feec9b:  c3                       retl     

----------------
IN: 
0x06ff345d:  6a 01                    pushl    $1
0x06ff345f:  31 c9                    xorl     %ecx, %ecx
0x06ff3461:  ba 02 80 00 00           movl     $0x8002, %edx
0x06ff3466:  b8 5e 1f 0f 00           movl     $0xf1f5e, %eax
0x06ff346b:  e8 ad b7 ff ff           calll    0x6feec1d

----------------
IN: 
0x06ff3470:  6a 02                    pushl    $2
0x06ff3472:  31 c9                    xorl     %ecx, %ecx
0x06ff3474:  ba 0f 00 00 00           movl     $0xf, %edx
0x06ff3479:  b8 70 1f 0f 00           movl     $0xf1f70, %eax
0x06ff347e:  e8 9a b7 ff ff           calll    0x6feec1d

----------------
IN: 
0x06ff3483:  b9 08 00 00 00           movl     $8, %ecx
0x06ff3488:  ba 0d 00 00 00           movl     $0xd, %edx
0x06ff348d:  8d 44 24 18              leal     0x18(%esp), %eax
0x06ff3491:  e8 ee 98 0f f9           calll    0xecd84

----------------
IN: 
0x06ff3496:  31 d2                    xorl     %edx, %edx
0x06ff3498:  31 c9                    xorl     %ecx, %ecx
0x06ff349a:  b8 70 1f 0f 00           movl     $0xf1f70, %eax
0x06ff349f:  e8 7b ac ff ff           calll    0x6fee11f

----------------
IN: 
0x06fee11f:  55                       pushl    %ebp
0x06fee120:  89 e5                    movl     %esp, %ebp
0x06fee122:  57                       pushl    %edi
0x06fee123:  56                       pushl    %esi
0x06fee124:  83 ec 08                 subl     $8, %esp
0x06fee127:  89 d6                    movl     %edx, %esi
0x06fee129:  89 cf                    movl     %ecx, %edi
0x06fee12b:  e8 be ff ff ff           calll    0x6fee0ee

----------------
IN: 
0x06fee0ee:  57                       pushl    %edi
0x06fee0ef:  56                       pushl    %esi
0x06fee0f0:  53                       pushl    %ebx
0x06fee0f1:  89 c7                    movl     %eax, %edi
0x06fee0f3:  e8 a8 c2 0f f9           calll    0xea3a0

----------------
IN: 
0x000ea3a0:  89 c2                    movl     %eax, %edx
0x000ea3a2:  80 38 00                 cmpb     $0, (%eax)
0x000ea3a5:  74 03                    je       0xea3aa

----------------
IN: 
0x000ea3a7:  40                       incl     %eax
0x000ea3a8:  eb f8                    jmp      0xea3a2

----------------
IN: 
0x000ea3a2:  80 38 00                 cmpb     $0, (%eax)
0x000ea3a5:  74 03                    je       0xea3aa

----------------
IN: 
0x000ea3aa:  29 d0                    subl     %edx, %eax
0x000ea3ac:  c3                       retl     

----------------
IN: 
0x06fee0f8:  8d 70 01                 leal     1(%eax), %esi
0x06fee0fb:  8b 1d 5c fe ff 06        movl     0x6fffe5c, %ebx
0x06fee101:  85 db                    testl    %ebx, %ebx
0x06fee103:  74 14                    je       0x6fee119

----------------
IN: 
0x06fee105:  8d 53 04                 leal     4(%ebx), %edx
0x06fee108:  89 f1                    movl     %esi, %ecx
0x06fee10a:  89 f8                    movl     %edi, %eax
0x06fee10c:  e8 9c c2 0f f9           calll    0xea3ad

----------------
IN: 
0x06fee111:  85 c0                    testl    %eax, %eax
0x06fee113:  74 04                    je       0x6fee119

----------------
IN: 
0x06fee119:  89 d8                    movl     %ebx, %eax
0x06fee11b:  5b                       popl     %ebx
0x06fee11c:  5e                       popl     %esi
0x06fee11d:  5f                       popl     %edi
0x06fee11e:  c3                       retl     

----------------
IN: 
0x06fee130:  85 c0                    testl    %eax, %eax
0x06fee132:  75 06                    jne      0x6fee13a

----------------
IN: 
0x06fee13a:  8b 90 84 00 00 00        movl     0x84(%eax), %edx
0x06fee140:  8d 4a ff                 leal     -1(%edx), %ecx
0x06fee143:  83 f9 07                 cmpl     $7, %ecx
0x06fee146:  77 ec                    ja       0x6fee134

----------------
IN: 
0x06fee148:  85 d1                    testl    %edx, %ecx
0x06fee14a:  75 e8                    jne      0x6fee134

----------------
IN: 
0x06fee14c:  31 d2                    xorl     %edx, %edx
0x06fee14e:  89 14 24                 movl     %edx, (%esp)
0x06fee151:  89 54 24 04              movl     %edx, 4(%esp)
0x06fee155:  89 e2                    movl     %esp, %edx
0x06fee157:  b9 08 00 00 00           movl     $8, %ecx
0x06fee15c:  ff 90 88 00 00 00        calll    *0x88(%eax)

----------------
IN: 
0x06fee21d:  56                       pushl    %esi
0x06fee21e:  53                       pushl    %ebx
0x06fee21f:  89 d6                    movl     %edx, %esi
0x06fee221:  8b 90 84 00 00 00        movl     0x84(%eax), %edx
0x06fee227:  39 d1                    cmpl     %edx, %ecx
0x06fee229:  72 42                    jb       0x6fee26d

----------------
IN: 
0x06fee22b:  89 c3                    movl     %eax, %ebx
0x06fee22d:  8b 88 90 00 00 00        movl     0x90(%eax), %ecx
0x06fee233:  8b 80 8c 00 00 00        movl     0x8c(%eax), %eax
0x06fee239:  85 c9                    testl    %ecx, %ecx
0x06fee23b:  75 0d                    jne      0x6fee24a

----------------
IN: 
0x06fee23d:  89 d1                    movl     %edx, %ecx
0x06fee23f:  89 c2                    movl     %eax, %edx
0x06fee241:  89 f0                    movl     %esi, %eax
0x06fee243:  e8 3c eb 0f f9           calll    0xecd84

----------------
IN: 
0x06fee248:  eb 1b                    jmp      0x6fee265

----------------
IN: 
0x06fee265:  8b 83 84 00 00 00        movl     0x84(%ebx), %eax
0x06fee26b:  eb 05                    jmp      0x6fee272

----------------
IN: 
0x06fee272:  5b                       popl     %ebx
0x06fee273:  5e                       popl     %esi
0x06fee274:  c3                       retl     

----------------
IN: 
0x06fee162:  85 c0                    testl    %eax, %eax
0x06fee164:  78 ce                    js       0x6fee134

----------------
IN: 
0x06fee166:  8b 04 24                 movl     (%esp), %eax
0x06fee169:  8b 54 24 04              movl     4(%esp), %edx
0x06fee16d:  59                       popl     %ecx
0x06fee16e:  5e                       popl     %esi
0x06fee16f:  5e                       popl     %esi
0x06fee170:  5f                       popl     %edi
0x06fee171:  5d                       popl     %ebp
0x06fee172:  c3                       retl     

----------------
IN: 
0x06ff34a4:  8d 1c c5 00 00 00 00     leal     (, %eax, 8), %ebx
0x06ff34ab:  53                       pushl    %ebx
0x06ff34ac:  b9 08 00 00 00           movl     $8, %ecx
0x06ff34b1:  ba 0d 00 00 00           movl     $0xd, %edx
0x06ff34b6:  b8 7d 1f 0f 00           movl     $0xf1f7d, %eax
0x06ff34bb:  e8 5d b7 ff ff           calll    0x6feec1d

----------------
IN: 
0x06ff34c0:  8d 4b 08                 leal     8(%ebx), %ecx
0x06ff34c3:  8b 44 24 1c              movl     0x1c(%esp), %eax
0x06ff34c7:  c1 e0 03                 shll     $3, %eax
0x06ff34ca:  50                       pushl    %eax
0x06ff34cb:  ba 0d 00 00 00           movl     $0xd, %edx
0x06ff34d0:  b8 8e 1f 0f 00           movl     $0xf1f8e, %eax
0x06ff34d5:  e8 43 b7 ff ff           calll    0x6feec1d

----------------
IN: 
0x06ff34da:  b9 02 00 00 00           movl     $2, %ecx
0x06ff34df:  ba 00 80 00 00           movl     $0x8000, %edx
0x06ff34e4:  8d 44 24 16              leal     0x16(%esp), %eax
0x06ff34e8:  e8 97 98 0f f9           calll    0xecd84

----------------
IN: 
0x06ff34ed:  83 c4 14                 addl     $0x14, %esp
0x06ff34f0:  bb 02 00 00 00           movl     $2, %ebx
0x06ff34f5:  31 f6                    xorl     %esi, %esi
0x06ff34f7:  0f b7 44 24 02           movzwl   2(%esp), %eax
0x06ff34fc:  39 c6                    cmpl     %eax, %esi
0x06ff34fe:  7d 51                    jge      0x6ff3551

----------------
IN: 
0x06ff3551:  b9 02 00 00 00           movl     $2, %ecx
0x06ff3556:  ba 01 80 00 00           movl     $0x8001, %edx
0x06ff355b:  8d 44 24 02              leal     2(%esp), %eax
0x06ff355f:  e8 20 98 0f f9           calll    0xecd84

----------------
IN: 
0x06ff3564:  be 02 00 00 00           movl     $2, %esi
0x06ff3569:  31 db                    xorl     %ebx, %ebx
0x06ff356b:  0f b7 44 24 02           movzwl   2(%esp), %eax
0x06ff3570:  39 c3                    cmpl     %eax, %ebx
0x06ff3572:  0f 8d 8d 00 00 00        jge      0x6ff3605

----------------
IN: 
0x06ff3605:  b9 04 00 00 00           movl     $4, %ecx
0x06ff360a:  ba 19 00 00 00           movl     $0x19, %edx
0x06ff360f:  8d 44 24 04              leal     4(%esp), %eax
0x06ff3613:  e8 6c 97 0f f9           calll    0xecd84

----------------
IN: 
0x06ff3618:  8b 44 24 04              movl     4(%esp), %eax
0x06ff361c:  e8 7c 79 0f f9           calll    0xeaf9d

----------------
IN: 
0x06ff3621:  89 44 24 04              movl     %eax, 4(%esp)
0x06ff3625:  31 db                    xorl     %ebx, %ebx
0x06ff3627:  3b 5c 24 04              cmpl     4(%esp), %ebx
0x06ff362b:  73 32                    jae      0x6ff365f

----------------
IN: 
0x06ff362d:  ba 40 00 00 00           movl     $0x40, %edx
0x06ff3632:  8d 44 24 14              leal     0x14(%esp), %eax
0x06ff3636:  e8 23 97 0f f9           calll    0xecd5e

----------------
IN: 
0x06ff363b:  8b 44 24 14              movl     0x14(%esp), %eax
0x06ff363f:  e8 59 79 0f f9           calll    0xeaf9d

----------------
IN: 
0x06ff3644:  89 c1                    movl     %eax, %ecx
0x06ff3646:  8b 54 24 18              movl     0x18(%esp), %edx
0x06ff364a:  86 f2                    xchgb    %dh, %dl
0x06ff364c:  0f b7 d2                 movzwl   %dx, %edx
0x06ff364f:  8d 44 24 1c              leal     0x1c(%esp), %eax
0x06ff3653:  51                       pushl    %ecx
0x06ff3654:  31 c9                    xorl     %ecx, %ecx
0x06ff3656:  e8 c2 b5 ff ff           calll    0x6feec1d

----------------
IN: 
0x06ff365b:  43                       incl     %ebx
0x06ff365c:  5e                       popl     %esi
0x06ff365d:  eb c8                    jmp      0x6ff3627

----------------
IN: 
0x06ff3627:  3b 5c 24 04              cmpl     4(%esp), %ebx
0x06ff362b:  73 32                    jae      0x6ff365f

----------------
IN: 
0x06ff365f:  b8 bc 1f 0f 00           movl     $0xf1fbc, %eax
0x06ff3664:  e8 85 aa ff ff           calll    0x6fee0ee

----------------
IN: 
0x06fee115:  8b 1b                    movl     (%ebx), %ebx
0x06fee117:  eb e8                    jmp      0x6fee101

----------------
IN: 
0x06fee101:  85 db                    testl    %ebx, %ebx
0x06fee103:  74 14                    je       0x6fee119

----------------
IN: 
0x06ff3669:  85 c0                    testl    %eax, %eax
0x06ff366b:  0f 85 c7 00 00 00        jne      0x6ff3738

----------------
IN: 
0x06ff3738:  b8 e6 1f 0f 00           movl     $0xf1fe6, %eax
0x06ff373d:  e8 ac a9 ff ff           calll    0x6fee0ee

----------------
IN: 
0x06ff3742:  85 c0                    testl    %eax, %eax
0x06ff3744:  74 1a                    je       0x6ff3760

----------------
IN: 
0x06ff3746:  66 c7 05 1c 4a 0f 00 00  movw     $0x600, 0xf4a1c
0x06ff374e:  06
0x06ff374f:  68 00 06 00 00           pushl    $0x600
0x06ff3754:  68 f7 1f 0f 00           pushl    $0xf1ff7
0x06ff3759:  e8 7b 97 0f f9           calll    0xeced9

----------------
IN: 
0x06ff375e:  59                       popl     %ecx
0x06ff375f:  5b                       popl     %ebx
0x06ff3760:  66 c7 44 24 14 00 00     movw     $0, 0x14(%esp)
0x06ff3767:  b9 02 00 00 00           movl     $2, %ecx
0x06ff376c:  ba 04 00 00 00           movl     $4, %edx
0x06ff3771:  8d 44 24 14              leal     0x14(%esp), %eax
0x06ff3775:  e8 0a 96 0f f9           calll    0xecd84

----------------
IN: 
0x06ff377a:  66 83 7c 24 14 00        cmpw     $0, 0x14(%esp)
0x06ff3780:  0f 84 b8 fc ff ff        je       0x6ff343e

----------------
IN: 
0x06ff3786:  b8 0f 20 0f 00           movl     $0xf200f, %eax
0x06ff378b:  e8 5e a9 ff ff           calll    0x6fee0ee

----------------
IN: 
0x06ff3790:  85 c0                    testl    %eax, %eax
0x06ff3792:  0f 85 a6 fc ff ff        jne      0x6ff343e

----------------
IN: 
0x06ff3798:  b8 1f 20 0f 00           movl     $0xf201f, %eax
0x06ff379d:  e8 4c a9 ff ff           calll    0x6fee0ee

----------------
IN: 
0x06ff37a2:  85 c0                    testl    %eax, %eax
0x06ff37a4:  0f 85 94 fc ff ff        jne      0x6ff343e

----------------
IN: 
0x06ff37aa:  b8 04 00 00 00           movl     $4, %eax
0x06ff37af:  e8 fc b1 ff ff           calll    0x6fee9b0

----------------
IN: 
0x06ff37b4:  89 c6                    movl     %eax, %esi
0x06ff37b6:  85 c0                    testl    %eax, %eax
0x06ff37b8:  75 0c                    jne      0x6ff37c6

----------------
IN: 
0x06ff37c6:  c7 00 f8 03 00 00        movl     $0x3f8, (%eax)
0x06ff37cc:  b8 90 00 00 00           movl     $0x90, %eax
0x06ff37d1:  e8 da b1 ff ff           calll    0x6fee9b0

----------------
IN: 
0x06ff37d6:  89 c3                    movl     %eax, %ebx
0x06ff37d8:  85 c0                    testl    %eax, %eax
0x06ff37da:  75 14                    jne      0x6ff37f0

----------------
IN: 
0x06ff37f0:  b9 90 00 00 00           movl     $0x90, %ecx
0x06ff37f5:  31 d2                    xorl     %edx, %edx
0x06ff37f7:  e8 d4 7e 0f f9           calll    0xeb6d0

----------------
IN: 
0x06ff37fc:  8d 40 04                 leal     4(%eax), %eax
0x06ff37ff:  b9 80 00 00 00           movl     $0x80, %ecx
0x06ff3804:  ba 0f 20 0f 00           movl     $0xf200f, %edx
0x06ff3809:  e8 e4 87 ff ff           calll    0x6febff2

----------------
IN: 
0x06ff380e:  c7 83 84 00 00 00 04 00  movl     $4, 0x84(%ebx)
0x06ff3816:  00 00
0x06ff3818:  c7 83 88 00 00 00 c9 cb  movl     $0x6fecbc9, 0x88(%ebx)
0x06ff3820:  fe 06
0x06ff3822:  89 b3 8c 00 00 00        movl     %esi, 0x8c(%ebx)
0x06ff3828:  a1 5c fe ff 06           movl     0x6fffe5c, %eax
0x06ff382d:  89 03                    movl     %eax, (%ebx)
0x06ff382f:  89 1d 5c fe ff 06        movl     %ebx, 0x6fffe5c
0x06ff3835:  e9 04 fc ff ff           jmp      0x6ff343e

----------------
IN: 
0x06ff343e:  31 c0                    xorl     %eax, %eax
0x06ff3440:  ba 53 ff 0f 00           movl     $0xfff53, %edx
0x06ff3445:  e9 f0 03 00 00           jmp      0x6ff383a

----------------
IN: 
0x06ff383a:  66 89 10                 movw     %dx, (%eax)
0x06ff383d:  66 c7 40 02 00 f0        movw     $0xf000, 2(%eax)
0x06ff3843:  83 c0 04                 addl     $4, %eax
0x06ff3846:  3d 00 04 00 00           cmpl     $0x400, %eax
0x06ff384b:  75 ed                    jne      0x6ff383a

----------------
IN: 
0x06ff384d:  b8 20 00 00 00           movl     $0x20, %eax
0x06ff3852:  ba 3d d4 0f 00           movl     $0xfd43d, %edx
0x06ff3857:  66 89 10                 movw     %dx, (%eax)
0x06ff385a:  66 c7 40 02 00 f0        movw     $0xf000, 2(%eax)
0x06ff3860:  83 c0 04                 addl     $4, %eax
0x06ff3863:  83 f8 40                 cmpl     $0x40, %eax
0x06ff3866:  75 ef                    jne      0x6ff3857

----------------
IN: 
0x06ff3857:  66 89 10                 movw     %dx, (%eax)
0x06ff385a:  66 c7 40 02 00 f0        movw     $0xf000, 2(%eax)
0x06ff3860:  83 c0 04                 addl     $4, %eax
0x06ff3863:  83 f8 40                 cmpl     $0x40, %eax
0x06ff3866:  75 ef                    jne      0x6ff3857

----------------
IN: 
0x06ff3868:  b8 c0 01 00 00           movl     $0x1c0, %eax
0x06ff386d:  ba 46 d4 0f 00           movl     $0xfd446, %edx
0x06ff3872:  66 89 10                 movw     %dx, (%eax)
0x06ff3875:  66 c7 40 02 00 f0        movw     $0xf000, 2(%eax)
0x06ff387b:  83 c0 04                 addl     $4, %eax
0x06ff387e:  3d e0 01 00 00           cmpl     $0x1e0, %eax
0x06ff3883:  75 ed                    jne      0x6ff3872

----------------
IN: 
0x06ff3872:  66 89 10                 movw     %dx, (%eax)
0x06ff3875:  66 c7 40 02 00 f0        movw     $0xf000, 2(%eax)
0x06ff387b:  83 c0 04                 addl     $4, %eax
0x06ff387e:  3d e0 01 00 00           cmpl     $0x1e0, %eax
0x06ff3883:  75 ed                    jne      0x6ff3872

----------------
IN: 
0x06ff3885:  b8 c3 e2 0f 00           movl     $0xfe2c3, %eax
0x06ff388a:  66 a3 08 00 00 00        movw     %ax, 8
0x06ff3890:  66 c7 05 0a 00 00 00 00  movw     $0xf000, 0xa
0x06ff3898:  f0
0x06ff3899:  b8 54 ff 0f 00           movl     $0xfff54, %eax
0x06ff389e:  66 a3 14 00 00 00        movw     %ax, 0x14
0x06ff38a4:  66 c7 05 16 00 00 00 00  movw     $0xf000, 0x16
0x06ff38ac:  f0
0x06ff38ad:  b8 65 f0 0f 00           movl     $0xff065, %eax
0x06ff38b2:  66 a3 40 00 00 00        movw     %ax, 0x40
0x06ff38b8:  66 c7 05 42 00 00 00 00  movw     $0xf000, 0x42
0x06ff38c0:  f0
0x06ff38c1:  b8 4d f8 0f 00           movl     $0xff84d, %eax
0x06ff38c6:  66 a3 44 00 00 00        movw     %ax, 0x44
0x06ff38cc:  66 c7 05 46 00 00 00 00  movw     $0xf000, 0x46
0x06ff38d4:  f0
0x06ff38d5:  b8 41 f8 0f 00           movl     $0xff841, %eax
0x06ff38da:  66 a3 48 00 00 00        movw     %ax, 0x48
0x06ff38e0:  66 c7 05 4a 00 00 00 00  movw     $0xf000, 0x4a
0x06ff38e8:  f0
0x06ff38e9:  b8 fe e3 0f 00           movl     $0xfe3fe, %eax
0x06ff38ee:  66 a3 4c 00 00 00        movw     %ax, 0x4c
0x06ff38f4:  66 c7 05 4e 00 00 00 00  movw     $0xf000, 0x4e
0x06ff38fc:  f0
0x06ff38fd:  b8 39 e7 0f 00           movl     $0xfe739, %eax
0x06ff3902:  66 a3 50 00 00 00        movw     %ax, 0x50
0x06ff3908:  66 c7 05 52 00 00 00 00  movw     $0xf000, 0x52
0x06ff3910:  f0
0x06ff3911:  b8 59 f8 0f 00           movl     $0xff859, %eax
0x06ff3916:  66 a3 54 00 00 00        movw     %ax, 0x54
0x06ff391c:  66 c7 05 56 00 00 00 00  movw     $0xf000, 0x56
0x06ff3924:  f0
0x06ff3925:  b8 2e e8 0f 00           movl     $0xfe82e, %eax
0x06ff392a:  66 a3 58 00 00 00        movw     %ax, 0x58
0x06ff3930:  66 c7 05 5a 00 00 00 00  movw     $0xf000, 0x5a
0x06ff3938:  f0
0x06ff3939:  b8 d2 ef 0f 00           movl     $0xfefd2, %eax
0x06ff393e:  66 a3 5c 00 00 00        movw     %ax, 0x5c
0x06ff3944:  66 c7 05 5e 00 00 00 00  movw     $0xf000, 0x5e
0x06ff394c:  f0
0x06ff394d:  b8 62 d4 0f 00           movl     $0xfd462, %eax
0x06ff3952:  66 a3 60 00 00 00        movw     %ax, 0x60
0x06ff3958:  66 c7 05 62 00 00 00 00  movw     $0xf000, 0x62
0x06ff3960:  f0
0x06ff3961:  b8 f2 e6 0f 00           movl     $0xfe6f2, %eax
0x06ff3966:  66 a3 64 00 00 00        movw     %ax, 0x64
0x06ff396c:  66 c7 05 66 00 00 00 00  movw     $0xf000, 0x66
0x06ff3974:  f0
0x06ff3975:  b8 6e fe 0f 00           movl     $0xffe6e, %eax
0x06ff397a:  66 a3 68 00 00 00        movw     %ax, 0x68
0x06ff3980:  66 c7 05 6a 00 00 00 00  movw     $0xf000, 0x6a
0x06ff3988:  f0
0x06ff3989:  b8 59 ec 0f 00           movl     $0xfec59, %eax
0x06ff398e:  66 a3 00 01 00 00        movw     %ax, 0x100
0x06ff3994:  66 c7 05 02 01 00 00 00  movw     $0xf000, 0x102
0x06ff399c:  f0
0x06ff399d:  b8 80 01 00 00           movl     $0x180, %eax
0x06ff39a2:  31 d2                    xorl     %edx, %edx
0x06ff39a4:  89 10                    movl     %edx, (%eax)
0x06ff39a6:  83 c0 04                 addl     $4, %eax
0x06ff39a9:  3d 9c 01 00 00           cmpl     $0x19c, %eax
0x06ff39ae:  75 f2                    jne      0x6ff39a2

----------------
IN: 
0x06ff39a2:  31 d2                    xorl     %edx, %edx
0x06ff39a4:  89 10                    movl     %edx, (%eax)
0x06ff39a6:  83 c0 04                 addl     $4, %eax
0x06ff39a9:  3d 9c 01 00 00           cmpl     $0x19c, %eax
0x06ff39ae:  75 f2                    jne      0x6ff39a2

----------------
IN: 
0x06ff39b0:  31 ff                    xorl     %edi, %edi
0x06ff39b2:  89 3d e4 01 00 00        movl     %edi, 0x1e4
0x06ff39b8:  b9 00 01 00 00           movl     $0x100, %ecx
0x06ff39bd:  31 d2                    xorl     %edx, %edx
0x06ff39bf:  b8 00 04 00 00           movl     $0x400, %eax
0x06ff39c4:  e8 07 7d 0f f9           calll    0xeb6d0

----------------
IN: 
0x06ff39c9:  66 c7 05 0e 04 00 00 c0  movw     $0x9fc0, 0x40e
0x06ff39d1:  9f
0x06ff39d2:  66 c7 05 13 04 00 00 7f  movw     $0x27f, 0x413
0x06ff39da:  02
0x06ff39db:  b9 21 01 00 00           movl     $0x121, %ecx
0x06ff39e0:  b8 00 fc 09 00           movl     $0x9fc00, %eax
0x06ff39e5:  e8 e6 7c 0f f9           calll    0xeb6d0

----------------
IN: 
0x06ff39ea:  c6 05 00 fc 09 00 01     movb     $1, 0x9fc00
0x06ff39f1:  6a 02                    pushl    $2
0x06ff39f3:  6a 00                    pushl    $0
0x06ff39f5:  68 00 04 00 00           pushl    $0x400
0x06ff39fa:  b8 00 fc 09 00           movl     $0x9fc00, %eax
0x06ff39ff:  31 d2                    xorl     %edx, %edx
0x06ff3a01:  e8 ff ad ff ff           calll    0x6fee805

----------------
IN: 
0x06fee805:  57                       pushl    %edi
0x06fee806:  56                       pushl    %esi
0x06fee807:  89 c6                    movl     %eax, %esi
0x06fee809:  89 d7                    movl     %edx, %edi
0x06fee80b:  8b 4c 24 0c              movl     0xc(%esp), %ecx
0x06fee80f:  8b 54 24 10              movl     0x10(%esp), %edx
0x06fee813:  8b 44 24 14              movl     0x14(%esp), %eax
0x06fee817:  85 d2                    testl    %edx, %edx
0x06fee819:  75 04                    jne      0x6fee81f

----------------
IN: 
0x06fee81b:  85 c9                    testl    %ecx, %ecx
0x06fee81d:  74 17                    je       0x6fee836

----------------
IN: 
0x06fee81f:  89 44 24 14              movl     %eax, 0x14(%esp)
0x06fee823:  89 4c 24 0c              movl     %ecx, 0xc(%esp)
0x06fee827:  89 54 24 10              movl     %edx, 0x10(%esp)
0x06fee82b:  89 f0                    movl     %esi, %eax
0x06fee82d:  89 fa                    movl     %edi, %edx
0x06fee82f:  5e                       popl     %esi
0x06fee830:  5f                       popl     %edi
0x06fee831:  e9 0b fe ff ff           jmp      0x6fee641

----------------
IN: 
0x06fee641:  55                       pushl    %ebp
0x06fee642:  57                       pushl    %edi
0x06fee643:  56                       pushl    %esi
0x06fee644:  53                       pushl    %ebx
0x06fee645:  83 ec 24                 subl     $0x24, %esp
0x06fee648:  89 44 24 04              movl     %eax, 4(%esp)
0x06fee64c:  89 54 24 08              movl     %edx, 8(%esp)
0x06fee650:  8b 44 24 38              movl     0x38(%esp), %eax
0x06fee654:  8b 54 24 3c              movl     0x3c(%esp), %edx
0x06fee658:  89 44 24 14              movl     %eax, 0x14(%esp)
0x06fee65c:  89 54 24 18              movl     %edx, 0x18(%esp)
0x06fee660:  8b 44 24 40              movl     0x40(%esp), %eax
0x06fee664:  89 44 24 1c              movl     %eax, 0x1c(%esp)
0x06fee668:  8b 35 e4 55 0f 00        movl     0xf55e4, %esi
0x06fee66e:  31 c0                    xorl     %eax, %eax
0x06fee670:  89 04 24                 movl     %eax, (%esp)
0x06fee673:  39 34 24                 cmpl     %esi, (%esp)
0x06fee676:  0f 8d 4b 01 00 00        jge      0x6fee7c7

----------------
IN: 
0x06fee67c:  6b 0c 24 14              imull    $0x14, (%esp), %ecx
0x06fee680:  8b 81 00 56 0f 00        movl     0xf5600(%ecx), %eax
0x06fee686:  8b 91 04 56 0f 00        movl     0xf5604(%ecx), %edx
0x06fee68c:  89 c7                    movl     %eax, %edi
0x06fee68e:  89 d5                    movl     %edx, %ebp
0x06fee690:  03 b9 08 56 0f 00        addl     0xf5608(%ecx), %edi
0x06fee696:  13 a9 0c 56 0f 00        adcl     0xf560c(%ecx), %ebp
0x06fee69c:  89 7c 24 0c              movl     %edi, 0xc(%esp)
0x06fee6a0:  89 6c 24 10              movl     %ebp, 0x10(%esp)
0x06fee6a4:  8b 5c 24 04              movl     4(%esp), %ebx
0x06fee6a8:  39 5c 24 0c              cmpl     %ebx, 0xc(%esp)
0x06fee6ac:  8b 5c 24 10              movl     0x10(%esp), %ebx
0x06fee6b0:  1b 5c 24 08              sbbl     8(%esp), %ebx
0x06fee6b4:  73 05                    jae      0x6fee6bb

----------------
IN: 
0x06fee6bb:  8b 7c 24 14              movl     0x14(%esp), %edi
0x06fee6bf:  8b 6c 24 18              movl     0x18(%esp), %ebp
0x06fee6c3:  03 7c 24 04              addl     4(%esp), %edi
0x06fee6c7:  13 6c 24 08              adcl     8(%esp), %ebp
0x06fee6cb:  3b 44 24 04              cmpl     4(%esp), %eax
0x06fee6cf:  89 d6                    movl     %edx, %esi
0x06fee6d1:  1b 74 24 08              sbbl     8(%esp), %esi
0x06fee6d5:  73 77                    jae      0x6fee74e

----------------
IN: 
0x06fee6d7:  8b 99 10 56 0f 00        movl     0xf5610(%ecx), %ebx
0x06fee6dd:  89 5c 24 20              movl     %ebx, 0x20(%esp)
0x06fee6e1:  8b 5c 24 1c              movl     0x1c(%esp), %ebx
0x06fee6e5:  39 5c 24 20              cmpl     %ebx, 0x20(%esp)
0x06fee6e9:  75 1a                    jne      0x6fee705

----------------
IN: 
0x06fee705:  8b 5c 24 04              movl     4(%esp), %ebx
0x06fee709:  8b 74 24 08              movl     8(%esp), %esi
0x06fee70d:  29 c3                    subl     %eax, %ebx
0x06fee70f:  19 d6                    sbbl     %edx, %esi
0x06fee711:  89 99 08 56 0f 00        movl     %ebx, 0xf5608(%ecx)
0x06fee717:  89 b1 0c 56 0f 00        movl     %esi, 0xf560c(%ecx)
0x06fee71d:  ff 04 24                 incl     (%esp)
0x06fee720:  3b 7c 24 0c              cmpl     0xc(%esp), %edi
0x06fee724:  89 e8                    movl     %ebp, %eax
0x06fee726:  1b 44 24 10              sbbl     0x10(%esp), %eax
0x06fee72a:  73 22                    jae      0x6fee74e

----------------
IN: 
0x06fee74e:  6b 34 24 14              imull    $0x14, (%esp), %esi
0x06fee752:  8b 04 24                 movl     (%esp), %eax
0x06fee755:  3b 05 e4 55 0f 00        cmpl     0xf55e4, %eax
0x06fee75b:  7d 6a                    jge      0x6fee7c7

----------------
IN: 
0x06fee75d:  8b 86 00 56 0f 00        movl     0xf5600(%esi), %eax
0x06fee763:  8b 96 04 56 0f 00        movl     0xf5604(%esi), %edx
0x06fee769:  39 c7                    cmpl     %eax, %edi
0x06fee76b:  89 e9                    movl     %ebp, %ecx
0x06fee76d:  19 d1                    sbbl     %edx, %ecx
0x06fee76f:  72 56                    jb       0x6fee7c7

----------------
IN: 
0x06fee7c7:  83 7c 24 1c ff           cmpl     $-1, 0x1c(%esp)
0x06fee7cc:  74 2f                    je       0x6fee7fd

----------------
IN: 
0x06fee7ce:  8b 44 24 1c              movl     0x1c(%esp), %eax
0x06fee7d2:  89 44 24 40              movl     %eax, 0x40(%esp)
0x06fee7d6:  8b 44 24 14              movl     0x14(%esp), %eax
0x06fee7da:  8b 54 24 18              movl     0x18(%esp), %edx
0x06fee7de:  89 44 24 38              movl     %eax, 0x38(%esp)
0x06fee7e2:  89 54 24 3c              movl     %edx, 0x3c(%esp)
0x06fee7e6:  8b 54 24 04              movl     4(%esp), %edx
0x06fee7ea:  8b 4c 24 08              movl     8(%esp), %ecx
0x06fee7ee:  8b 04 24                 movl     (%esp), %eax
0x06fee7f1:  83 c4 24                 addl     $0x24, %esp
0x06fee7f4:  5b                       popl     %ebx
0x06fee7f5:  5e                       popl     %esi
0x06fee7f6:  5f                       popl     %edi
0x06fee7f7:  5d                       popl     %ebp
0x06fee7f8:  e9 a8 fd ff ff           jmp      0x6fee5a5

----------------
IN: 
0x06fee5a5:  55                       pushl    %ebp
0x06fee5a6:  57                       pushl    %edi
0x06fee5a7:  56                       pushl    %esi
0x06fee5a8:  53                       pushl    %ebx
0x06fee5a9:  83 ec 10                 subl     $0x10, %esp
0x06fee5ac:  8b 7c 24 24              movl     0x24(%esp), %edi
0x06fee5b0:  8b 6c 24 28              movl     0x28(%esp), %ebp
0x06fee5b4:  89 3c 24                 movl     %edi, (%esp)
0x06fee5b7:  89 6c 24 04              movl     %ebp, 4(%esp)
0x06fee5bb:  8b 7c 24 2c              movl     0x2c(%esp), %edi
0x06fee5bf:  8b 1d e4 55 0f 00        movl     0xf55e4, %ebx
0x06fee5c5:  83 fb 7f                 cmpl     $0x7f, %ebx
0x06fee5c8:  7e 16                    jle      0x6fee5e0

----------------
IN: 
0x06fee5e0:  89 54 24 08              movl     %edx, 8(%esp)
0x06fee5e4:  89 4c 24 0c              movl     %ecx, 0xc(%esp)
0x06fee5e8:  6b f0 14                 imull    $0x14, %eax, %esi
0x06fee5eb:  89 d9                    movl     %ebx, %ecx
0x06fee5ed:  29 c1                    subl     %eax, %ecx
0x06fee5ef:  6b c9 14                 imull    $0x14, %ecx, %ecx
0x06fee5f2:  8d ae 00 56 0f 00        leal     0xf5600(%esi), %ebp
0x06fee5f8:  8d 86 14 56 0f 00        leal     0xf5614(%esi), %eax
0x06fee5fe:  89 ea                    movl     %ebp, %edx
0x06fee600:  e8 3d f7 ff ff           calll    0x6fedd42

----------------
IN: 
0x06fee605:  43                       incl     %ebx
0x06fee606:  89 1d e4 55 0f 00        movl     %ebx, 0xf55e4
0x06fee60c:  8b 44 24 08              movl     8(%esp), %eax
0x06fee610:  8b 54 24 0c              movl     0xc(%esp), %edx
0x06fee614:  89 86 00 56 0f 00        movl     %eax, 0xf5600(%esi)
0x06fee61a:  89 96 04 56 0f 00        movl     %edx, 0xf5604(%esi)
0x06fee620:  8b 04 24                 movl     (%esp), %eax
0x06fee623:  8b 54 24 04              movl     4(%esp), %edx
0x06fee627:  89 86 08 56 0f 00        movl     %eax, 0xf5608(%esi)
0x06fee62d:  89 96 0c 56 0f 00        movl     %edx, 0xf560c(%esi)
0x06fee633:  89 be 10 56 0f 00        movl     %edi, 0xf5610(%esi)
0x06fee639:  83 c4 10                 addl     $0x10, %esp
0x06fee63c:  5b                       popl     %ebx
0x06fee63d:  5e                       popl     %esi
0x06fee63e:  5f                       popl     %edi
0x06fee63f:  5d                       popl     %ebp
0x06fee640:  c3                       retl     

----------------
IN: 
0x06ff3a06:  b8 b8 a1 0e 00           movl     $0xea1b8, %eax
0x06ff3a0b:  2d 00 a8 0d 00           subl     $0xda800, %eax
0x06ff3a10:  a3 b0 99 0e 00           movl     %eax, 0xe99b0
0x06ff3a15:  b0 b8                    movb     $0xb8, %al
0x06ff3a17:  e6 70                    outb     %al, $0x70

----------------
IN: 
0x06ff3a19:  e4 71                    inb      $0x71, %al

----------------
IN: 
0x06ff3a1b:  83 c4 0c                 addl     $0xc, %esp
0x06ff3a1e:  a8 01                    testb    $1, %al
0x06ff3a20:  74 08                    je       0x6ff3a2a

----------------
IN: 
0x06ff3a2a:  b0 bd                    movb     $0xbd, %al
0x06ff3a2c:  e6 70                    outb     %al, $0x70

----------------
IN: 
0x06ff3a2e:  e4 71                    inb      $0x71, %al

----------------
IN: 
0x06ff3a30:  0f b6 d0                 movzbl   %al, %edx
0x06ff3a33:  b0 b8                    movb     $0xb8, %al
0x06ff3a35:  e6 70                    outb     %al, $0x70

----------------
IN: 
0x06ff3a37:  e4 71                    inb      $0x71, %al

----------------
IN: 
0x06ff3a39:  c1 e0 04                 shll     $4, %eax
0x06ff3a3c:  25 00 0f 00 00           andl     $0xf00, %eax
0x06ff3a41:  09 d0                    orl      %edx, %eax
0x06ff3a43:  c7 05 44 fe ff 06 0f 27  movl     $0x270f, 0x6fffe44
0x06ff3a4b:  00 00
0x06ff3a4d:  c7 05 48 fe ff 06 0f 27  movl     $0x270f, 0x6fffe48
0x06ff3a55:  00 00
0x06ff3a57:  c7 05 4c fe ff 06 0f 27  movl     $0x270f, 0x6fffe4c
0x06ff3a5f:  00 00
0x06ff3a61:  c7 05 50 fe ff 06 0f 27  movl     $0x270f, 0x6fffe50
0x06ff3a69:  00 00
0x06ff3a6b:  ba 65 00 00 00           movl     $0x65, %edx
0x06ff3a70:  89 c1                    movl     %eax, %ecx
0x06ff3a72:  83 e1 0f                 andl     $0xf, %ecx
0x06ff3a75:  89 c3                    movl     %eax, %ebx
0x06ff3a77:  c1 e8 04                 shrl     $4, %eax
0x06ff3a7a:  83 f9 03                 cmpl     $3, %ecx
0x06ff3a7d:  74 2c                    je       0x6ff3aab

----------------
IN: 
0x06ff3a7f:  80 e3 0c                 andb     $0xc, %bl
0x06ff3a82:  75 12                    jne      0x6ff3a96

----------------
IN: 
0x06ff3a84:  83 f9 01                 cmpl     $1, %ecx
0x06ff3a87:  74 1a                    je       0x6ff3aa3

----------------
IN: 
0x06ff3a89:  83 f9 02                 cmpl     $2, %ecx
0x06ff3a8c:  75 23                    jne      0x6ff3ab1

----------------
IN: 
0x06ff3a8e:  89 15 48 fe ff 06        movl     %edx, 0x6fffe48
0x06ff3a94:  eb 1b                    jmp      0x6ff3ab1

----------------
IN: 
0x06ff3ab1:  42                       incl     %edx
0x06ff3ab2:  83 fa 68                 cmpl     $0x68, %edx
0x06ff3ab5:  75 b9                    jne      0x6ff3a70

----------------
IN: 
0x06ff3a70:  89 c1                    movl     %eax, %ecx
0x06ff3a72:  83 e1 0f                 andl     $0xf, %ecx
0x06ff3a75:  89 c3                    movl     %eax, %ebx
0x06ff3a77:  c1 e8 04                 shrl     $4, %eax
0x06ff3a7a:  83 f9 03                 cmpl     $3, %ecx
0x06ff3a7d:  74 2c                    je       0x6ff3aab

----------------
IN: 
0x06ff3aa3:  89 15 50 fe ff 06        movl     %edx, 0x6fffe50
0x06ff3aa9:  eb 06                    jmp      0x6ff3ab1

----------------
IN: 
0x06ff3aab:  89 15 4c fe ff 06        movl     %edx, 0x6fffe4c
0x06ff3ab1:  42                       incl     %edx
0x06ff3ab2:  83 fa 68                 cmpl     $0x68, %edx
0x06ff3ab5:  75 b9                    jne      0x6ff3a70

----------------
IN: 
0x06ff3ab7:  ba 60 ea 00 00           movl     $0xea60, %edx
0x06ff3abc:  31 c9                    xorl     %ecx, %ecx
0x06ff3abe:  b8 33 20 0f 00           movl     $0xf2033, %eax
0x06ff3ac3:  e8 57 a6 ff ff           calll    0x6fee11f

----------------
IN: 
0x06ff3ac8:  a3 80 4d 0f 00           movl     %eax, 0xf4d80
0x06ff3acd:  31 d2                    xorl     %edx, %edx
0x06ff3acf:  b8 46 20 0f 00           movl     $0xf2046, %eax
0x06ff3ad4:  e8 15 b0 ff ff           calll    0x6feeaee

----------------
IN: 
0x06feeaee:  55                       pushl    %ebp
0x06feeaef:  57                       pushl    %edi
0x06feeaf0:  56                       pushl    %esi
0x06feeaf1:  53                       pushl    %ebx
0x06feeaf2:  89 d7                    movl     %edx, %edi
0x06feeaf4:  e8 f5 f5 ff ff           calll    0x6fee0ee

----------------
IN: 
0x06feeaf9:  85 c0                    testl    %eax, %eax
0x06feeafb:  74 29                    je       0x6feeb26

----------------
IN: 
0x06feeafd:  89 c6                    movl     %eax, %esi
0x06feeaff:  8b a8 84 00 00 00        movl     0x84(%eax), %ebp
0x06feeb05:  85 ed                    testl    %ebp, %ebp
0x06feeb07:  74 1d                    je       0x6feeb26

----------------
IN: 
0x06feeb26:  31 db                    xorl     %ebx, %ebx
0x06feeb28:  eb 23                    jmp      0x6feeb4d

----------------
IN: 
0x06feeb4d:  89 d8                    movl     %ebx, %eax
0x06feeb4f:  5b                       popl     %ebx
0x06feeb50:  5e                       popl     %esi
0x06feeb51:  5f                       popl     %edi
0x06feeb52:  5d                       popl     %ebp
0x06feeb53:  c3                       retl     

----------------
IN: 
0x06ff3ad9:  89 c3                    movl     %eax, %ebx
0x06ff3adb:  85 c0                    testl    %eax, %eax
0x06ff3add:  0f 84 b1 00 00 00        je       0x6ff3b94

----------------
IN: 
0x06ff3b94:  31 d2                    xorl     %edx, %edx
0x06ff3b96:  b8 65 20 0f 00           movl     $0xf2065, %eax
0x06ff3b9b:  e8 4e af ff ff           calll    0x6feeaee

----------------
IN: 
0x06ff3ba0:  89 c3                    movl     %eax, %ebx
0x06ff3ba2:  85 c0                    testl    %eax, %eax
0x06ff3ba4:  0f 84 e7 00 00 00        je       0x6ff3c91

----------------
IN: 
0x06ff3c91:  c7 05 84 60 0f 00 7b d2  movl     $0xfd27b, 0xf6084
0x06ff3c99:  0f 00
0x06ff3c9b:  ba 10 00 00 00           movl     $0x10, %edx
0x06ff3ca0:  b8 80 60 0f 00           movl     $0xf6080, %eax
0x06ff3ca5:  e8 53 79 0f f9           calll    0xeb5fd

----------------
IN: 
0x000eb5fd:  01 c2                    addl     %eax, %edx
0x000eb5ff:  31 c9                    xorl     %ecx, %ecx
0x000eb601:  39 d0                    cmpl     %edx, %eax
0x000eb603:  74 05                    je       0xeb60a

----------------
IN: 
0x000eb605:  02 08                    addb     (%eax), %cl
0x000eb607:  40                       incl     %eax
0x000eb608:  eb f7                    jmp      0xeb601

----------------
IN: 
0x000eb601:  39 d0                    cmpl     %edx, %eax
0x000eb603:  74 05                    je       0xeb60a

----------------
IN: 
0x000eb60a:  88 c8                    movb     %cl, %al
0x000eb60c:  c3                       retl     

----------------
IN: 
0x06ff3caa:  28 05 8a 60 0f 00        subb     %al, 0xf608a
0x06ff3cb0:  b8 c0 d0 0f 00           movl     $0xfd0c0, %eax
0x06ff3cb5:  66 a3 d7 55 0f 00        movw     %ax, 0xf55d7
0x06ff3cbb:  66 c7 05 d9 55 0f 00 00  movw     $0xf000, 0xf55d9
0x06ff3cc3:  f0
0x06ff3cc4:  ba 10 00 00 00           movl     $0x10, %edx
0x06ff3cc9:  b8 d0 55 0f 00           movl     $0xf55d0, %eax
0x06ff3cce:  e8 2a 79 0f f9           calll    0xeb5fd

----------------
IN: 
0x06ff3cd3:  28 05 d6 55 0f 00        subb     %al, 0xf55d6
0x06ff3cd9:  b8 22 d1 0f 00           movl     $0xfd122, %eax
0x06ff3cde:  66 a3 ad 60 0f 00        movw     %ax, 0xf60ad
0x06ff3ce4:  b8 1e d1 0f 00           movl     $0xfd11e, %eax
0x06ff3ce9:  66 a3 b1 60 0f 00        movw     %ax, 0xf60b1
0x06ff3cef:  ba 21 00 00 00           movl     $0x21, %edx
0x06ff3cf4:  b8 a0 60 0f 00           movl     $0xf60a0, %eax
0x06ff3cf9:  e8 ff 78 0f f9           calll    0xeb5fd

----------------
IN: 
0x06ff3cfe:  28 05 a8 60 0f 00        subb     %al, 0xf60a8
0x06ff3d04:  c6 05 96 04 00 00 10     movb     $0x10, 0x496
0x06ff3d0b:  66 c7 05 1a 04 00 00 1e  movw     $0x1e, 0x41a
0x06ff3d13:  00
0x06ff3d14:  66 c7 05 1c 04 00 00 1e  movw     $0x1e, 0x41c
0x06ff3d1c:  00
0x06ff3d1d:  66 c7 05 80 04 00 00 1e  movw     $0x1e, 0x480
0x06ff3d25:  00
0x06ff3d26:  66 c7 05 82 04 00 00 3e  movw     $0x3e, 0x482
0x06ff3d2e:  00
0x06ff3d2f:  66 83 0d 10 04 00 00 04  orw      $4, 0x410
0x06ff3d37:  81 c4 94 00 00 00        addl     $0x94, %esp
0x06ff3d3d:  5b                       popl     %ebx
0x06ff3d3e:  5e                       popl     %esi
0x06ff3d3f:  5f                       popl     %edi
0x06ff3d40:  c3                       retl     

----------------
IN: 
0x06ffbaf9:  e8 8b b7 ff ff           calll    0x6ff7289

----------------
IN: 
0x06ff7289:  55                       pushl    %ebp
0x06ff728a:  57                       pushl    %edi
0x06ff728b:  56                       pushl    %esi
0x06ff728c:  53                       pushl    %ebx
0x06ff728d:  81 ec 88 00 00 00        subl     $0x88, %esp
0x06ff7293:  31 c0                    xorl     %eax, %eax
0x06ff7295:  e6 0d                    outb     %al, $0xd

----------------
IN: 
0x06ff7297:  e6 da                    outb     %al, $0xda

----------------
IN: 
0x06ff7299:  b0 c0                    movb     $0xc0, %al
0x06ff729b:  e6 d6                    outb     %al, $0xd6

----------------
IN: 
0x06ff729d:  31 c0                    xorl     %eax, %eax
0x06ff729f:  e6 d4                    outb     %al, $0xd4

----------------
IN: 
0x06ff72a1:  e8 3c 42 0f f9           calll    0xeb4e2

----------------
IN: 
0x000eb4e2:  b0 11                    movb     $0x11, %al
0x000eb4e4:  e6 20                    outb     %al, $0x20

----------------
IN: 
0x000eb4e6:  e6 a0                    outb     %al, $0xa0

----------------
IN: 
0x000eb4e8:  b0 08                    movb     $8, %al
0x000eb4ea:  e6 21                    outb     %al, $0x21

----------------
IN: 
0x000eb4ec:  b0 70                    movb     $0x70, %al
0x000eb4ee:  e6 a1                    outb     %al, $0xa1

----------------
IN: 
0x000eb4f0:  b0 04                    movb     $4, %al
0x000eb4f2:  e6 21                    outb     %al, $0x21

----------------
IN: 
0x000eb4f4:  b0 02                    movb     $2, %al
0x000eb4f6:  e6 a1                    outb     %al, $0xa1

----------------
IN: 
0x000eb4f8:  b0 01                    movb     $1, %al
0x000eb4fa:  e6 21                    outb     %al, $0x21

----------------
IN: 
0x000eb4fc:  e6 a1                    outb     %al, $0xa1

----------------
IN: 
0x000eb4fe:  b0 fb                    movb     $0xfb, %al
0x000eb500:  e6 21                    outb     %al, $0x21

----------------
IN: 
0x000eb502:  b0 ff                    movb     $0xff, %al
0x000eb504:  e6 a1                    outb     %al, $0xa1

----------------
IN: 
0x000eb506:  c3                       retl     

----------------
IN: 
0x06ff72a6:  c6 05 a1 4d 0f 00 01     movb     $1, 0xf4da1
0x06ff72ad:  b8 01 00 00 00           movl     $1, %eax
0x06ff72b2:  e8 51 56 0f f9           calll    0xec908

----------------
IN: 
0x000ec908:  53                       pushl    %ebx
0x000ec909:  89 c3                    movl     %eax, %ebx
0x000ec90b:  89 e0                    movl     %esp, %eax
0x000ec90d:  3d 00 70 00 00           cmpl     $0x7000, %eax
0x000ec912:  76 0a                    jbe      0xec91e

----------------
IN: 
0x000ec91e:  b9 18 00 00 00           movl     $0x18, %ecx
0x000ec923:  31 d2                    xorl     %edx, %edx
0x000ec925:  b8 bc a1 0e 00           movl     $0xea1bc, %eax
0x000ec92a:  e8 a1 ed ff ff           calll    0xeb6d0

----------------
IN: 
0x000ec92f:  85 db                    testl    %ebx, %ebx
0x000ec931:  74 07                    je       0xec93a

----------------
IN: 
0x000ec933:  c6 05 bc a1 0e 00 01     movb     $1, 0xea1bc
0x000ec93a:  c6 05 be a1 0e 00 01     movb     $1, 0xea1be
0x000ec941:  5b                       popl     %ebx
0x000ec942:  c3                       retl     

----------------
IN: 
0x06ff72b7:  ba 01 00 00 00           movl     $1, %edx
0x06ff72bc:  31 c9                    xorl     %ecx, %ecx
0x06ff72be:  b8 44 2a 0f 00           movl     $0xf2a44, %eax
0x06ff72c3:  e8 57 6e ff ff           calll    0x6fee11f

----------------
IN: 
0x06fee134:  89 f0                    movl     %esi, %eax
0x06fee136:  89 fa                    movl     %edi, %edx
0x06fee138:  eb 33                    jmp      0x6fee16d

----------------
IN: 
0x06fee16d:  59                       popl     %ecx
0x06fee16e:  5e                       popl     %esi
0x06fee16f:  5e                       popl     %esi
0x06fee170:  5f                       popl     %edi
0x06fee171:  5d                       popl     %ebp
0x06fee172:  c3                       retl     

----------------
IN: 
0x06ff72c8:  a2 a0 4d 0f 00           movb     %al, 0xf4da0
0x06ff72cd:  66 83 0d 10 04 00 00 02  orw      $2, 0x410
0x06ff72d5:  ba 34 d4 0f 00           movl     $0xfd434, %edx
0x06ff72da:  0f b7 d2                 movzwl   %dx, %edx
0x06ff72dd:  81 ca 00 00 00 f0        orl      $0xf0000000, %edx
0x06ff72e3:  b8 0d 00 00 00           movl     $0xd, %eax
0x06ff72e8:  e8 22 61 ff ff           calll    0x6fed40f

----------------
IN: 
0x06fed40f:  56                       pushl    %esi
0x06fed410:  53                       pushl    %ebx
0x06fed411:  89 c1                    movl     %eax, %ecx
0x06fed413:  89 d3                    movl     %edx, %ebx
0x06fed415:  ba 01 00 00 00           movl     $1, %edx
0x06fed41a:  d3 e2                    shll     %cl, %edx
0x06fed41c:  e4 21                    inb      $0x21, %al

----------------
IN: 
0x06fed41e:  89 d6                    movl     %edx, %esi
0x06fed420:  f7 d6                    notl     %esi
0x06fed422:  21 f0                    andl     %esi, %eax
0x06fed424:  e6 21                    outb     %al, $0x21

----------------
IN: 
0x06fed426:  e4 a1                    inb      $0xa1, %al

----------------
IN: 
0x06fed428:  66 c1 ea 08              shrw     $8, %dx
0x06fed42c:  f7 d2                    notl     %edx
0x06fed42e:  21 d0                    andl     %edx, %eax
0x06fed430:  e6 a1                    outb     %al, $0xa1

----------------
IN: 
0x06fed432:  8d 41 08                 leal     8(%ecx), %eax
0x06fed435:  83 f9 07                 cmpl     $7, %ecx
0x06fed438:  7e 03                    jle      0x6fed43d

----------------
IN: 
0x06fed43a:  8d 41 68                 leal     0x68(%ecx), %eax
0x06fed43d:  89 1c 85 00 00 00 00     movl     %ebx, (, %eax, 4)
0x06fed444:  5b                       popl     %ebx
0x06fed445:  5e                       popl     %esi
0x06fed446:  c3                       retl     

----------------
IN: 
0x06ff72ed:  e8 08 2f 0f f9           calll    0xea1fa

----------------
IN: 
0x06ff72f2:  89 44 24 14              movl     %eax, 0x14(%esp)
0x06ff72f6:  85 c0                    testl    %eax, %eax
0x06ff72f8:  0f 84 d7 01 00 00        je       0x6ff74d5

----------------
IN: 
0x06ff74d5:  f6 05 c0 55 0f 00 04     testb    $4, 0xf55c0
0x06ff74dc:  0f 84 cd 00 00 00        je       0x6ff75af

----------------
IN: 
0x06ff75af:  8a 0d 19 ff ff 06        movb     0x6ffff19, %cl
0x06ff75b5:  84 c9                    testb    %cl, %cl
0x06ff75b7:  74 3e                    je       0x6ff75f7

----------------
IN: 
0x06ff75b9:  31 c0                    xorl     %eax, %eax
0x06ff75bb:  31 d2                    xorl     %edx, %edx
0x06ff75bd:  f6 c1 20                 testb    $0x20, %cl
0x06ff75c0:  0f 94 c0                 sete     %al
0x06ff75c3:  0f 95 c2                 setne    %dl
0x06ff75c6:  d3 e0                    shll     %cl, %eax
0x06ff75c8:  d3 e2                    shll     %cl, %edx
0x06ff75ca:  a3 08 ff ff 06           movl     %eax, 0x6ffff08
0x06ff75cf:  89 15 0c ff ff 06        movl     %edx, 0x6ffff0c
0x06ff75d5:  80 f9 2c                 cmpb     $0x2c, %cl
0x06ff75d8:  76 1d                    jbe      0x6ff75f7

----------------
IN: 
0x06ff75f7:  31 d2                    xorl     %edx, %edx
0x06ff75f9:  b8 30 2b 0f 00           movl     $0xf2b30, %eax
0x06ff75fe:  e8 eb 74 ff ff           calll    0x6feeaee

----------------
IN: 
0x06ff7603:  89 c3                    movl     %eax, %ebx
0x06ff7605:  85 c0                    testl    %eax, %eax
0x06ff7607:  74 54                    je       0x6ff765d

----------------
IN: 
0x06ff765d:  a1 20 ff ff 06           movl     0x6ffff20, %eax
0x06ff7662:  0b 05 24 ff ff 06        orl      0x6ffff24, %eax
0x06ff7668:  0f 95 c0                 setne    %al
0x06ff766b:  0f b6 c0                 movzbl   %al, %eax
0x06ff766e:  a3 c4 fd ff 06           movl     %eax, 0x6fffdc4
0x06ff7673:  80 3d 18 ff ff 06 00     cmpb     $0, 0x6ffff18
0x06ff767a:  75 07                    jne      0x6ff7683

----------------
IN: 
0x06ff7683:  68 63 2b 0f 00           pushl    $0xf2b63
0x06ff7688:  e8 4c 58 0f f9           calll    0xeced9

----------------
IN: 
0x06ff768d:  ba f8 0c 00 00           movl     $0xcf8, %edx
0x06ff7692:  b8 00 00 00 80           movl     $0x80000000, %eax
0x06ff7697:  ef                       outl     %eax, %dx

----------------
IN: 
0x06ff7698:  ed                       inl      %dx, %eax

----------------
IN: 
0x06ff7699:  5d                       popl     %ebp
0x06ff769a:  3d 00 00 00 80           cmpl     $0x80000000, %eax
0x06ff769f:  74 0a                    je       0x6ff76ab

----------------
IN: 
0x06ff76ab:  31 d2                    xorl     %edx, %edx
0x06ff76ad:  31 c9                    xorl     %ecx, %ecx
0x06ff76af:  b8 55 16 0f 00           movl     $0xf1655, %eax
0x06ff76b4:  e8 66 6a ff ff           calll    0x6fee11f

----------------
IN: 
0x06ff76b9:  89 c3                    movl     %eax, %ebx
0x06ff76bb:  c6 44 24 68 00           movb     $0, 0x68(%esp)
0x06ff76c0:  8d 54 24 68              leal     0x68(%esp), %edx
0x06ff76c4:  31 c0                    xorl     %eax, %eax
0x06ff76c6:  e8 55 89 ff ff           calll    0x6ff0020

----------------
IN: 
0x06ff0020:  55                       pushl    %ebp
0x06ff0021:  57                       pushl    %edi
0x06ff0022:  56                       pushl    %esi
0x06ff0023:  53                       pushl    %ebx
0x06ff0024:  83 ec 14                 subl     $0x14, %esp
0x06ff0027:  89 c3                    movl     %eax, %ebx
0x06ff0029:  89 14 24                 movl     %edx, (%esp)
0x06ff002c:  50                       pushl    %eax
0x06ff002d:  68 f8 f3 ff 06           pushl    $0x6fff3f8
0x06ff0032:  68 35 13 0f 00           pushl    $0xf1335
0x06ff0037:  e8 9d ce 0f f9           calll    0xeced9

----------------
IN: 
0x06ff003c:  89 df                    movl     %ebx, %edi
0x06ff003e:  c1 e7 08                 shll     $8, %edi
0x06ff0041:  0f b7 ff                 movzwl   %di, %edi
0x06ff0044:  4f                       decl     %edi
0x06ff0045:  89 da                    movl     %ebx, %edx
0x06ff0047:  89 f8                    movl     %edi, %eax
0x06ff0049:  e8 6c c0 ff ff           calll    0x6fec0ba

----------------
IN: 
0x06fec0ba:  56                       pushl    %esi
0x06fec0bb:  53                       pushl    %ebx
0x06fec0bc:  89 c3                    movl     %eax, %ebx
0x06fec0be:  89 d6                    movl     %edx, %esi
0x06fec0c0:  a8 07                    testb    $7, %al
0x06fec0c2:  75 31                    jne      0x6fec0f5

----------------
IN: 
0x06fec0f5:  43                       incl     %ebx
0x06fec0f6:  eb e0                    jmp      0x6fec0d8

----------------
IN: 
0x06fec0d8:  0f b6 c7                 movzbl   %bh, %eax
0x06fec0db:  39 f0                    cmpl     %esi, %eax
0x06fec0dd:  75 19                    jne      0x6fec0f8

----------------
IN: 
0x06fec0df:  0f b7 c3                 movzwl   %bx, %eax
0x06fec0e2:  31 d2                    xorl     %edx, %edx
0x06fec0e4:  e8 fc e3 0f f9           calll    0xea4e5

----------------
IN: 
0x06fec0e9:  48                       decl     %eax
0x06fec0ea:  66 83 f8 fd              cmpw     $-3, %ax
0x06fec0ee:  76 0d                    jbe      0x6fec0fd

----------------
IN: 
0x06fec0fd:  89 d8                    movl     %ebx, %eax
0x06fec0ff:  5b                       popl     %ebx
0x06fec100:  5e                       popl     %esi
0x06fec101:  c3                       retl     

----------------
IN: 
0x06ff004e:  89 c6                    movl     %eax, %esi
0x06ff0050:  83 c4 0c                 addl     $0xc, %esp
0x06ff0053:  85 f6                    testl    %esi, %esi
0x06ff0055:  78 41                    js       0x6ff0098

----------------
IN: 
0x06ff0057:  0f b7 ee                 movzwl   %si, %ebp
0x06ff005a:  ba 0a 00 00 00           movl     $0xa, %edx
0x06ff005f:  89 e8                    movl     %ebp, %eax
0x06ff0061:  e8 7f a4 0f f9           calll    0xea4e5

----------------
IN: 
0x06ff0066:  66 3d 04 06              cmpw     $0x604, %ax
0x06ff006a:  75 1f                    jne      0x6ff008b

----------------
IN: 
0x06ff008b:  89 da                    movl     %ebx, %edx
0x06ff008d:  89 f0                    movl     %esi, %eax
0x06ff008f:  e8 26 c0 ff ff           calll    0x6fec0ba

----------------
IN: 
0x06fec0c4:  0f b7 c0                 movzwl   %ax, %eax
0x06fec0c7:  ba 0e 00 00 00           movl     $0xe, %edx
0x06fec0cc:  e8 52 e4 0f f9           calll    0xea523

----------------
IN: 
0x000ea523:  89 d1                    movl     %edx, %ecx
0x000ea525:  8b 15 98 4d 0f 00        movl     0xf4d98, %edx
0x000ea52b:  0f b7 c0                 movzwl   %ax, %eax
0x000ea52e:  85 d2                    testl    %edx, %edx
0x000ea530:  74 0a                    je       0xea53c

----------------
IN: 
0x000ea53c:  c1 e0 08                 shll     $8, %eax
0x000ea53f:  89 ca                    movl     %ecx, %edx
0x000ea541:  81 e2 fc 00 00 00        andl     $0xfc, %edx
0x000ea547:  09 d0                    orl      %edx, %eax
0x000ea549:  0d 00 00 00 80           orl      $0x80000000, %eax
0x000ea54e:  ba f8 0c 00 00           movl     $0xcf8, %edx
0x000ea553:  ef                       outl     %eax, %dx

----------------
IN: 
0x000ea554:  83 e1 03                 andl     $3, %ecx
0x000ea557:  8d 91 fc 0c 00 00        leal     0xcfc(%ecx), %edx
0x000ea55d:  ec                       inb      %dx, %al

----------------
IN: 
0x000ea55e:  c3                       retl     

----------------
IN: 
0x06fec0d1:  84 c0                    testb    %al, %al
0x06fec0d3:  78 20                    js       0x6fec0f5

----------------
IN: 
0x06fec0d5:  83 c3 08                 addl     $8, %ebx
0x06fec0d8:  0f b6 c7                 movzbl   %bh, %eax
0x06fec0db:  39 f0                    cmpl     %esi, %eax
0x06fec0dd:  75 19                    jne      0x6fec0f8

----------------
IN: 
0x06ff0094:  89 c6                    movl     %eax, %esi
0x06ff0096:  eb bb                    jmp      0x6ff0053

----------------
IN: 
0x06ff0053:  85 f6                    testl    %esi, %esi
0x06ff0055:  78 41                    js       0x6ff0098

----------------
IN: 
0x06fec0f0:  f6 c3 07                 testb    $7, %bl
0x06fec0f3:  74 e0                    je       0x6fec0d5

----------------
IN: 
0x06fec0f8:  bb ff ff ff ff           movl     $0xffffffff, %ebx
0x06fec0fd:  89 d8                    movl     %ebx, %eax
0x06fec0ff:  5b                       popl     %ebx
0x06fec100:  5e                       popl     %esi
0x06fec101:  c3                       retl     

----------------
IN: 
0x06ff0098:  89 da                    movl     %ebx, %edx
0x06ff009a:  89 f8                    movl     %edi, %eax
0x06ff009c:  e8 19 c0 ff ff           calll    0x6fec0ba

----------------
IN: 
0x06ff00a1:  89 44 24 08              movl     %eax, 8(%esp)
0x06ff00a5:  83 7c 24 08 00           cmpl     $0, 8(%esp)
0x06ff00aa:  0f 88 d9 01 00 00        js       0x6ff0289

----------------
IN: 
0x06ff00b0:  0f b7 7c 24 08           movzwl   8(%esp), %edi
0x06ff00b5:  ba 0a 00 00 00           movl     $0xa, %edx
0x06ff00ba:  89 f8                    movl     %edi, %eax
0x06ff00bc:  e8 24 a4 0f f9           calll    0xea4e5

----------------
IN: 
0x06ff00c1:  66 3d 04 06              cmpw     $0x604, %ax
0x06ff00c5:  0f 85 b3 01 00 00        jne      0x6ff027e

----------------
IN: 
0x06ff027e:  89 da                    movl     %ebx, %edx
0x06ff0280:  8b 44 24 08              movl     8(%esp), %eax
0x06ff0284:  e9 13 fe ff ff           jmp      0x6ff009c

----------------
IN: 
0x06ff009c:  e8 19 c0 ff ff           calll    0x6fec0ba

----------------
IN: 
0x06ff0289:  83 c4 14                 addl     $0x14, %esp
0x06ff028c:  5b                       popl     %ebx
0x06ff028d:  5e                       popl     %esi
0x06ff028e:  5f                       popl     %edi
0x06ff028f:  5d                       popl     %ebp
0x06ff0290:  c3                       retl     

----------------
IN: 
0x06ff76cb:  84 db                    testb    %bl, %bl
0x06ff76cd:  75 2c                    jne      0x6ff76fb

----------------
IN: 
0x06ff76cf:  68 9b 2b 0f 00           pushl    $0xf2b9b
0x06ff76d4:  e8 00 58 0f f9           calll    0xeced9

----------------
IN: 
0x06ff76d9:  e8 4b 91 ff ff           calll    0x6ff0829

----------------
IN: 
0x06ff0829:  55                       pushl    %ebp
0x06ff082a:  57                       pushl    %edi
0x06ff082b:  56                       pushl    %esi
0x06ff082c:  53                       pushl    %ebx
0x06ff082d:  81 ec 14 04 00 00        subl     $0x414, %esp
0x06ff0833:  8d 44 24 14              leal     0x14(%esp), %eax
0x06ff0837:  b9 00 04 00 00           movl     $0x400, %ecx
0x06ff083c:  31 d2                    xorl     %edx, %edx
0x06ff083e:  e8 8d ae 0f f9           calll    0xeb6d0

----------------
IN: 
0x06ff0843:  31 d2                    xorl     %edx, %edx
0x06ff0845:  31 c9                    xorl     %ecx, %ecx
0x06ff0847:  b8 55 16 0f 00           movl     $0xf1655, %eax
0x06ff084c:  e8 ce d8 ff ff           calll    0x6fee11f

----------------
IN: 
0x06ff0851:  89 44 24 10              movl     %eax, 0x10(%esp)
0x06ff0855:  31 c0                    xorl     %eax, %eax
0x06ff0857:  89 44 24 08              movl     %eax, 8(%esp)
0x06ff085b:  89 04 24                 movl     %eax, (%esp)
0x06ff085e:  89 44 24 04              movl     %eax, 4(%esp)
0x06ff0862:  bb ff ff ff ff           movl     $0xffffffff, %ebx
0x06ff0867:  bd f8 fd ff 06           movl     $0x6fffdf8, %ebp
0x06ff086c:  39 1d cc 55 0f 00        cmpl     %ebx, 0xf55cc
0x06ff0872:  0f 8e 2a 01 00 00        jle      0x6ff09a2

----------------
IN: 
0x06ff0878:  43                       incl     %ebx
0x06ff0879:  89 d8                    movl     %ebx, %eax
0x06ff087b:  c1 e0 08                 shll     $8, %eax
0x06ff087e:  0f b7 c0                 movzwl   %ax, %eax
0x06ff0881:  48                       decl     %eax
0x06ff0882:  89 da                    movl     %ebx, %edx
0x06ff0884:  e8 31 b8 ff ff           calll    0x6fec0ba

----------------
IN: 
0x06ff0889:  89 c7                    movl     %eax, %edi
0x06ff088b:  85 ff                    testl    %edi, %edi
0x06ff088d:  0f 88 01 01 00 00        js       0x6ff0994

----------------
IN: 
0x06ff0893:  b8 20 00 00 00           movl     $0x20, %eax
0x06ff0898:  e8 13 e1 ff ff           calll    0x6fee9b0

----------------
IN: 
0x06ff089d:  89 c6                    movl     %eax, %esi
0x06ff089f:  85 c0                    testl    %eax, %eax
0x06ff08a1:  75 19                    jne      0x6ff08bc

----------------
IN: 
0x06ff08bc:  b9 20 00 00 00           movl     $0x20, %ecx
0x06ff08c1:  31 d2                    xorl     %edx, %edx
0x06ff08c3:  e8 08 ae 0f f9           calll    0xeb6d0

----------------
IN: 
0x06ff08c8:  8d 40 04                 leal     4(%eax), %eax
0x06ff08cb:  89 44 24 0c              movl     %eax, 0xc(%esp)
0x06ff08cf:  89 ea                    movl     %ebp, %edx
0x06ff08d1:  e8 fb b6 ff ff           calll    0x6febfd1

----------------
IN: 
0x06ff08d6:  ff 44 24 08              incl     8(%esp)
0x06ff08da:  8b 44 9c 14              movl     0x14(%esp, %ebx, 4), %eax
0x06ff08de:  85 c0                    testl    %eax, %eax
0x06ff08e0:  75 22                    jne      0x6ff0904

----------------
IN: 
0x06ff08e2:  39 5c 24 04              cmpl     %ebx, 4(%esp)
0x06ff08e6:  74 03                    je       0x6ff08eb

----------------
IN: 
0x06ff08eb:  39 1d cc 55 0f 00        cmpl     %ebx, 0xf55cc
0x06ff08f1:  7c 09                    jl       0x6ff08fc

----------------
IN: 
0x06ff08f3:  8b 14 24                 movl     (%esp), %edx
0x06ff08f6:  89 5c 24 04              movl     %ebx, 4(%esp)
0x06ff08fa:  eb 0c                    jmp      0x6ff0908

----------------
IN: 
0x06ff0908:  66 89 3e                 movw     %di, (%esi)
0x06ff090b:  89 46 0c                 movl     %eax, 0xc(%esi)
0x06ff090e:  88 56 02                 movb     %dl, 2(%esi)
0x06ff0911:  0f b7 ef                 movzwl   %di, %ebp
0x06ff0914:  31 d2                    xorl     %edx, %edx
0x06ff0916:  89 e8                    movl     %ebp, %eax
0x06ff0918:  e8 94 9b 0f f9           calll    0xea4b1

----------------
IN: 
0x000ea4b1:  8b 0d 98 4d 0f 00        movl     0xf4d98, %ecx
0x000ea4b7:  0f b7 c0                 movzwl   %ax, %eax
0x000ea4ba:  85 c9                    testl    %ecx, %ecx
0x000ea4bc:  74 0a                    je       0xea4c8

----------------
IN: 
0x000ea4c8:  c1 e0 08                 shll     $8, %eax
0x000ea4cb:  81 e2 fc 00 00 00        andl     $0xfc, %edx
0x000ea4d1:  09 d0                    orl      %edx, %eax
0x000ea4d3:  0d 00 00 00 80           orl      $0x80000000, %eax
0x000ea4d8:  ba f8 0c 00 00           movl     $0xcf8, %edx
0x000ea4dd:  ef                       outl     %eax, %dx

----------------
IN: 
0x000ea4de:  ba fc 0c 00 00           movl     $0xcfc, %edx
0x000ea4e3:  ed                       inl      %dx, %eax

----------------
IN: 
0x000ea4e4:  c3                       retl     

----------------
IN: 
0x06ff091d:  89 46 10                 movl     %eax, 0x10(%esi)
0x06ff0920:  ba 08 00 00 00           movl     $8, %edx
0x06ff0925:  89 e8                    movl     %ebp, %eax
0x06ff0927:  e8 85 9b 0f f9           calll    0xea4b1

----------------
IN: 
0x06ff092c:  89 c2                    movl     %eax, %edx
0x06ff092e:  c1 ea 10                 shrl     $0x10, %edx
0x06ff0931:  66 89 56 14              movw     %dx, 0x14(%esi)
0x06ff0935:  86 e0                    xchgb    %ah, %al
0x06ff0937:  66 89 46 16              movw     %ax, 0x16(%esi)
0x06ff093b:  ba 0e 00 00 00           movl     $0xe, %edx
0x06ff0940:  89 e8                    movl     %ebp, %eax
0x06ff0942:  e8 dc 9b 0f f9           calll    0xea523

----------------
IN: 
0x06ff0947:  88 46 18                 movb     %al, 0x18(%esi)
0x06ff094a:  83 e0 7f                 andl     $0x7f, %eax
0x06ff094d:  48                       decl     %eax
0x06ff094e:  3c 01                    cmpb     $1, %al
0x06ff0950:  77 2e                    ja       0x6ff0980

----------------
IN: 
0x06ff0980:  89 da                    movl     %ebx, %edx
0x06ff0982:  89 f8                    movl     %edi, %eax
0x06ff0984:  e8 31 b7 ff ff           calll    0x6fec0ba

----------------
IN: 
0x06ff0989:  89 c7                    movl     %eax, %edi
0x06ff098b:  8b 6c 24 0c              movl     0xc(%esp), %ebp
0x06ff098f:  e9 f7 fe ff ff           jmp      0x6ff088b

----------------
IN: 
0x06ff088b:  85 ff                    testl    %edi, %edi
0x06ff088d:  0f 88 01 01 00 00        js       0x6ff0994

----------------
IN: 
0x06ff0994:  81 fb ff 00 00 00        cmpl     $0xff, %ebx
0x06ff099a:  0f 85 cc fe ff ff        jne      0x6ff086c

----------------
IN: 
0x06ff086c:  39 1d cc 55 0f 00        cmpl     %ebx, 0xf55cc
0x06ff0872:  0f 8e 2a 01 00 00        jle      0x6ff09a2

----------------
IN: 
0x06ff09a2:  8b 3c 24                 movl     (%esp), %edi
0x06ff09a5:  39 7c 24 10              cmpl     %edi, 0x10(%esp)
0x06ff09a9:  0f 8f c9 fe ff ff        jg       0x6ff0878

----------------
IN: 
0x06ff09af:  ff 35 cc 55 0f 00        pushl    0xf55cc
0x06ff09b5:  ff 74 24 0c              pushl    0xc(%esp)
0x06ff09b9:  68 69 16 0f 00           pushl    $0xf1669
0x06ff09be:  e8 16 c5 0f f9           calll    0xeced9

----------------
IN: 
0x06ff09c3:  81 c4 20 04 00 00        addl     $0x420, %esp
0x06ff09c9:  5b                       popl     %ebx
0x06ff09ca:  5e                       popl     %esi
0x06ff09cb:  5f                       popl     %edi
0x06ff09cc:  5d                       popl     %ebp
0x06ff09cd:  c3                       retl     

----------------
IN: 
0x06ff76de:  a1 28 ff ff 06           movl     0x6ffff28, %eax
0x06ff76e3:  a3 d0 fd ff 06           movl     %eax, 0x6fffdd0
0x06ff76e8:  31 f6                    xorl     %esi, %esi
0x06ff76ea:  89 35 d4 fd ff 06        movl     %esi, 0x6fffdd4
0x06ff76f0:  a1 f8 fd ff 06           movl     0x6fffdf8, %eax
0x06ff76f5:  8d 58 fc                 leal     -4(%eax), %ebx
0x06ff76f8:  5f                       popl     %edi
0x06ff76f9:  eb 1b                    jmp      0x6ff7716

----------------
IN: 
0x06ff7716:  83 fb fc                 cmpl     $-4, %ebx
0x06ff7719:  74 14                    je       0x6ff772f

----------------
IN: 
0x06ff771b:  89 da                    movl     %ebx, %edx
0x06ff771d:  b8 40 fa ff 06           movl     $0x6fffa40, %eax
0x06ff7722:  e8 20 5d ff ff           calll    0x6fed447

----------------
IN: 
0x06fed447:  53                       pushl    %ebx
0x06fed448:  89 d1                    movl     %edx, %ecx
0x06fed44a:  8b 10                    movl     (%eax), %edx
0x06fed44c:  85 d2                    testl    %edx, %edx
0x06fed44e:  74 3c                    je       0x6fed48c

----------------
IN: 
0x06fed450:  83 fa ff                 cmpl     $-1, %edx
0x06fed453:  74 08                    je       0x6fed45d

----------------
IN: 
0x06fed455:  0f b7 59 10              movzwl   0x10(%ecx), %ebx
0x06fed459:  39 da                    cmpl     %ebx, %edx
0x06fed45b:  75 2a                    jne      0x6fed487

----------------
IN: 
0x06fed45d:  8b 50 04                 movl     4(%eax), %edx
0x06fed460:  83 fa ff                 cmpl     $-1, %edx
0x06fed463:  74 08                    je       0x6fed46d

----------------
IN: 
0x06fed465:  0f b7 59 12              movzwl   0x12(%ecx), %ebx
0x06fed469:  39 da                    cmpl     %ebx, %edx
0x06fed46b:  75 1a                    jne      0x6fed487

----------------
IN: 
0x06fed46d:  0f b7 51 14              movzwl   0x14(%ecx), %edx
0x06fed471:  33 50 08                 xorl     8(%eax), %edx
0x06fed474:  23 50 0c                 andl     0xc(%eax), %edx
0x06fed477:  75 0e                    jne      0x6fed487

----------------
IN: 
0x06fed479:  8b 58 10                 movl     0x10(%eax), %ebx
0x06fed47c:  85 db                    testl    %ebx, %ebx
0x06fed47e:  74 12                    je       0x6fed492

----------------
IN: 
0x06fed480:  89 c8                    movl     %ecx, %eax
0x06fed482:  89 d9                    movl     %ebx, %ecx
0x06fed484:  5b                       popl     %ebx
0x06fed485:  ff e1                    jmpl     *%ecx

----------------
IN: 
0x06fec7b7:  a1 28 ff ff 06           movl     0x6ffff28, %eax
0x06fec7bc:  3d 00 00 00 80           cmpl     $0x80000000, %eax
0x06fec7c1:  77 0c                    ja       0x6fec7cf

----------------
IN: 
0x06fec7c3:  c7 05 d0 fd ff 06 00 00  movl     $0x80000000, 0x6fffdd0
0x06fec7cb:  00 80
0x06fec7cd:  eb 11                    jmp      0x6fec7e0

----------------
IN: 
0x06fec7e0:  31 c0                    xorl     %eax, %eax
0x06fec7e2:  a3 d4 fd ff 06           movl     %eax, 0x6fffdd4
0x06fec7e7:  c7 05 c0 fd ff 06 1e c7  movl     $0x6fec71e, 0x6fffdc0
0x06fec7ef:  fe 06
0x06fec7f1:  c3                       retl     

----------------
IN: 
0x06ff7727:  8b 5b 04                 movl     4(%ebx), %ebx
0x06ff772a:  83 eb 04                 subl     $4, %ebx
0x06ff772d:  eb e7                    jmp      0x6ff7716

----------------
IN: 
0x06fed487:  83 c0 14                 addl     $0x14, %eax
0x06fed48a:  eb be                    jmp      0x6fed44a

----------------
IN: 
0x06fed44a:  8b 10                    movl     (%eax), %edx
0x06fed44c:  85 d2                    testl    %edx, %edx
0x06fed44e:  74 3c                    je       0x6fed48c

----------------
IN: 
0x06fed48c:  83 78 0c 00              cmpl     $0, 0xc(%eax)
0x06fed490:  75 c3                    jne      0x6fed455

----------------
IN: 
0x06fed492:  5b                       popl     %ebx
0x06fed493:  c3                       retl     

----------------
IN: 
0x06ff772f:  68 b7 2b 0f 00           pushl    $0xf2bb7
0x06ff7734:  e8 a0 57 0f f9           calll    0xeced9

----------------
IN: 
0x06ff7739:  a1 cc 55 0f 00           movl     0xf55cc, %eax
0x06ff773e:  40                       incl     %eax
0x06ff773f:  6b c0 28                 imull    $0x28, %eax, %eax
0x06ff7742:  e8 69 72 ff ff           calll    0x6fee9b0

----------------
IN: 
0x06ff7747:  89 c5                    movl     %eax, %ebp
0x06ff7749:  5b                       popl     %ebx
0x06ff774a:  85 c0                    testl    %eax, %eax
0x06ff774c:  75 14                    jne      0x6ff7762

----------------
IN: 
0x06ff7762:  a1 cc 55 0f 00           movl     0xf55cc, %eax
0x06ff7767:  8d 48 01                 leal     1(%eax), %ecx
0x06ff776a:  6b c9 28                 imull    $0x28, %ecx, %ecx
0x06ff776d:  31 d2                    xorl     %edx, %edx
0x06ff776f:  89 e8                    movl     %ebp, %eax
0x06ff7771:  e8 5a 3f 0f f9           calll    0xeb6d0

----------------
IN: 
0x06ff7776:  e8 53 92 ff ff           calll    0x6ff09ce

----------------
IN: 
0x06ff09ce:  55                       pushl    %ebp
0x06ff09cf:  57                       pushl    %edi
0x06ff09d0:  56                       pushl    %esi
0x06ff09d1:  53                       pushl    %ebx
0x06ff09d2:  83 ec 3c                 subl     $0x3c, %esp
0x06ff09d5:  89 44 24 18              movl     %eax, 0x18(%esp)
0x06ff09d9:  68 95 16 0f 00           pushl    $0xf1695
0x06ff09de:  e8 f6 c4 0f f9           calll    0xeced9

----------------
IN: 
0x06ff09e3:  a1 f8 fd ff 06           movl     0x6fffdf8, %eax
0x06ff09e8:  8d 58 fc                 leal     -4(%eax), %ebx
0x06ff09eb:  58                       popl     %eax
0x06ff09ec:  83 fb fc                 cmpl     $-4, %ebx
0x06ff09ef:  0f 84 00 02 00 00        je       0x6ff0bf5

----------------
IN: 
0x06ff09f5:  66 81 7b 14 04 06        cmpw     $0x604, 0x14(%ebx)
0x06ff09fb:  75 0f                    jne      0x6ff0a0c

----------------
IN: 
0x06ff0a0c:  8b 03                    movl     (%ebx), %eax
0x06ff0a0e:  0f b6 c4                 movzbl   %ah, %eax
0x06ff0a11:  6b c0 28                 imull    $0x28, %eax, %eax
0x06ff0a14:  8b 7c 24 18              movl     0x18(%esp), %edi
0x06ff0a18:  01 f8                    addl     %edi, %eax
0x06ff0a1a:  89 44 24 1c              movl     %eax, 0x1c(%esp)
0x06ff0a1e:  83 78 24 00              cmpl     $0, 0x24(%eax)
0x06ff0a22:  75 04                    jne      0x6ff0a28

----------------
IN: 
0x06ff0a24:  89 7c 24 1c              movl     %edi, 0x1c(%esp)
0x06ff0a28:  31 ed                    xorl     %ebp, %ebp
0x06ff0a2a:  66 81 7b 14 04 06        cmpw     $0x604, 0x14(%ebx)
0x06ff0a30:  75 0b                    jne      0x6ff0a3d

----------------
IN: 
0x06ff0a3d:  83 fd 06                 cmpl     $6, %ebp
0x06ff0a40:  74 09                    je       0x6ff0a4b

----------------
IN: 
0x06ff0a42:  8d 34 ad 10 00 00 00     leal     0x10(, %ebp, 4), %esi
0x06ff0a49:  eb 14                    jmp      0x6ff0a5f

----------------
IN: 
0x06ff0a5f:  0f b7 3b                 movzwl   (%ebx), %edi
0x06ff0a62:  89 f2                    movl     %esi, %edx
0x06ff0a64:  89 f8                    movl     %edi, %eax
0x06ff0a66:  e8 46 9a 0f f9           calll    0xea4b1

----------------
IN: 
0x06ff0a6b:  89 44 24 14              movl     %eax, 0x14(%esp)
0x06ff0a6f:  83 fd 06                 cmpl     $6, %ebp
0x06ff0a72:  75 2b                    jne      0x6ff0a9f

----------------
IN: 
0x06ff0a9f:  f6 44 24 14 01           testb    $1, 0x14(%esp)
0x06ff0aa4:  75 38                    jne      0x6ff0ade

----------------
IN: 
0x06ff0aa6:  8b 44 24 14              movl     0x14(%esp), %eax
0x06ff0aaa:  83 e0 08                 andl     $8, %eax
0x06ff0aad:  83 f8 01                 cmpl     $1, %eax
0x06ff0ab0:  19 c0                    sbbl     %eax, %eax
0x06ff0ab2:  89 44 24 08              movl     %eax, 8(%esp)
0x06ff0ab6:  83 44 24 08 02           addl     $2, 8(%esp)
0x06ff0abb:  8b 44 24 14              movl     0x14(%esp), %eax
0x06ff0abf:  83 e0 06                 andl     $6, %eax
0x06ff0ac2:  83 f8 04                 cmpl     $4, %eax
0x06ff0ac5:  0f 94 c0                 sete     %al
0x06ff0ac8:  0f b6 c0                 movzbl   %al, %eax
0x06ff0acb:  89 04 24                 movl     %eax, (%esp)
0x06ff0ace:  c7 44 24 0c f0 ff ff ff  movl     $0xfffffff0, 0xc(%esp)
0x06ff0ad6:  31 d2                    xorl     %edx, %edx
0x06ff0ad8:  89 54 24 10              movl     %edx, 0x10(%esp)
0x06ff0adc:  eb 15                    jmp      0x6ff0af3

----------------
IN: 
0x06ff0af3:  b9 ff ff ff ff           movl     $0xffffffff, %ecx
0x06ff0af8:  89 f2                    movl     %esi, %edx
0x06ff0afa:  89 f8                    movl     %edi, %eax
0x06ff0afc:  e8 f3 98 0f f9           calll    0xea3f4

----------------
IN: 
0x000ea3f4:  53                       pushl    %ebx
0x000ea3f5:  8b 1d 98 4d 0f 00        movl     0xf4d98, %ebx
0x000ea3fb:  0f b7 c0                 movzwl   %ax, %eax
0x000ea3fe:  85 db                    testl    %ebx, %ebx
0x000ea400:  74 0b                    je       0xea40d

----------------
IN: 
0x000ea40d:  c1 e0 08                 shll     $8, %eax
0x000ea410:  81 e2 fc 00 00 00        andl     $0xfc, %edx
0x000ea416:  09 d0                    orl      %edx, %eax
0x000ea418:  0d 00 00 00 80           orl      $0x80000000, %eax
0x000ea41d:  ba f8 0c 00 00           movl     $0xcf8, %edx
0x000ea422:  ef                       outl     %eax, %dx

----------------
IN: 
0x000ea423:  ba fc 0c 00 00           movl     $0xcfc, %edx
0x000ea428:  89 c8                    movl     %ecx, %eax
0x000ea42a:  ef                       outl     %eax, %dx

----------------
IN: 
0x000ea42b:  5b                       popl     %ebx
0x000ea42c:  c3                       retl     

----------------
IN: 
0x06ff0b01:  89 f2                    movl     %esi, %edx
0x06ff0b03:  89 f8                    movl     %edi, %eax
0x06ff0b05:  e8 a7 99 0f f9           calll    0xea4b1

----------------
IN: 
0x06ff0b0a:  89 44 24 20              movl     %eax, 0x20(%esp)
0x06ff0b0e:  31 c0                    xorl     %eax, %eax
0x06ff0b10:  89 44 24 24              movl     %eax, 0x24(%esp)
0x06ff0b14:  8b 4c 24 14              movl     0x14(%esp), %ecx
0x06ff0b18:  89 f2                    movl     %esi, %edx
0x06ff0b1a:  89 f8                    movl     %edi, %eax
0x06ff0b1c:  e8 d3 98 0f f9           calll    0xea3f4

----------------
IN: 
0x06ff0b21:  83 3c 24 00              cmpl     $0, (%esp)
0x06ff0b25:  74 5b                    je       0x6ff0b82

----------------
IN: 
0x06ff0b82:  8b 44 24 20              movl     0x20(%esp), %eax
0x06ff0b86:  23 44 24 0c              andl     0xc(%esp), %eax
0x06ff0b8a:  f7 d8                    negl     %eax
0x06ff0b8c:  31 d2                    xorl     %edx, %edx
0x06ff0b8e:  85 d2                    testl    %edx, %edx
0x06ff0b90:  75 04                    jne      0x6ff0b96

----------------
IN: 
0x06ff0b92:  85 c0                    testl    %eax, %eax
0x06ff0b94:  74 4a                    je       0x6ff0be0

----------------
IN: 
0x06ff0be0:  45                       incl     %ebp
0x06ff0be1:  83 fd 06                 cmpl     $6, %ebp
0x06ff0be4:  0f 8e 40 fe ff ff        jle      0x6ff0a2a

----------------
IN: 
0x06ff0a2a:  66 81 7b 14 04 06        cmpw     $0x604, 0x14(%ebx)
0x06ff0a30:  75 0b                    jne      0x6ff0a3d

----------------
IN: 
0x06ff0a4b:  8a 43 18                 movb     0x18(%ebx), %al
0x06ff0a4e:  83 e0 7f                 andl     $0x7f, %eax
0x06ff0a51:  be 30 00 00 00           movl     $0x30, %esi
0x06ff0a56:  fe c8                    decb     %al
0x06ff0a58:  75 05                    jne      0x6ff0a5f

----------------
IN: 
0x06ff0a74:  b9 00 f8 ff ff           movl     $0xfffff800, %ecx
0x06ff0a79:  89 f2                    movl     %esi, %edx
0x06ff0a7b:  89 f8                    movl     %edi, %eax
0x06ff0a7d:  e8 72 99 0f f9           calll    0xea3f4

----------------
IN: 
0x06ff0a82:  c7 44 24 0c 00 f8 ff ff  movl     $0xfffff800, 0xc(%esp)
0x06ff0a8a:  31 c9                    xorl     %ecx, %ecx
0x06ff0a8c:  89 4c 24 10              movl     %ecx, 0x10(%esp)
0x06ff0a90:  c7 44 24 08 01 00 00 00  movl     $1, 8(%esp)
0x06ff0a98:  31 c0                    xorl     %eax, %eax
0x06ff0a9a:  89 04 24                 movl     %eax, (%esp)
0x06ff0a9d:  eb 62                    jmp      0x6ff0b01

----------------
IN: 
0x06ff0bea:  8b 5b 04                 movl     4(%ebx), %ebx
0x06ff0bed:  83 eb 04                 subl     $4, %ebx
0x06ff0bf0:  e9 f7 fd ff ff           jmp      0x6ff09ec

----------------
IN: 
0x06ff09ec:  83 fb fc                 cmpl     $-4, %ebx
0x06ff09ef:  0f 84 00 02 00 00        je       0x6ff0bf5

----------------
IN: 
0x06ff0ade:  c7 44 24 0c fc ff ff ff  movl     $0xfffffffc, 0xc(%esp)
0x06ff0ae6:  31 c0                    xorl     %eax, %eax
0x06ff0ae8:  89 44 24 10              movl     %eax, 0x10(%esp)
0x06ff0aec:  89 44 24 08              movl     %eax, 8(%esp)
0x06ff0af0:  89 04 24                 movl     %eax, (%esp)
0x06ff0af3:  b9 ff ff ff ff           movl     $0xffffffff, %ecx
0x06ff0af8:  89 f2                    movl     %esi, %edx
0x06ff0afa:  89 f8                    movl     %edi, %eax
0x06ff0afc:  e8 f3 98 0f f9           calll    0xea3f4

----------------
IN: 
0x06ff0b96:  83 7c 24 08 00           cmpl     $0, 8(%esp)
0x06ff0b9b:  74 17                    je       0x6ff0bb4

----------------
IN: 
0x06ff0bb4:  ff 34 24                 pushl    (%esp)
0x06ff0bb7:  ff 74 24 0c              pushl    0xc(%esp)
0x06ff0bbb:  52                       pushl    %edx
0x06ff0bbc:  50                       pushl    %eax
0x06ff0bbd:  52                       pushl    %edx
0x06ff0bbe:  50                       pushl    %eax
0x06ff0bbf:  89 e9                    movl     %ebp, %ecx
0x06ff0bc1:  89 da                    movl     %ebx, %edx
0x06ff0bc3:  8b 44 24 34              movl     0x34(%esp), %eax
0x06ff0bc7:  e8 d0 e0 ff ff           calll    0x6feec9c

----------------
IN: 
0x06feec9c:  55                       pushl    %ebp
0x06feec9d:  57                       pushl    %edi
0x06feec9e:  56                       pushl    %esi
0x06feec9f:  53                       pushl    %ebx
0x06feeca0:  83 ec 10                 subl     $0x10, %esp
0x06feeca3:  89 c7                    movl     %eax, %edi
0x06feeca5:  89 14 24                 movl     %edx, (%esp)
0x06feeca8:  89 4c 24 0c              movl     %ecx, 0xc(%esp)
0x06feecac:  8b 44 24 24              movl     0x24(%esp), %eax
0x06feecb0:  89 44 24 04              movl     %eax, 4(%esp)
0x06feecb4:  8b 44 24 28              movl     0x28(%esp), %eax
0x06feecb8:  89 44 24 08              movl     %eax, 8(%esp)
0x06feecbc:  8b 74 24 2c              movl     0x2c(%esp), %esi
0x06feecc0:  8b 6c 24 30              movl     0x30(%esp), %ebp
0x06feecc4:  b8 28 00 00 00           movl     $0x28, %eax
0x06feecc9:  e8 e2 fc ff ff           calll    0x6fee9b0

----------------
IN: 
0x06feecce:  89 c3                    movl     %eax, %ebx
0x06feecd0:  85 c0                    testl    %eax, %eax
0x06feecd2:  75 14                    jne      0x6feece8

----------------
IN: 
0x06feece8:  b9 28 00 00 00           movl     $0x28, %ecx
0x06feeced:  31 d2                    xorl     %edx, %edx
0x06feecef:  e8 dc c9 0f f9           calll    0xeb6d0

----------------
IN: 
0x06feecf4:  8b 04 24                 movl     (%esp), %eax
0x06feecf7:  89 03                    movl     %eax, (%ebx)
0x06feecf9:  8b 44 24 0c              movl     0xc(%esp), %eax
0x06feecfd:  89 43 04                 movl     %eax, 4(%ebx)
0x06feed00:  8b 44 24 04              movl     4(%esp), %eax
0x06feed04:  89 43 08                 movl     %eax, 8(%ebx)
0x06feed07:  8b 44 24 08              movl     8(%esp), %eax
0x06feed0b:  89 43 0c                 movl     %eax, 0xc(%ebx)
0x06feed0e:  89 73 10                 movl     %esi, 0x10(%ebx)
0x06feed11:  89 6b 14                 movl     %ebp, 0x14(%ebx)
0x06feed14:  8b 44 24 38              movl     0x38(%esp), %eax
0x06feed18:  89 43 18                 movl     %eax, 0x18(%ebx)
0x06feed1b:  8b 44 24 34              movl     0x34(%esp), %eax
0x06feed1f:  89 43 1c                 movl     %eax, 0x1c(%ebx)
0x06feed22:  6b c0 0c                 imull    $0xc, %eax, %eax
0x06feed25:  8d 54 07 08              leal     8(%edi, %eax), %edx
0x06feed29:  8b 44 07 08              movl     8(%edi, %eax), %eax
0x06feed2d:  85 c0                    testl    %eax, %eax
0x06feed2f:  74 32                    je       0x6feed63

----------------
IN: 
0x06feed63:  8d 43 20                 leal     0x20(%ebx), %eax
0x06feed66:  e8 66 d2 ff ff           calll    0x6febfd1

----------------
IN: 
0x06feed6b:  89 d8                    movl     %ebx, %eax
0x06feed6d:  83 c4 10                 addl     $0x10, %esp
0x06feed70:  5b                       popl     %ebx
0x06feed71:  5e                       popl     %esi
0x06feed72:  5f                       popl     %edi
0x06feed73:  5d                       popl     %ebp
0x06feed74:  c3                       retl     

----------------
IN: 
0x06ff0bcc:  83 c4 18                 addl     $0x18, %esp
0x06ff0bcf:  85 c0                    testl    %eax, %eax
0x06ff0bd1:  75 0a                    jne      0x6ff0bdd

----------------
IN: 
0x06ff0bdd:  03 2c 24                 addl     (%esp), %ebp
0x06ff0be0:  45                       incl     %ebp
0x06ff0be1:  83 fd 06                 cmpl     $6, %ebp
0x06ff0be4:  0f 8e 40 fe ff ff        jle      0x6ff0a2a

----------------
IN: 
0x06ff0b9d:  b9 ff 0f 00 00           movl     $0xfff, %ecx
0x06ff0ba2:  39 c1                    cmpl     %eax, %ecx
0x06ff0ba4:  b9 00 00 00 00           movl     $0, %ecx
0x06ff0ba9:  19 d1                    sbbl     %edx, %ecx
0x06ff0bab:  72 07                    jb       0x6ff0bb4

----------------
IN: 
0x06feed31:  8b 02                    movl     (%edx), %eax
0x06feed33:  8b 78 f0                 movl     -0x10(%eax), %edi
0x06feed36:  89 3c 24                 movl     %edi, (%esp)
0x06feed39:  8b 48 f4                 movl     -0xc(%eax), %ecx
0x06feed3c:  39 f7                    cmpl     %esi, %edi
0x06feed3e:  89 cf                    movl     %ecx, %edi
0x06feed40:  19 ef                    sbbl     %ebp, %edi
0x06feed42:  72 1f                    jb       0x6feed63

----------------
IN: 
0x06ff0bf5:  a1 cc 55 0f 00           movl     0xf55cc, %eax
0x06ff0bfa:  89 44 24 28              movl     %eax, 0x28(%esp)
0x06ff0bfe:  6b c0 28                 imull    $0x28, %eax, %eax
0x06ff0c01:  8b 7c 24 18              movl     0x18(%esp), %edi
0x06ff0c05:  8d 2c 07                 leal     (%edi, %eax), %ebp
0x06ff0c08:  83 7c 24 28 00           cmpl     $0, 0x28(%esp)
0x06ff0c0d:  0f 8e d7 03 00 00        jle      0x6ff0fea

----------------
IN: 
0x06ff0fea:  31 c0                    xorl     %eax, %eax
0x06ff0fec:  eb 36                    jmp      0x6ff1024

----------------
IN: 
0x06ff1024:  83 c4 3c                 addl     $0x3c, %esp
0x06ff1027:  5b                       popl     %ebx
0x06ff1028:  5e                       popl     %esi
0x06ff1029:  5f                       popl     %edi
0x06ff102a:  5d                       popl     %ebp
0x06ff102b:  c3                       retl     

----------------
IN: 
0x06ff777b:  89 44 24 08              movl     %eax, 8(%esp)
0x06ff777f:  85 c0                    testl    %eax, %eax
0x06ff7781:  0f 85 8b 04 00 00        jne      0x6ff7c12

----------------
IN: 
0x06ff7787:  68 db 2b 0f 00           pushl    $0xf2bdb
0x06ff778c:  e8 48 57 0f f9           calll    0xeced9

----------------
IN: 
0x06ff7791:  89 e8                    movl     %ebp, %eax
0x06ff7793:  e8 70 50 ff ff           calll    0x6fec808

----------------
IN: 
0x06fec808:  55                       pushl    %ebp
0x06fec809:  89 e5                    movl     %esp, %ebp
0x06fec80b:  53                       pushl    %ebx
0x06fec80c:  8b 50 08                 movl     8(%eax), %edx
0x06fec80f:  83 ea 20                 subl     $0x20, %edx
0x06fec812:  31 c9                    xorl     %ecx, %ecx
0x06fec814:  31 db                    xorl     %ebx, %ebx
0x06fec816:  83 fa e0                 cmpl     $-0x20, %edx
0x06fec819:  74 0e                    je       0x6fec829

----------------
IN: 
0x06fec81b:  03 4a 08                 addl     8(%edx), %ecx
0x06fec81e:  13 5a 0c                 adcl     0xc(%edx), %ebx
0x06fec821:  8b 52 20                 movl     0x20(%edx), %edx
0x06fec824:  83 ea 20                 subl     $0x20, %edx
0x06fec827:  eb ed                    jmp      0x6fec816

----------------
IN: 
0x06fec816:  83 fa e0                 cmpl     $-0x20, %edx
0x06fec819:  74 0e                    je       0x6fec829

----------------
IN: 
0x06fec829:  89 c8                    movl     %ecx, %eax
0x06fec82b:  89 da                    movl     %ebx, %edx
0x06fec82d:  5b                       popl     %ebx
0x06fec82e:  5d                       popl     %ebp
0x06fec82f:  c3                       retl     

----------------
IN: 
0x06ff7798:  59                       popl     %ecx
0x06ff7799:  b9 ff 3f 00 00           movl     $0x3fff, %ecx
0x06ff779e:  39 c1                    cmpl     %eax, %ecx
0x06ff77a0:  8b 7c 24 08              movl     8(%esp), %edi
0x06ff77a4:  19 d7                    sbbl     %edx, %edi
0x06ff77a6:  73 27                    jae      0x6ff77cf

----------------
IN: 
0x06ff77cf:  b9 00 c0 00 00           movl     $0xc000, %ecx
0x06ff77d4:  31 db                    xorl     %ebx, %ebx
0x06ff77d6:  89 4d 00                 movl     %ecx, (%ebp)
0x06ff77d9:  89 5d 04                 movl     %ebx, 4(%ebp)
0x06ff77dc:  89 ce                    movl     %ecx, %esi
0x06ff77de:  89 df                    movl     %ebx, %edi
0x06ff77e0:  83 c6 ff                 addl     $-1, %esi
0x06ff77e3:  83 d7 ff                 adcl     $-1, %edi
0x06ff77e6:  01 c6                    addl     %eax, %esi
0x06ff77e8:  11 d7                    adcl     %edx, %edi
0x06ff77ea:  57                       pushl    %edi
0x06ff77eb:  56                       pushl    %esi
0x06ff77ec:  53                       pushl    %ebx
0x06ff77ed:  51                       pushl    %ecx
0x06ff77ee:  68 ff 2b 0f 00           pushl    $0xf2bff
0x06ff77f3:  e8 e1 56 0f f9           calll    0xeced9

----------------
IN: 
0x06ff77f8:  6a 00                    pushl    $0
0x06ff77fa:  68 00 00 c0 fe           pushl    $0xfec00000
0x06ff77ff:  ff 35 d4 fd ff 06        pushl    0x6fffdd4
0x06ff7805:  ff 35 d0 fd ff 06        pushl    0x6fffdd0
0x06ff780b:  68 17 2c 0f 00           pushl    $0xf2c17
0x06ff7810:  e8 c4 56 0f f9           calll    0xeced9

----------------
IN: 
0x06ff7815:  83 c4 28                 addl     $0x28, %esp
0x06ff7818:  83 3d c4 fd ff 06 00     cmpl     $0, 0x6fffdc4
0x06ff781f:  74 45                    je       0x6ff7866

----------------
IN: 
0x06ff7866:  89 e8                    movl     %ebp, %eax
0x06ff7868:  e8 07 50 ff ff           calll    0x6fec874

----------------
IN: 
0x06fec874:  55                       pushl    %ebp
0x06fec875:  57                       pushl    %edi
0x06fec876:  56                       pushl    %esi
0x06fec877:  53                       pushl    %ebx
0x06fec878:  83 ec 08                 subl     $8, %esp
0x06fec87b:  8d 68 18                 leal     0x18(%eax), %ebp
0x06fec87e:  8d 58 0c                 leal     0xc(%eax), %ebx
0x06fec881:  89 d8                    movl     %ebx, %eax
0x06fec883:  e8 6a ff ff ff           calll    0x6fec7f2

----------------
IN: 
0x06fec7f2:  8b 40 08                 movl     8(%eax), %eax
0x06fec7f5:  85 c0                    testl    %eax, %eax
0x06fec7f7:  74 07                    je       0x6fec800

----------------
IN: 
0x06fec7f9:  8b 50 f4                 movl     -0xc(%eax), %edx
0x06fec7fc:  8b 40 f0                 movl     -0x10(%eax), %eax
0x06fec7ff:  c3                       retl     

----------------
IN: 
0x06fec888:  89 c6                    movl     %eax, %esi
0x06fec88a:  89 d1                    movl     %edx, %ecx
0x06fec88c:  89 e8                    movl     %ebp, %eax
0x06fec88e:  e8 5f ff ff ff           calll    0x6fec7f2

----------------
IN: 
0x06fec893:  39 c6                    cmpl     %eax, %esi
0x06fec895:  19 d1                    sbbl     %edx, %ecx
0x06fec897:  72 02                    jb       0x6fec89b

----------------
IN: 
0x06fec89b:  89 d8                    movl     %ebx, %eax
0x06fec89d:  e8 66 ff ff ff           calll    0x6fec808

----------------
IN: 
0x06fec8a2:  89 04 24                 movl     %eax, (%esp)
0x06fec8a5:  89 54 24 04              movl     %edx, 4(%esp)
0x06fec8a9:  89 d8                    movl     %ebx, %eax
0x06fec8ab:  e8 42 ff ff ff           calll    0x6fec7f2

----------------
IN: 
0x06fec8b0:  89 c6                    movl     %eax, %esi
0x06fec8b2:  89 d7                    movl     %edx, %edi
0x06fec8b4:  b8 00 00 c0 fe           movl     $0xfec00000, %eax
0x06fec8b9:  31 d2                    xorl     %edx, %edx
0x06fec8bb:  2b 04 24                 subl     (%esp), %eax
0x06fec8be:  1b 54 24 04              sbbl     4(%esp), %edx
0x06fec8c2:  f7 de                    negl     %esi
0x06fec8c4:  83 d7 00                 adcl     $0, %edi
0x06fec8c7:  f7 df                    negl     %edi
0x06fec8c9:  21 c6                    andl     %eax, %esi
0x06fec8cb:  21 d7                    andl     %edx, %edi
0x06fec8cd:  89 33                    movl     %esi, (%ebx)
0x06fec8cf:  89 7b 04                 movl     %edi, 4(%ebx)
0x06fec8d2:  89 e8                    movl     %ebp, %eax
0x06fec8d4:  e8 2f ff ff ff           calll    0x6fec808

----------------
IN: 
0x06fec8d9:  89 c1                    movl     %eax, %ecx
0x06fec8db:  89 d3                    movl     %edx, %ebx
0x06fec8dd:  89 e8                    movl     %ebp, %eax
0x06fec8df:  e8 0e ff ff ff           calll    0x6fec7f2

----------------
IN: 
0x06fec8e4:  29 ce                    subl     %ecx, %esi
0x06fec8e6:  19 df                    sbbl     %ebx, %edi
0x06fec8e8:  f7 d8                    negl     %eax
0x06fec8ea:  83 d2 00                 adcl     $0, %edx
0x06fec8ed:  f7 da                    negl     %edx
0x06fec8ef:  21 c6                    andl     %eax, %esi
0x06fec8f1:  21 d7                    andl     %edx, %edi
0x06fec8f3:  89 75 00                 movl     %esi, (%ebp)
0x06fec8f6:  89 7d 04                 movl     %edi, 4(%ebp)
0x06fec8f9:  3b 35 d0 fd ff 06        cmpl     0x6fffdd0, %esi
0x06fec8ff:  89 f8                    movl     %edi, %eax
0x06fec901:  1b 05 d4 fd ff 06        sbbl     0x6fffdd4, %eax
0x06fec907:  0f 92 c1                 setb     %cl
0x06fec90a:  bb 00 00 c0 fe           movl     $0xfec00000, %ebx
0x06fec90f:  31 c0                    xorl     %eax, %eax
0x06fec911:  39 f3                    cmpl     %esi, %ebx
0x06fec913:  19 f8                    sbbl     %edi, %eax
0x06fec915:  0f 92 c0                 setb     %al
0x06fec918:  09 c8                    orl      %ecx, %eax
0x06fec91a:  0f b6 c0                 movzbl   %al, %eax
0x06fec91d:  f7 d8                    negl     %eax
0x06fec91f:  83 c4 08                 addl     $8, %esp
0x06fec922:  5b                       popl     %ebx
0x06fec923:  5e                       popl     %esi
0x06fec924:  5f                       popl     %edi
0x06fec925:  5d                       popl     %ebp
0x06fec926:  c3                       retl     

----------------
IN: 
0x06ff786d:  85 c0                    testl    %eax, %eax
0x06ff786f:  75 b0                    jne      0x6ff7821

----------------
IN: 
0x06ff7871:  e9 32 02 00 00           jmp      0x6ff7aa8

----------------
IN: 
0x06ff7aa8:  89 eb                    movl     %ebp, %ebx
0x06ff7aaa:  8b 44 24 08              movl     8(%esp), %eax
0x06ff7aae:  3b 05 cc 55 0f 00        cmpl     0xf55cc, %eax
0x06ff7ab4:  7f 1e                    jg       0x6ff7ad4

----------------
IN: 
0x06ff7ab6:  89 de                    movl     %ebx, %esi
0x06ff7ab8:  89 f2                    movl     %esi, %edx
0x06ff7aba:  89 e8                    movl     %ebp, %eax
0x06ff7abc:  e8 e1 87 ff ff           calll    0x6ff02a2

----------------
IN: 
0x06ff02a2:  55                       pushl    %ebp
0x06ff02a3:  57                       pushl    %edi
0x06ff02a4:  56                       pushl    %esi
0x06ff02a5:  53                       pushl    %ebx
0x06ff02a6:  83 ec 1c                 subl     $0x1c, %esp
0x06ff02a9:  89 44 24 18              movl     %eax, 0x18(%esp)
0x06ff02ad:  89 54 24 10              movl     %edx, 0x10(%esp)
0x06ff02b1:  8b 42 08                 movl     8(%edx), %eax
0x06ff02b4:  8d 58 e0                 leal     -0x20(%eax), %ebx
0x06ff02b7:  83 fb e0                 cmpl     $-0x20, %ebx
0x06ff02ba:  0f 84 d4 01 00 00        je       0x6ff0494

----------------
IN: 
0x06ff02c0:  8b 43 20                 movl     0x20(%ebx), %eax
0x06ff02c3:  89 44 24 14              movl     %eax, 0x14(%esp)
0x06ff02c7:  8b 44 24 10              movl     0x10(%esp), %eax
0x06ff02cb:  8b 50 04                 movl     4(%eax), %edx
0x06ff02ce:  8b 00                    movl     (%eax), %eax
0x06ff02d0:  89 04 24                 movl     %eax, (%esp)
0x06ff02d3:  89 54 24 04              movl     %edx, 4(%esp)
0x06ff02d7:  8b 73 08                 movl     8(%ebx), %esi
0x06ff02da:  8b 7b 0c                 movl     0xc(%ebx), %edi
0x06ff02dd:  01 f0                    addl     %esi, %eax
0x06ff02df:  11 fa                    adcl     %edi, %edx
0x06ff02e1:  89 44 24 08              movl     %eax, 8(%esp)
0x06ff02e5:  89 54 24 0c              movl     %edx, 0xc(%esp)
0x06ff02e9:  8b 4c 24 10              movl     0x10(%esp), %ecx
0x06ff02ed:  89 01                    movl     %eax, (%ecx)
0x06ff02ef:  89 51 04                 movl     %edx, 4(%ecx)
0x06ff02f2:  8b 4b 04                 movl     4(%ebx), %ecx
0x06ff02f5:  8b 53 1c                 movl     0x1c(%ebx), %edx
0x06ff02f8:  8b 03                    movl     (%ebx), %eax
0x06ff02fa:  83 f9 ff                 cmpl     $-1, %ecx
0x06ff02fd:  75 1e                    jne      0x6ff031d

----------------
IN: 
0x06ff031d:  85 c9                    testl    %ecx, %ecx
0x06ff031f:  78 3d                    js       0x6ff035e

----------------
IN: 
0x06ff0321:  ff 34 95 9c fb ff 06     pushl    0x6fffb9c(, %edx, 4)
0x06ff0328:  57                       pushl    %edi
0x06ff0329:  56                       pushl    %esi
0x06ff032a:  ff 74 24 10              pushl    0x10(%esp)
0x06ff032e:  ff 74 24 10              pushl    0x10(%esp)
0x06ff0332:  51                       pushl    %ecx
0x06ff0333:  50                       pushl    %eax
0x06ff0334:  68 95 14 0f 00           pushl    $0xf1495
0x06ff0339:  e8 9b cb 0f f9           calll    0xeced9

----------------
IN: 
0x000ec7ac:  46                       incl     %esi
0x000ec7ad:  8b 17                    movl     (%edi), %edx
0x000ec7af:  0f b6 d6                 movzbl   %dh, %edx
0x000ec7b2:  6a 00                    pushl    $0
0x000ec7b4:  b9 02 00 00 00           movl     $2, %ecx
0x000ec7b9:  89 e8                    movl     %ebp, %eax
0x000ec7bb:  e8 f2 da ff ff           calll    0xea2b2

----------------
IN: 
0x000ec7c0:  ba 3a 00 00 00           movl     $0x3a, %edx
0x000ec7c5:  89 e8                    movl     %ebp, %eax
0x000ec7c7:  e8 6f da ff ff           calll    0xea23b

----------------
IN: 
0x000ec7cc:  8a 17                    movb     (%edi), %dl
0x000ec7ce:  c0 ea 03                 shrb     $3, %dl
0x000ec7d1:  0f b6 d2                 movzbl   %dl, %edx
0x000ec7d4:  6a 00                    pushl    $0
0x000ec7d6:  b9 02 00 00 00           movl     $2, %ecx
0x000ec7db:  89 e8                    movl     %ebp, %eax
0x000ec7dd:  e8 d0 da ff ff           calll    0xea2b2

----------------
IN: 
0x000ec7e2:  ba 2e 00 00 00           movl     $0x2e, %edx
0x000ec7e7:  89 e8                    movl     %ebp, %eax
0x000ec7e9:  e8 4d da ff ff           calll    0xea23b

----------------
IN: 
0x000ec7ee:  8b 17                    movl     (%edi), %edx
0x000ec7f0:  83 e2 07                 andl     $7, %edx
0x000ec7f3:  31 c9                    xorl     %ecx, %ecx
0x000ec7f5:  89 e8                    movl     %ebp, %eax
0x000ec7f7:  e8 92 da ff ff           calll    0xea28e

----------------
IN: 
0x000ec7fc:  58                       popl     %eax
0x000ec7fd:  5a                       popl     %edx
0x000ec7fe:  e9 8c 00 00 00           jmp      0xec88f

----------------
IN: 
0x06ff033e:  83 c4 20                 addl     $0x20, %esp
0x06ff0341:  8b 53 04                 movl     4(%ebx), %edx
0x06ff0344:  ff 73 18                 pushl    0x18(%ebx)
0x06ff0347:  ff 74 24 08              pushl    8(%esp)
0x06ff034b:  ff 74 24 08              pushl    8(%esp)
0x06ff034f:  8b 03                    movl     (%ebx), %eax
0x06ff0351:  e8 3e d1 ff ff           calll    0x6fed494

----------------
IN: 
0x06fed494:  55                       pushl    %ebp
0x06fed495:  57                       pushl    %edi
0x06fed496:  56                       pushl    %esi
0x06fed497:  53                       pushl    %ebx
0x06fed498:  89 c6                    movl     %eax, %esi
0x06fed49a:  8b 4c 24 14              movl     0x14(%esp), %ecx
0x06fed49e:  8b 7c 24 18              movl     0x18(%esp), %edi
0x06fed4a2:  8b 6c 24 1c              movl     0x1c(%esp), %ebp
0x06fed4a6:  83 fa 06                 cmpl     $6, %edx
0x06fed4a9:  74 09                    je       0x6fed4b4

----------------
IN: 
0x06fed4ab:  8d 1c 95 10 00 00 00     leal     0x10(, %edx, 4), %ebx
0x06fed4b2:  eb 14                    jmp      0x6fed4c8

----------------
IN: 
0x06fed4c8:  0f b7 06                 movzwl   (%esi), %eax
0x06fed4cb:  89 da                    movl     %ebx, %edx
0x06fed4cd:  e8 22 cf 0f f9           calll    0xea3f4

----------------
IN: 
0x06fed4d2:  85 ed                    testl    %ebp, %ebp
0x06fed4d4:  74 11                    je       0x6fed4e7

----------------
IN: 
0x06fed4e7:  5b                       popl     %ebx
0x06fed4e8:  5e                       popl     %esi
0x06fed4e9:  5f                       popl     %edi
0x06fed4ea:  5d                       popl     %ebp
0x06fed4eb:  c3                       retl     

----------------
IN: 
0x06ff0356:  83 c4 0c                 addl     $0xc, %esp
0x06ff0359:  e9 1b 01 00 00           jmp      0x6ff0479

----------------
IN: 
0x06ff0479:  8d 43 20                 leal     0x20(%ebx), %eax
0x06ff047c:  e8 3f bb ff ff           calll    0x6febfc0

----------------
IN: 
0x06febfc0:  89 c2                    movl     %eax, %edx
0x06febfc2:  8b 00                    movl     (%eax), %eax
0x06febfc4:  8b 52 04                 movl     4(%edx), %edx
0x06febfc7:  89 02                    movl     %eax, (%edx)
0x06febfc9:  85 c0                    testl    %eax, %eax
0x06febfcb:  74 03                    je       0x6febfd0

----------------
IN: 
0x06febfcd:  89 50 04                 movl     %edx, 4(%eax)
0x06febfd0:  c3                       retl     

----------------
IN: 
0x06ff0481:  89 d8                    movl     %ebx, %eax
0x06ff0483:  e8 c9 df ff ff           calll    0x6fee451

----------------
IN: 
0x06fee451:  85 c0                    testl    %eax, %eax
0x06fee453:  74 18                    je       0x6fee46d

----------------
IN: 
0x06fee455:  e8 c2 de ff ff           calll    0x6fec31c

----------------
IN: 
0x06fec31c:  56                       pushl    %esi
0x06fec31d:  53                       pushl    %ebx
0x06fec31e:  89 c6                    movl     %eax, %esi
0x06fec320:  e8 d9 ff ff ff           calll    0x6fec2fe

----------------
IN: 
0x06fec2fe:  89 c1                    movl     %eax, %ecx
0x06fec300:  31 d2                    xorl     %edx, %edx
0x06fec302:  8b 04 95 64 fe ff 06     movl     0x6fffe64(, %edx, 4), %eax
0x06fec309:  8b 00                    movl     (%eax), %eax
0x06fec30b:  85 c0                    testl    %eax, %eax
0x06fec30d:  74 06                    je       0x6fec315

----------------
IN: 
0x06fec30f:  39 48 08                 cmpl     %ecx, 8(%eax)
0x06fec312:  75 f5                    jne      0x6fec309

----------------
IN: 
0x06fec309:  8b 00                    movl     (%eax), %eax
0x06fec30b:  85 c0                    testl    %eax, %eax
0x06fec30d:  74 06                    je       0x6fec315

----------------
IN: 
0x06fec315:  42                       incl     %edx
0x06fec316:  83 fa 05                 cmpl     $5, %edx
0x06fec319:  75 e7                    jne      0x6fec302

----------------
IN: 
0x06fec302:  8b 04 95 64 fe ff 06     movl     0x6fffe64(, %edx, 4), %eax
0x06fec309:  8b 00                    movl     (%eax), %eax
0x06fec30b:  85 c0                    testl    %eax, %eax
0x06fec30d:  74 06                    je       0x6fec315

----------------
IN: 
0x06fec314:  c3                       retl     

----------------
IN: 
0x06fec325:  39 f0                    cmpl     %esi, %eax
0x06fec327:  74 24                    je       0x6fec34d

----------------
IN: 
0x06fec329:  89 c3                    movl     %eax, %ebx
0x06fec32b:  85 c0                    testl    %eax, %eax
0x06fec32d:  74 1e                    je       0x6fec34d

----------------
IN: 
0x06fec32f:  b8 ff ff ff ff           movl     $0xffffffff, %eax
0x06fec334:  83 7b 10 00              cmpl     $0, 0x10(%ebx)
0x06fec338:  74 18                    je       0x6fec352

----------------
IN: 
0x06fec33a:  89 d8                    movl     %ebx, %eax
0x06fec33c:  e8 a4 ff ff ff           calll    0x6fec2e5

----------------
IN: 
0x06fec2e5:  8b 10                    movl     (%eax), %edx
0x06fec2e7:  85 d2                    testl    %edx, %edx
0x06fec2e9:  74 0e                    je       0x6fec2f9

----------------
IN: 
0x06fec2eb:  8b 48 08                 movl     8(%eax), %ecx
0x06fec2ee:  39 4a 0c                 cmpl     %ecx, 0xc(%edx)
0x06fec2f1:  75 06                    jne      0x6fec2f9

----------------
IN: 
0x06fec2f3:  8b 48 0c                 movl     0xc(%eax), %ecx
0x06fec2f6:  89 4a 0c                 movl     %ecx, 0xc(%edx)
0x06fec2f9:  e9 c2 fc ff ff           jmp      0x6febfc0

----------------
IN: 
0x06fec341:  8d 43 ec                 leal     -0x14(%ebx), %eax
0x06fec344:  e8 9c ff ff ff           calll    0x6fec2e5

----------------
IN: 
0x06fec349:  31 c0                    xorl     %eax, %eax
0x06fec34b:  eb 05                    jmp      0x6fec352

----------------
IN: 
0x06fec352:  5b                       popl     %ebx
0x06fec353:  5e                       popl     %esi
0x06fec354:  c3                       retl     

----------------
IN: 
0x06fee45a:  85 c0                    testl    %eax, %eax
0x06fee45c:  74 0f                    je       0x6fee46d

----------------
IN: 
0x06fee46d:  c3                       retl     

----------------
IN: 
0x06ff0488:  8b 5c 24 14              movl     0x14(%esp), %ebx
0x06ff048c:  83 eb 20                 subl     $0x20, %ebx
0x06ff048f:  e9 23 fe ff ff           jmp      0x6ff02b7

----------------
IN: 
0x06ff02b7:  83 fb e0                 cmpl     $-0x20, %ebx
0x06ff02ba:  0f 84 d4 01 00 00        je       0x6ff0494

----------------
IN: 
0x06febfd0:  c3                       retl     

----------------
IN: 
0x06ff0494:  83 c4 1c                 addl     $0x1c, %esp
0x06ff0497:  5b                       popl     %ebx
0x06ff0498:  5e                       popl     %esi
0x06ff0499:  5f                       popl     %edi
0x06ff049a:  5d                       popl     %ebp
0x06ff049b:  c3                       retl     

----------------
IN: 
0x06ff7ac1:  83 c6 0c                 addl     $0xc, %esi
0x06ff7ac4:  8d 43 24                 leal     0x24(%ebx), %eax
0x06ff7ac7:  39 f0                    cmpl     %esi, %eax
0x06ff7ac9:  75 ed                    jne      0x6ff7ab8

----------------
IN: 
0x06ff7ab8:  89 f2                    movl     %esi, %edx
0x06ff7aba:  89 e8                    movl     %ebp, %eax
0x06ff7abc:  e8 e1 87 ff ff           calll    0x6ff02a2

----------------
IN: 
0x06fed4b4:  8a 40 18                 movb     0x18(%eax), %al
0x06fed4b7:  83 e0 7f                 andl     $0x7f, %eax
0x06fed4ba:  bb 30 00 00 00           movl     $0x30, %ebx
0x06fed4bf:  fe c8                    decb     %al
0x06fed4c1:  75 05                    jne      0x6fed4c8

----------------
IN: 
0x06ff7acb:  ff 44 24 08              incl     8(%esp)
0x06ff7acf:  83 c3 28                 addl     $0x28, %ebx
0x06ff7ad2:  eb d6                    jmp      0x6ff7aaa

----------------
IN: 
0x06ff7aaa:  8b 44 24 08              movl     8(%esp), %eax
0x06ff7aae:  3b 05 cc 55 0f 00        cmpl     0xf55cc, %eax
0x06ff7ab4:  7f 1e                    jg       0x6ff7ad4

----------------
IN: 
0x06ff7ad4:  a1 f8 fd ff 06           movl     0x6fffdf8, %eax
0x06ff7ad9:  8d 58 fc                 leal     -4(%eax), %ebx
0x06ff7adc:  83 fb fc                 cmpl     $-4, %ebx
0x06ff7adf:  0f 84 84 00 00 00        je       0x6ff7b69

----------------
IN: 
0x06ff7ae5:  0f b7 43 12              movzwl   0x12(%ebx), %eax
0x06ff7ae9:  50                       pushl    %eax
0x06ff7aea:  0f b7 43 10              movzwl   0x10(%ebx), %eax
0x06ff7aee:  50                       pushl    %eax
0x06ff7aef:  53                       pushl    %ebx
0x06ff7af0:  68 a7 2c 0f 00           pushl    $0xf2ca7
0x06ff7af5:  e8 df 53 0f f9           calll    0xeced9

----------------
IN: 
0x06ff7afa:  0f b7 33                 movzwl   (%ebx), %esi
0x06ff7afd:  ba 3d 00 00 00           movl     $0x3d, %edx
0x06ff7b02:  89 f0                    movl     %esi, %eax
0x06ff7b04:  e8 1a 2a 0f f9           calll    0xea523

----------------
IN: 
0x06ff7b09:  0f b6 d0                 movzbl   %al, %edx
0x06ff7b0c:  83 c4 10                 addl     $0x10, %esp
0x06ff7b0f:  85 d2                    testl    %edx, %edx
0x06ff7b11:  74 17                    je       0x6ff7b2a

----------------
IN: 
0x06ff7b2a:  89 da                    movl     %ebx, %edx
0x06ff7b2c:  b8 80 fa ff 06           movl     $0x6fffa80, %eax
0x06ff7b31:  e8 11 59 ff ff           calll    0x6fed447

----------------
IN: 
0x06ff7b36:  b9 03 01 00 00           movl     $0x103, %ecx
0x06ff7b3b:  ba 04 00 00 00           movl     $4, %edx
0x06ff7b40:  89 f0                    movl     %esi, %eax
0x06ff7b42:  e8 3f 58 ff ff           calll    0x6fed386

----------------
IN: 
0x06fed386:  57                       pushl    %edi
0x06fed387:  56                       pushl    %esi
0x06fed388:  53                       pushl    %ebx
0x06fed389:  89 d6                    movl     %edx, %esi
0x06fed38b:  89 cf                    movl     %ecx, %edi
0x06fed38d:  0f b7 d8                 movzwl   %ax, %ebx
0x06fed390:  89 d8                    movl     %ebx, %eax
0x06fed392:  e8 4e d1 0f f9           calll    0xea4e5

----------------
IN: 
0x06fed397:  09 f8                    orl      %edi, %eax
0x06fed399:  0f b7 c8                 movzwl   %ax, %ecx
0x06fed39c:  89 f2                    movl     %esi, %edx
0x06fed39e:  89 d8                    movl     %ebx, %eax
0x06fed3a0:  5b                       popl     %ebx
0x06fed3a1:  5e                       popl     %esi
0x06fed3a2:  5f                       popl     %edi
0x06fed3a3:  e9 85 d0 0f f9           jmp      0xea42d

----------------
IN: 
0x000ea42d:  56                       pushl    %esi
0x000ea42e:  53                       pushl    %ebx
0x000ea42f:  89 d3                    movl     %edx, %ebx
0x000ea431:  8b 35 98 4d 0f 00        movl     0xf4d98, %esi
0x000ea437:  0f b7 c0                 movzwl   %ax, %eax
0x000ea43a:  85 f6                    testl    %esi, %esi
0x000ea43c:  74 0c                    je       0xea44a

----------------
IN: 
0x000ea44a:  c1 e0 08                 shll     $8, %eax
0x000ea44d:  81 e2 fc 00 00 00        andl     $0xfc, %edx
0x000ea453:  09 d0                    orl      %edx, %eax
0x000ea455:  0d 00 00 00 80           orl      $0x80000000, %eax
0x000ea45a:  ba f8 0c 00 00           movl     $0xcf8, %edx
0x000ea45f:  ef                       outl     %eax, %dx

----------------
IN: 
0x000ea460:  83 e3 02                 andl     $2, %ebx
0x000ea463:  8d 93 fc 0c 00 00        leal     0xcfc(%ebx), %edx
0x000ea469:  89 c8                    movl     %ecx, %eax
0x000ea46b:  66 ef                    outw     %ax, %dx

----------------
IN: 
0x000ea46d:  5b                       popl     %ebx
0x000ea46e:  5e                       popl     %esi
0x000ea46f:  c3                       retl     

----------------
IN: 
0x06ff7b47:  f6 43 18 01              testb    $1, 0x18(%ebx)
0x06ff7b4b:  74 11                    je       0x6ff7b5e

----------------
IN: 
0x06ff7b5e:  8b 5b 04                 movl     4(%ebx), %ebx
0x06ff7b61:  83 eb 04                 subl     $4, %ebx
0x06ff7b64:  e9 73 ff ff ff           jmp      0x6ff7adc

----------------
IN: 
0x06ff7adc:  83 fb fc                 cmpl     $-4, %ebx
0x06ff7adf:  0f 84 84 00 00 00        je       0x6ff7b69

----------------
IN: 
0x06ff049c:  57                       pushl    %edi
0x06ff049d:  56                       pushl    %esi
0x06ff049e:  53                       pushl    %ebx
0x06ff049f:  52                       pushl    %edx
0x06ff04a0:  89 c6                    movl     %eax, %esi
0x06ff04a2:  66 c7 44 24 02 00 00     movw     $0, 2(%esp)
0x06ff04a9:  bb 60 00 00 00           movl     $0x60, %ebx
0x06ff04ae:  0f b6 83 38 fb ff 06     movzbl   0x6fffb38(%ebx), %eax
0x06ff04b5:  89 c1                    movl     %eax, %ecx
0x06ff04b7:  89 c2                    movl     %eax, %edx
0x06ff04b9:  c1 fa 03                 sarl     $3, %edx
0x06ff04bc:  83 e1 07                 andl     $7, %ecx
0x06ff04bf:  bf 01 00 00 00           movl     $1, %edi
0x06ff04c4:  d3 e7                    shll     %cl, %edi
0x06ff04c6:  89 f9                    movl     %edi, %ecx
0x06ff04c8:  08 4c 14 02              orb      %cl, 2(%esp, %edx)
0x06ff04cc:  0f b7 3e                 movzwl   (%esi), %edi
0x06ff04cf:  89 c1                    movl     %eax, %ecx
0x06ff04d1:  89 da                    movl     %ebx, %edx
0x06ff04d3:  89 f8                    movl     %edi, %eax
0x06ff04d5:  e8 96 9f 0f f9           calll    0xea470

----------------
IN: 
0x000ea470:  56                       pushl    %esi
0x000ea471:  53                       pushl    %ebx
0x000ea472:  89 d3                    movl     %edx, %ebx
0x000ea474:  8b 35 98 4d 0f 00        movl     0xf4d98, %esi
0x000ea47a:  0f b7 c0                 movzwl   %ax, %eax
0x000ea47d:  85 f6                    testl    %esi, %esi
0x000ea47f:  74 0b                    je       0xea48c

----------------
IN: 
0x000ea48c:  c1 e0 08                 shll     $8, %eax
0x000ea48f:  81 e2 fc 00 00 00        andl     $0xfc, %edx
0x000ea495:  09 d0                    orl      %edx, %eax
0x000ea497:  0d 00 00 00 80           orl      $0x80000000, %eax
0x000ea49c:  ba f8 0c 00 00           movl     $0xcf8, %edx
0x000ea4a1:  ef                       outl     %eax, %dx

----------------
IN: 
0x000ea4a2:  83 e3 03                 andl     $3, %ebx
0x000ea4a5:  8d 93 fc 0c 00 00        leal     0xcfc(%ebx), %edx
0x000ea4ab:  88 c8                    movb     %cl, %al
0x000ea4ad:  ee                       outb     %al, %dx

----------------
IN: 
0x000ea4ae:  5b                       popl     %ebx
0x000ea4af:  5e                       popl     %esi
0x000ea4b0:  c3                       retl     

----------------
IN: 
0x06ff04da:  43                       incl     %ebx
0x06ff04db:  83 fb 64                 cmpl     $0x64, %ebx
0x06ff04de:  75 ce                    jne      0x6ff04ae

----------------
IN: 
0x06ff04ae:  0f b6 83 38 fb ff 06     movzbl   0x6fffb38(%ebx), %eax
0x06ff04b5:  89 c1                    movl     %eax, %ecx
0x06ff04b7:  89 c2                    movl     %eax, %edx
0x06ff04b9:  c1 fa 03                 sarl     $3, %edx
0x06ff04bc:  83 e1 07                 andl     $7, %ecx
0x06ff04bf:  bf 01 00 00 00           movl     $1, %edi
0x06ff04c4:  d3 e7                    shll     %cl, %edi
0x06ff04c6:  89 f9                    movl     %edi, %ecx
0x06ff04c8:  08 4c 14 02              orb      %cl, 2(%esp, %edx)
0x06ff04cc:  0f b7 3e                 movzwl   (%esi), %edi
0x06ff04cf:  89 c1                    movl     %eax, %ecx
0x06ff04d1:  89 da                    movl     %ebx, %edx
0x06ff04d3:  89 f8                    movl     %edi, %eax
0x06ff04d5:  e8 96 9f 0f f9           calll    0xea470

----------------
IN: 
0x06ff04e0:  0f b6 4c 24 02           movzbl   2(%esp), %ecx
0x06ff04e5:  ba d0 04 00 00           movl     $0x4d0, %edx
0x06ff04ea:  88 c8                    movb     %cl, %al
0x06ff04ec:  ee                       outb     %al, %dx

----------------
IN: 
0x06ff04ed:  0f b6 44 24 03           movzbl   3(%esp), %eax
0x06ff04f2:  ba d1 04 00 00           movl     $0x4d1, %edx
0x06ff04f7:  ee                       outb     %al, %dx

----------------
IN: 
0x06ff04f8:  50                       pushl    %eax
0x06ff04f9:  51                       pushl    %ecx
0x06ff04fa:  68 d5 14 0f 00           pushl    $0xf14d5
0x06ff04ff:  e8 d5 c9 0f f9           calll    0xeced9

----------------
IN: 
0x06ff0504:  83 c4 10                 addl     $0x10, %esp
0x06ff0507:  5b                       popl     %ebx
0x06ff0508:  5e                       popl     %esi
0x06ff0509:  5f                       popl     %edi
0x06ff050a:  c3                       retl     

----------------
IN: 
0x06fec788:  53                       pushl    %ebx
0x06fec789:  0f b7 18                 movzwl   (%eax), %ebx
0x06fec78c:  b9 00 80 00 00           movl     $0x8000, %ecx
0x06fec791:  ba 40 00 00 00           movl     $0x40, %edx
0x06fec796:  89 d8                    movl     %ebx, %eax
0x06fec798:  e8 90 dc 0f f9           calll    0xea42d

----------------
IN: 
0x06fec79d:  ba 42 00 00 00           movl     $0x42, %edx
0x06fec7a2:  89 d8                    movl     %ebx, %eax
0x06fec7a4:  5b                       popl     %ebx
0x06fec7a5:  e9 83 dc 0f f9           jmp      0xea42d

----------------
IN: 
0x06ff7b13:  89 d8                    movl     %ebx, %eax
0x06ff7b15:  ff 15 c0 fd ff 06        calll    *0x6fffdc0

----------------
IN: 
0x06fec71e:  53                       pushl    %ebx
0x06fec71f:  89 d3                    movl     %edx, %ebx
0x06fec721:  31 d2                    xorl     %edx, %edx
0x06fec723:  8b 48 0c                 movl     0xc(%eax), %ecx
0x06fec726:  8b 00                    movl     (%eax), %eax
0x06fec728:  c0 e8 03                 shrb     $3, %al
0x06fec72b:  0f b6 c0                 movzbl   %al, %eax
0x06fec72e:  85 c9                    testl    %ecx, %ecx
0x06fec730:  74 06                    je       0x6fec738

----------------
IN: 
0x06fec738:  8d 44 02 ff              leal     -1(%edx, %eax), %eax
0x06fec73c:  8d 44 18 ff              leal     -1(%eax, %ebx), %eax
0x06fec740:  83 e0 03                 andl     $3, %eax
0x06fec743:  0f b6 80 98 fb ff 06     movzbl   0x6fffb98(%eax), %eax
0x06fec74a:  5b                       popl     %ebx
0x06fec74b:  c3                       retl     

----------------
IN: 
0x06ff7b1b:  0f b6 c8                 movzbl   %al, %ecx
0x06ff7b1e:  ba 3c 00 00 00           movl     $0x3c, %edx
0x06ff7b23:  89 f0                    movl     %esi, %eax
0x06ff7b25:  e8 46 29 0f f9           calll    0xea470

----------------
IN: 
0x06fefc59:  0f b7 00                 movzwl   (%eax), %eax
0x06fefc5c:  a3 10 4a 0f 00           movl     %eax, 0xf4a10
0x06fefc61:  e8 5d aa 0f f9           calll    0xea6c3

----------------
IN: 
0x000ea6c3:  56                       pushl    %esi
0x000ea6c4:  53                       pushl    %ebx
0x000ea6c5:  0f b7 f0                 movzwl   %ax, %esi
0x000ea6c8:  b9 09 00 00 00           movl     $9, %ecx
0x000ea6cd:  ba 3c 00 00 00           movl     $0x3c, %edx
0x000ea6d2:  89 f0                    movl     %esi, %eax
0x000ea6d4:  e8 97 fd ff ff           calll    0xea470

----------------
IN: 
0x000ea6d9:  66 8b 1d 1c 4a 0f 00     movw     0xf4a1c, %bx
0x000ea6e0:  89 d9                    movl     %ebx, %ecx
0x000ea6e2:  83 c9 01                 orl      $1, %ecx
0x000ea6e5:  0f b7 c9                 movzwl   %cx, %ecx
0x000ea6e8:  ba 40 00 00 00           movl     $0x40, %edx
0x000ea6ed:  89 f0                    movl     %esi, %eax
0x000ea6ef:  e8 00 fd ff ff           calll    0xea3f4

----------------
IN: 
0x000ea6f4:  b9 01 00 00 00           movl     $1, %ecx
0x000ea6f9:  ba 80 00 00 00           movl     $0x80, %edx
0x000ea6fe:  89 f0                    movl     %esi, %eax
0x000ea700:  e8 6b fd ff ff           calll    0xea470

----------------
IN: 
0x000ea705:  0f b7 cb                 movzwl   %bx, %ecx
0x000ea708:  81 c1 00 01 00 00        addl     $0x100, %ecx
0x000ea70e:  83 c9 01                 orl      $1, %ecx
0x000ea711:  ba 90 00 00 00           movl     $0x90, %edx
0x000ea716:  89 f0                    movl     %esi, %eax
0x000ea718:  e8 d7 fc ff ff           calll    0xea3f4

----------------
IN: 
0x000ea71d:  b9 09 00 00 00           movl     $9, %ecx
0x000ea722:  ba d2 00 00 00           movl     $0xd2, %edx
0x000ea727:  89 f0                    movl     %esi, %eax
0x000ea729:  5b                       popl     %ebx
0x000ea72a:  5e                       popl     %esi
0x000ea72b:  e9 40 fd ff ff           jmp      0xea470

----------------
IN: 
0x06fefc66:  0f b7 15 1c 4a 0f 00     movzwl   0xf4a1c, %edx
0x06fefc6d:  89 d0                    movl     %edx, %eax
0x06fefc6f:  83 c2 04                 addl     $4, %edx
0x06fefc72:  89 15 c4 55 0f 00        movl     %edx, 0xf55c4
0x06fefc78:  83 c0 08                 addl     $8, %eax
0x06fefc7b:  0f b7 c0                 movzwl   %ax, %eax
0x06fefc7e:  e9 a5 ff ff ff           jmp      0x6fefc28

----------------
IN: 
0x06fefc28:  66 83 3d 78 60 0f 00 40  cmpw     $0x40, 0xf6078
0x06fefc30:  75 26                    jne      0x6fefc58

----------------
IN: 
0x06fefc32:  53                       pushl    %ebx
0x06fefc33:  89 c3                    movl     %eax, %ebx
0x06fefc35:  0f b7 c0                 movzwl   %ax, %eax
0x06fefc38:  50                       pushl    %eax
0x06fefc39:  68 16 10 0f 00           pushl    $0xf1016
0x06fefc3e:  e8 96 d2 0f f9           calll    0xeced9

----------------
IN: 
0x06fefc43:  66 89 1d 78 60 0f 00     movw     %bx, 0xf6078
0x06fefc4a:  c7 05 7c 60 0f 00 fc 0d  movl     $0xdfc, 0xf607c
0x06fefc52:  00 00
0x06fefc54:  58                       popl     %eax
0x06fefc55:  5a                       popl     %edx
0x06fefc56:  5b                       popl     %ebx
0x06fefc57:  c3                       retl     

----------------
IN: 
0x06ff7b69:  89 e8                    movl     %ebp, %eax
0x06ff7b6b:  e8 e1 68 ff ff           calll    0x6fee451

----------------
IN: 
0x06ff7b70:  a1 f8 fd ff 06           movl     0x6fffdf8, %eax
0x06ff7b75:  8d 58 fc                 leal     -4(%eax), %ebx
0x06ff7b78:  83 fb fc                 cmpl     $-4, %ebx
0x06ff7b7b:  74 22                    je       0x6ff7b9f

----------------
IN: 
0x06ff7b7d:  89 d8                    movl     %ebx, %eax
0x06ff7b7f:  e8 d0 48 ff ff           calll    0x6fec454

----------------
IN: 
0x06fec454:  66 81 78 14 00 03        cmpw     $0x300, 0x14(%eax)
0x06fec45a:  75 39                    jne      0x6fec495

----------------
IN: 
0x06fec495:  31 c0                    xorl     %eax, %eax
0x06fec497:  c3                       retl     

----------------
IN: 
0x06ff7b84:  85 c0                    testl    %eax, %eax
0x06ff7b86:  74 0f                    je       0x6ff7b97

----------------
IN: 
0x06ff7b97:  8b 5b 04                 movl     4(%ebx), %ebx
0x06ff7b9a:  83 eb 04                 subl     $4, %ebx
0x06ff7b9d:  eb d9                    jmp      0x6ff7b78

----------------
IN: 
0x06ff7b78:  83 fb fc                 cmpl     $-4, %ebx
0x06ff7b7b:  74 22                    je       0x6ff7b9f

----------------
IN: 
0x06fec45c:  53                       pushl    %ebx
0x06fec45d:  89 c3                    movl     %eax, %ebx
0x06fec45f:  0f b7 00                 movzwl   (%eax), %eax
0x06fec462:  ba 04 00 00 00           movl     $4, %edx
0x06fec467:  e8 79 e0 0f f9           calll    0xea4e5

----------------
IN: 
0x06fec46c:  f7 d0                    notl     %eax
0x06fec46e:  a8 03                    testb    $3, %al
0x06fec470:  74 15                    je       0x6fec487

----------------
IN: 
0x06fec487:  8b 5b 0c                 movl     0xc(%ebx), %ebx
0x06fec48a:  85 db                    testl    %ebx, %ebx
0x06fec48c:  75 e8                    jne      0x6fec476

----------------
IN: 
0x06fec48e:  b8 01 00 00 00           movl     $1, %eax
0x06fec493:  5b                       popl     %ebx
0x06fec494:  c3                       retl     

----------------
IN: 
0x06ff7b88:  53                       pushl    %ebx
0x06ff7b89:  68 c7 2c 0f 00           pushl    $0xf2cc7
0x06ff7b8e:  e8 46 53 0f f9           calll    0xeced9

----------------
IN: 
0x06ff7b93:  5b                       popl     %ebx
0x06ff7b94:  5e                       popl     %esi
0x06ff7b95:  eb 7b                    jmp      0x6ff7c12

----------------
IN: 
0x06ff7c12:  ba 13 71 00 00           movl     $0x7113, %edx
0x06ff7c17:  b8 86 80 00 00           movl     $0x8086, %eax
0x06ff7c1c:  e8 fe 49 ff ff           calll    0x6fec61f

----------------
IN: 
0x06fec61f:  89 c1                    movl     %eax, %ecx
0x06fec621:  a1 f8 fd ff 06           movl     0x6fffdf8, %eax
0x06fec626:  83 e8 04                 subl     $4, %eax
0x06fec629:  83 f8 fc                 cmpl     $-4, %eax
0x06fec62c:  74 11                    je       0x6fec63f

----------------
IN: 
0x06fec62e:  66 39 48 10              cmpw     %cx, 0x10(%eax)
0x06fec632:  75 06                    jne      0x6fec63a

----------------
IN: 
0x06fec634:  66 39 50 12              cmpw     %dx, 0x12(%eax)
0x06fec638:  74 07                    je       0x6fec641

----------------
IN: 
0x06fec63a:  8b 40 04                 movl     4(%eax), %eax
0x06fec63d:  eb e7                    jmp      0x6fec626

----------------
IN: 
0x06fec626:  83 e8 04                 subl     $4, %eax
0x06fec629:  83 f8 fc                 cmpl     $-4, %eax
0x06fec62c:  74 11                    je       0x6fec63f

----------------
IN: 
0x06fec641:  c3                       retl     

----------------
IN: 
0x06ff7c21:  89 c3                    movl     %eax, %ebx
0x06ff7c23:  ba 37 12 00 00           movl     $0x1237, %edx
0x06ff7c28:  b8 86 80 00 00           movl     $0x8086, %eax
0x06ff7c2d:  e8 ed 49 ff ff           calll    0x6fec61f

----------------
IN: 
0x06ff7c32:  85 db                    testl    %ebx, %ebx
0x06ff7c34:  74 04                    je       0x6ff7c3a

----------------
IN: 
0x06ff7c36:  85 c0                    testl    %eax, %eax
0x06ff7c38:  75 28                    jne      0x6ff7c62

----------------
IN: 
0x06ff7c62:  0f b7 13                 movzwl   (%ebx), %edx
0x06ff7c65:  89 15 04 4a 0f 00        movl     %edx, 0xf4a04
0x06ff7c6b:  0f b7 00                 movzwl   (%eax), %eax
0x06ff7c6e:  a3 00 4a 0f 00           movl     %eax, 0xf4a00
0x06ff7c73:  e8 bd 42 0f f9           calll    0xebf35

----------------
IN: 
0x000ebf35:  55                       pushl    %ebp
0x000ebf36:  57                       pushl    %edi
0x000ebf37:  56                       pushl    %esi
0x000ebf38:  53                       pushl    %ebx
0x000ebf39:  8b 35 04 4a 0f 00        movl     0xf4a04, %esi
0x000ebf3f:  85 f6                    testl    %esi, %esi
0x000ebf41:  0f 88 e7 00 00 00        js       0xec02e

----------------
IN: 
0x000ebf47:  0f b7 f6                 movzwl   %si, %esi
0x000ebf4a:  ba 02 00 00 00           movl     $2, %edx
0x000ebf4f:  89 f0                    movl     %esi, %eax
0x000ebf51:  e8 8f e5 ff ff           calll    0xea4e5

----------------
IN: 
0x000ebf56:  8b 1d 00 4a 0f 00        movl     0xf4a00, %ebx
0x000ebf5c:  66 3d 13 71              cmpw     $0x7113, %ax
0x000ebf60:  75 62                    jne      0xebfc4

----------------
IN: 
0x000ebf62:  ba 58 00 00 00           movl     $0x58, %edx
0x000ebf67:  89 f0                    movl     %esi, %eax
0x000ebf69:  e8 43 e5 ff ff           calll    0xea4b1

----------------
IN: 
0x000ebf6e:  89 c7                    movl     %eax, %edi
0x000ebf70:  0f ba e0 19              btl      $0x19, %eax
0x000ebf74:  0f 82 b4 00 00 00        jb       0xec02e

----------------
IN: 
0x000ebf7a:  b9 4a 00 00 00           movl     $0x4a, %ecx
0x000ebf7f:  ba 72 00 00 00           movl     $0x72, %edx
0x000ebf84:  0f b7 c3                 movzwl   %bx, %eax
0x000ebf87:  e8 e4 e4 ff ff           calll    0xea470

----------------
IN: 
0x000ebf8c:  e8 54 ff ff ff           calll    0xebee5

----------------
IN: 
0x000ebee5:  57                       pushl    %edi
0x000ebee6:  56                       pushl    %esi
0x000ebee7:  b8 00 fe 0a 00           movl     $0xafe00, %eax
0x000ebeec:  be 00 fe 03 00           movl     $0x3fe00, %esi
0x000ebef1:  b9 80 00 00 00           movl     $0x80, %ecx
0x000ebef6:  89 c7                    movl     %eax, %edi
0x000ebef8:  f3 a5                    rep movsl (%esi), %es:(%edi)

----------------
IN: 
0x000ebefa:  b8 00 80 0a 00           movl     $0xa8000, %eax
0x000ebeff:  ba 00 80 03 00           movl     $0x38000, %edx
0x000ebf04:  8b 0a                    movl     (%edx), %ecx
0x000ebf06:  89 08                    movl     %ecx, (%eax)
0x000ebf08:  8b 52 04                 movl     4(%edx), %edx
0x000ebf0b:  89 50 04                 movl     %edx, 4(%eax)
0x000ebf0e:  b8 66 d0 00 00           movl     $0xd066, %eax
0x000ebf13:  31 d2                    xorl     %edx, %edx
0x000ebf15:  0f a4 c2 18              shldl    $0x18, %eax, %edx
0x000ebf19:  c1 e0 18                 shll     $0x18, %eax
0x000ebf1c:  0d 8c c8 ea 00           orl      $0xeac88c, %eax
0x000ebf21:  81 ca 00 00 f0 00        orl      $0xf00000, %edx
0x000ebf27:  a3 00 80 03 00           movl     %eax, 0x38000
0x000ebf2c:  89 15 04 80 03 00        movl     %edx, 0x38004
0x000ebf32:  5e                       popl     %esi
0x000ebf33:  5f                       popl     %edi
0x000ebf34:  c3                       retl     

----------------
IN: 
0x000ebf91:  81 cf 00 00 00 02        orl      $0x2000000, %edi
0x000ebf97:  89 f9                    movl     %edi, %ecx
0x000ebf99:  ba 58 00 00 00           movl     $0x58, %edx
0x000ebf9e:  89 f0                    movl     %esi, %eax
0x000ebfa0:  e8 4f e4 ff ff           calll    0xea3f4

----------------
IN: 
0x000ebfa5:  66 a1 1c 4a 0f 00        movw     0xf4a1c, %ax
0x000ebfab:  8d 50 28                 leal     0x28(%eax), %edx
0x000ebfae:  ed                       inl      %dx, %eax

----------------
IN: 
0x000ebfaf:  83 c8 01                 orl      $1, %eax
0x000ebfb2:  ef                       outl     %eax, %dx

----------------
IN: 
0x000ebfb3:  e8 cd fe ff ff           calll    0xebe85

----------------
IN: 
0x000ebe85:  57                       pushl    %edi
0x000ebe86:  56                       pushl    %esi
0x000ebe87:  b0 01                    movb     $1, %al
0x000ebe89:  e6 b3                    outb     %al, $0xb3

----------------
IN: 
0x000ebe8b:  31 c0                    xorl     %eax, %eax
0x000ebe8d:  e6 b2                    outb     %al, $0xb2

----------------
IN: 
0x00038000:  8c c8                    movw     %cs, %ax
0x00038002:  ea 66 d0 00 f0           ljmpw    $0xf000:$0xd066

----------------
IN: 
0x000fd066:  66 ba 6f d0 0f 00        movl     $0xfd06f, %edx
0x000fd06c:  e9 ce fe                 jmp      0xfcf3d

----------------
IN: 
0x000fcf3d:  2e 0f 01 1e f8 61        lidtw    %cs:0x61f8
0x000fcf43:  2e 0f 01 16 b8 61        lgdtw    %cs:0x61b8
0x000fcf49:  0f 20 c1                 movl     %cr0, %ecx
0x000fcf4c:  66 81 e1 ff ff ff 1f     andl     $0x1fffffff, %ecx
0x000fcf53:  66 83 c9 01              orl      $1, %ecx
0x000fcf57:  0f 22 c1                 movl     %ecx, %cr0

----------------
IN: 
0x000fcf5a:  66 ea 62 cf 0f 00 08 00  ljmpl    $0x8:$0xfcf62

----------------
IN: 
0x000fcf62:  b9 10 00 00 00           movl     $0x10, %ecx
0x000fcf67:  8e d9                    movl     %ecx, %ds

----------------
IN: 
0x000fcf69:  8e c1                    movl     %ecx, %es

----------------
IN: 
0x000fcf6b:  8e d1                    movl     %ecx, %ss

----------------
IN: 
0x000fcf6d:  8e e1                    movl     %ecx, %fs

----------------
IN: 
0x000fcf6f:  8e e9                    movl     %ecx, %gs
0x000fcf71:  ff e2                    jmpl     *%edx

----------------
IN: 
0x000fd06f:  bc 00 80 0a 00           movl     $0xa8000, %esp
0x000fd074:  e8 2d 3b ff ff           calll    0xf0ba6

----------------
IN: 
0x000f0ba6:  55                       pushl    %ebp
0x000f0ba7:  89 e5                    movl     %esp, %ebp
0x000f0ba9:  57                       pushl    %edi
0x000f0baa:  56                       pushl    %esi
0x000f0bab:  53                       pushl    %ebx
0x000f0bac:  83 e4 f8                 andl     $0xfffffff8, %esp
0x000f0baf:  83 ec 48                 subl     $0x48, %esp
0x000f0bb2:  0f b7 d0                 movzwl   %ax, %edx
0x000f0bb5:  e4 b2                    inb      $0xb2, %al

----------------
IN: 
0x000f0bb7:  c1 e2 04                 shll     $4, %edx
0x000f0bba:  89 d3                    movl     %edx, %ebx
0x000f0bbc:  8b 92 fc fe 00 00        movl     0xfefc(%edx), %edx
0x000f0bc2:  81 e2 ff ff 02 00        andl     $0x2ffff, %edx
0x000f0bc8:  81 fb 00 00 03 00        cmpl     $0x30000, %ebx
0x000f0bce:  75 77                    jne      0xf0c47

----------------
IN: 
0x000f0bd0:  81 fa 00 00 02 00        cmpl     $0x20000, %edx
0x000f0bd6:  75 0c                    jne      0xf0be4

----------------
IN: 
0x000f0be4:  81 fa 64 00 02 00        cmpl     $0x20064, %edx
0x000f0bea:  75 0c                    jne      0xf0bf8

----------------
IN: 
0x000f0bec:  c7 05 00 ff 03 00 00 00  movl     $0xa0000, 0x3ff00
0x000f0bf4:  0a 00
0x000f0bf6:  eb 16                    jmp      0xf0c0e

----------------
IN: 
0x000f0c0e:  31 c0                    xorl     %eax, %eax
0x000f0c10:  e6 b3                    outb     %al, $0xb3

----------------
IN: 
0x000f0c12:  b8 00 00 0a 00           movl     $0xa0000, %eax
0x000f0c17:  be 00 fe 03 00           movl     $0x3fe00, %esi
0x000f0c1c:  b9 80 00 00 00           movl     $0x80, %ecx
0x000f0c21:  89 c7                    movl     %eax, %edi
0x000f0c23:  f3 a5                    rep movsl (%esi), %es:(%edi)

----------------
IN: 
0x000f0c25:  b8 00 02 0a 00           movl     $0xa0200, %eax
0x000f0c2a:  be 00 fe 03 00           movl     $0x3fe00, %esi
0x000f0c2f:  b9 80 00 00 00           movl     $0x80, %ecx
0x000f0c34:  89 c7                    movl     %eax, %edi
0x000f0c36:  f3 a5                    rep movsl (%esi), %es:(%edi)

----------------
IN: 
0x000f0c38:  c7 05 b4 61 0f 00 01 00  movl     $1, 0xf61b4
0x000f0c40:  00 00
0x000f0c42:  e9 ab 01 00 00           jmp      0xf0df2

----------------
IN: 
0x000f0df2:  8d 65 f4                 leal     -0xc(%ebp), %esp
0x000f0df5:  5b                       popl     %ebx
0x000f0df6:  5e                       popl     %esi
0x000f0df7:  5f                       popl     %edi
0x000f0df8:  5d                       popl     %ebp
0x000f0df9:  c3                       retl     

----------------
IN: 
0x000fd079:  0f aa                    rsm      

----------------
IN: 
0x000ebe8f:  e4 b3                    inb      $0xb3, %al

----------------
IN: 
0x000ebe91:  84 c0                    testb    %al, %al
0x000ebe93:  75 fa                    jne      0xebe8f

----------------
IN: 
0x000ebe95:  b8 00 fe 03 00           movl     $0x3fe00, %eax
0x000ebe9a:  be 00 fe 0a 00           movl     $0xafe00, %esi
0x000ebe9f:  b9 80 00 00 00           movl     $0x80, %ecx
0x000ebea4:  89 c7                    movl     %eax, %edi
0x000ebea6:  f3 a5                    rep movsl (%esi), %es:(%edi)

----------------
IN: 
0x000ebea8:  b8 00 80 03 00           movl     $0x38000, %eax
0x000ebead:  ba 00 80 0a 00           movl     $0xa8000, %edx
0x000ebeb2:  8b 0a                    movl     (%edx), %ecx
0x000ebeb4:  89 08                    movl     %ecx, (%eax)
0x000ebeb6:  8b 52 04                 movl     4(%edx), %edx
0x000ebeb9:  89 50 04                 movl     %edx, 4(%eax)
0x000ebebc:  b8 66 d0 00 00           movl     $0xd066, %eax
0x000ebec1:  31 d2                    xorl     %edx, %edx
0x000ebec3:  0f a4 c2 18              shldl    $0x18, %eax, %edx
0x000ebec7:  c1 e0 18                 shll     $0x18, %eax
0x000ebeca:  0d 8c c8 ea 00           orl      $0xeac88c, %eax
0x000ebecf:  81 ca 00 00 f0 00        orl      $0xf00000, %edx
0x000ebed5:  a3 00 80 0a 00           movl     %eax, 0xa8000
0x000ebeda:  89 15 04 80 0a 00        movl     %edx, 0xa8004
0x000ebee0:  0f 09                    wbinvd   
0x000ebee2:  5e                       popl     %esi
0x000ebee3:  5f                       popl     %edi
0x000ebee4:  c3                       retl     

----------------
IN: 
0x000ebfb8:  b9 0a 00 00 00           movl     $0xa, %ecx
0x000ebfbd:  ba 72 00 00 00           movl     $0x72, %edx
0x000ebfc2:  eb 5e                    jmp      0xec022

----------------
IN: 
0x000ec022:  0f b7 c3                 movzwl   %bx, %eax
0x000ec025:  5b                       popl     %ebx
0x000ec026:  5e                       popl     %esi
0x000ec027:  5f                       popl     %edi
0x000ec028:  5d                       popl     %ebp
0x000ec029:  e9 42 e4 ff ff           jmp      0xea470

----------------
IN: 
0x06ff7c78:  8d 54 24 44              leal     0x44(%esp), %edx
0x06ff7c7c:  8d 44 24 5c              leal     0x5c(%esp), %eax
0x06ff7c80:  50                       pushl    %eax
0x06ff7c81:  8d 44 24 50              leal     0x50(%esp), %eax
0x06ff7c85:  50                       pushl    %eax
0x06ff7c86:  8d 4c 24 50              leal     0x50(%esp), %ecx
0x06ff7c8a:  b8 01 00 00 00           movl     $1, %eax
0x06ff7c8f:  e8 fe 28 0f f9           calll    0xea592

----------------
IN: 
0x06ff7c94:  5d                       popl     %ebp
0x06ff7c95:  58                       popl     %eax
0x06ff7c96:  8b 44 24 5c              movl     0x5c(%esp), %eax
0x06ff7c9a:  f7 d0                    notl     %eax
0x06ff7c9c:  a9 20 10 00 00           testl    $0x1020, %eax
0x06ff7ca1:  0f 85 ce 01 00 00        jne      0x6ff7e75

----------------
IN: 
0x06ff7ca7:  b9 fe 00 00 00           movl     $0xfe, %ecx
0x06ff7cac:  0f 32                    rdmsr    
0x06ff7cae:  0f b6 f0                 movzbl   %al, %esi
0x06ff7cb1:  0f ba e0 08              btl      $8, %eax
0x06ff7cb5:  0f 83 ba 01 00 00        jae      0x6ff7e75

----------------
IN: 
0x06ff7cbb:  85 f6                    testl    %esi, %esi
0x06ff7cbd:  0f 84 b2 01 00 00        je       0x6ff7e75

----------------
IN: 
0x06ff7cc3:  31 d2                    xorl     %edx, %edx
0x06ff7cc5:  31 c9                    xorl     %ecx, %ecx
0x06ff7cc7:  b8 ff 02 00 00           movl     $0x2ff, %eax
0x06ff7ccc:  e8 8d 68 ff ff           calll    0x6fee55e

----------------
IN: 
0x06fee55e:  56                       pushl    %esi
0x06fee55f:  53                       pushl    %ebx
0x06fee560:  89 c3                    movl     %eax, %ebx
0x06fee562:  89 d0                    movl     %edx, %eax
0x06fee564:  89 ca                    movl     %ecx, %edx
0x06fee566:  89 d9                    movl     %ebx, %ecx
0x06fee568:  0f 30                    wrmsr    

----------------
IN: 
0x06fee56a:  8b 0d 08 4b 0f 00        movl     0xf4b08, %ecx
0x06fee570:  83 f9 1f                 cmpl     $0x1f, %ecx
0x06fee573:  76 11                    jbe      0x6fee586

----------------
IN: 
0x06fee586:  6b f1 0c                 imull    $0xc, %ecx, %esi
0x06fee589:  89 9e 20 4b 0f 00        movl     %ebx, 0xf4b20(%esi)
0x06fee58f:  89 86 24 4b 0f 00        movl     %eax, 0xf4b24(%esi)
0x06fee595:  89 96 28 4b 0f 00        movl     %edx, 0xf4b28(%esi)
0x06fee59b:  41                       incl     %ecx
0x06fee59c:  89 0d 08 4b 0f 00        movl     %ecx, 0xf4b08
0x06fee5a2:  5b                       popl     %ebx
0x06fee5a3:  5e                       popl     %esi
0x06fee5a4:  c3                       retl     

----------------
IN: 
0x06ff7cd1:  31 ff                    xorl     %edi, %edi
0x06ff7cd3:  89 7c 24 68              movl     %edi, 0x68(%esp)
0x06ff7cd7:  89 7c 24 6c              movl     %edi, 0x6c(%esp)
0x06ff7cdb:  8b 15 28 ff ff 06        movl     0x6ffff28, %edx
0x06ff7ce1:  31 c0                    xorl     %eax, %eax
0x06ff7ce3:  40                       incl     %eax
0x06ff7ce4:  89 c1                    movl     %eax, %ecx
0x06ff7ce6:  c1 e1 10                 shll     $0x10, %ecx
0x06ff7ce9:  39 ca                    cmpl     %ecx, %edx
0x06ff7ceb:  72 05                    jb       0x6ff7cf2

----------------
IN: 
0x06ff7ced:  c6 44 04 67 06           movb     $6, 0x67(%esp, %eax)
0x06ff7cf2:  83 f8 08                 cmpl     $8, %eax
0x06ff7cf5:  75 ec                    jne      0x6ff7ce3

----------------
IN: 
0x06ff7ce3:  40                       incl     %eax
0x06ff7ce4:  89 c1                    movl     %eax, %ecx
0x06ff7ce6:  c1 e1 10                 shll     $0x10, %ecx
0x06ff7ce9:  39 ca                    cmpl     %ecx, %edx
0x06ff7ceb:  72 05                    jb       0x6ff7cf2

----------------
IN: 
0x06ff7cf7:  8b 54 24 68              movl     0x68(%esp), %edx
0x06ff7cfb:  8b 4c 24 6c              movl     0x6c(%esp), %ecx
0x06ff7cff:  b8 50 02 00 00           movl     $0x250, %eax
0x06ff7d04:  e8 55 68 ff ff           calll    0x6fee55e

----------------
IN: 
0x06ff7d09:  31 db                    xorl     %ebx, %ebx
0x06ff7d0b:  89 5c 24 68              movl     %ebx, 0x68(%esp)
0x06ff7d0f:  89 5c 24 6c              movl     %ebx, 0x6c(%esp)
0x06ff7d13:  8b 0d 28 ff ff 06        movl     0x6ffff28, %ecx
0x06ff7d19:  8d 54 24 68              leal     0x68(%esp), %edx
0x06ff7d1d:  b8 00 40 08 00           movl     $0x84000, %eax
0x06ff7d22:  39 c1                    cmpl     %eax, %ecx
0x06ff7d24:  72 03                    jb       0x6ff7d29

----------------
IN: 
0x06ff7d26:  c6 02 06                 movb     $6, (%edx)
0x06ff7d29:  05 00 40 00 00           addl     $0x4000, %eax
0x06ff7d2e:  42                       incl     %edx
0x06ff7d2f:  3d 00 40 0a 00           cmpl     $0xa4000, %eax
0x06ff7d34:  75 ec                    jne      0x6ff7d22

----------------
IN: 
0x06ff7d22:  39 c1                    cmpl     %eax, %ecx
0x06ff7d24:  72 03                    jb       0x6ff7d29

----------------
IN: 
0x06ff7d36:  8b 54 24 68              movl     0x68(%esp), %edx
0x06ff7d3a:  8b 4c 24 6c              movl     0x6c(%esp), %ecx
0x06ff7d3e:  b8 58 02 00 00           movl     $0x258, %eax
0x06ff7d43:  e8 16 68 ff ff           calll    0x6fee55e

----------------
IN: 
0x06ff7d48:  31 d2                    xorl     %edx, %edx
0x06ff7d4a:  31 c9                    xorl     %ecx, %ecx
0x06ff7d4c:  b8 59 02 00 00           movl     $0x259, %eax
0x06ff7d51:  e8 08 68 ff ff           calll    0x6fee55e

----------------
IN: 
0x06ff7d56:  bb 68 02 00 00           movl     $0x268, %ebx
0x06ff7d5b:  31 c9                    xorl     %ecx, %ecx
0x06ff7d5d:  89 4c 24 68              movl     %ecx, 0x68(%esp)
0x06ff7d61:  89 4c 24 6c              movl     %ecx, 0x6c(%esp)
0x06ff7d65:  8b 0d 28 ff ff 06        movl     0x6ffff28, %ecx
0x06ff7d6b:  89 d8                    movl     %ebx, %eax
0x06ff7d6d:  c1 e0 0f                 shll     $0xf, %eax
0x06ff7d70:  2d 00 f0 27 01           subl     $0x127f000, %eax
0x06ff7d75:  31 d2                    xorl     %edx, %edx
0x06ff7d77:  42                       incl     %edx
0x06ff7d78:  39 c1                    cmpl     %eax, %ecx
0x06ff7d7a:  72 05                    jb       0x6ff7d81

----------------
IN: 
0x06ff7d7c:  c6 44 14 67 05           movb     $5, 0x67(%esp, %edx)
0x06ff7d81:  05 00 10 00 00           addl     $0x1000, %eax
0x06ff7d86:  83 fa 08                 cmpl     $8, %edx
0x06ff7d89:  75 ec                    jne      0x6ff7d77

----------------
IN: 
0x06ff7d77:  42                       incl     %edx
0x06ff7d78:  39 c1                    cmpl     %eax, %ecx
0x06ff7d7a:  72 05                    jb       0x6ff7d81

----------------
IN: 
0x06ff7d8b:  8b 54 24 68              movl     0x68(%esp), %edx
0x06ff7d8f:  8b 4c 24 6c              movl     0x6c(%esp), %ecx
0x06ff7d93:  89 d8                    movl     %ebx, %eax
0x06ff7d95:  e8 c4 67 ff ff           calll    0x6fee55e

----------------
IN: 
0x06ff7d9a:  43                       incl     %ebx
0x06ff7d9b:  81 fb 70 02 00 00        cmpl     $0x270, %ebx
0x06ff7da1:  75 b8                    jne      0x6ff7d5b

----------------
IN: 
0x06ff7d5b:  31 c9                    xorl     %ecx, %ecx
0x06ff7d5d:  89 4c 24 68              movl     %ecx, 0x68(%esp)
0x06ff7d61:  89 4c 24 6c              movl     %ecx, 0x6c(%esp)
0x06ff7d65:  8b 0d 28 ff ff 06        movl     0x6ffff28, %ecx
0x06ff7d6b:  89 d8                    movl     %ebx, %eax
0x06ff7d6d:  c1 e0 0f                 shll     $0xf, %eax
0x06ff7d70:  2d 00 f0 27 01           subl     $0x127f000, %eax
0x06ff7d75:  31 d2                    xorl     %edx, %edx
0x06ff7d77:  42                       incl     %edx
0x06ff7d78:  39 c1                    cmpl     %eax, %ecx
0x06ff7d7a:  72 05                    jb       0x6ff7d81

----------------
IN: 
0x06ff7da3:  8d 6c 24 54              leal     0x54(%esp), %ebp
0x06ff7da7:  55                       pushl    %ebp
0x06ff7da8:  8d 7c 24 50              leal     0x50(%esp), %edi
0x06ff7dac:  57                       pushl    %edi
0x06ff7dad:  8d 4c 24 50              leal     0x50(%esp), %ecx
0x06ff7db1:  8d 54 24 4c              leal     0x4c(%esp), %edx
0x06ff7db5:  b8 00 00 00 80           movl     $0x80000000, %eax
0x06ff7dba:  e8 d3 27 0f f9           calll    0xea592

----------------
IN: 
0x06ff7dbf:  58                       popl     %eax
0x06ff7dc0:  5a                       popl     %edx
0x06ff7dc1:  bb 24 00 00 00           movl     $0x24, %ebx
0x06ff7dc6:  81 7c 24 44 07 00 00 80  cmpl     $0x80000007, 0x44(%esp)
0x06ff7dce:  76 1b                    jbe      0x6ff7deb

----------------
IN: 
0x06ff7dd0:  55                       pushl    %ebp
0x06ff7dd1:  57                       pushl    %edi
0x06ff7dd2:  8d 4c 24 50              leal     0x50(%esp), %ecx
0x06ff7dd6:  8d 54 24 4c              leal     0x4c(%esp), %edx
0x06ff7dda:  b8 08 00 00 80           movl     $0x80000008, %eax
0x06ff7ddf:  e8 ae 27 0f f9           calll    0xea592

----------------
IN: 
0x06ff7de4:  0f b6 5c 24 4c           movzbl   0x4c(%esp), %ebx
0x06ff7de9:  59                       popl     %ecx
0x06ff7dea:  5f                       popl     %edi
0x06ff7deb:  31 ff                    xorl     %edi, %edi
0x06ff7ded:  8d 84 3f 00 02 00 00     leal     0x200(%edi, %edi), %eax
0x06ff7df4:  31 d2                    xorl     %edx, %edx
0x06ff7df6:  31 c9                    xorl     %ecx, %ecx
0x06ff7df8:  e8 61 67 ff ff           calll    0x6fee55e

----------------
IN: 
0x06ff7dfd:  8d 84 3f 01 02 00 00     leal     0x201(%edi, %edi), %eax
0x06ff7e04:  31 d2                    xorl     %edx, %edx
0x06ff7e06:  31 c9                    xorl     %ecx, %ecx
0x06ff7e08:  e8 51 67 ff ff           calll    0x6fee55e

----------------
IN: 
0x06ff7e0d:  47                       incl     %edi
0x06ff7e0e:  39 fe                    cmpl     %edi, %esi
0x06ff7e10:  7f db                    jg       0x6ff7ded

----------------
IN: 
0x06ff7ded:  8d 84 3f 00 02 00 00     leal     0x200(%edi, %edi), %eax
0x06ff7df4:  31 d2                    xorl     %edx, %edx
0x06ff7df6:  31 c9                    xorl     %ecx, %ecx
0x06ff7df8:  e8 61 67 ff ff           calll    0x6fee55e

----------------
IN: 
0x06ff7e12:  8b 15 d0 fd ff 06        movl     0x6fffdd0, %edx
0x06ff7e18:  8b 0d d4 fd ff 06        movl     0x6fffdd4, %ecx
0x06ff7e1e:  b8 00 02 00 00           movl     $0x200, %eax
0x06ff7e23:  e8 36 67 ff ff           calll    0x6fee55e

----------------
IN: 
0x06ff7e28:  a1 d0 fd ff 06           movl     0x6fffdd0, %eax
0x06ff7e2d:  8b 15 d4 fd ff 06        movl     0x6fffdd4, %edx
0x06ff7e33:  4a                       decl     %edx
0x06ff7e34:  88 d9                    movb     %bl, %cl
0x06ff7e36:  be ff ff ff ff           movl     $0xffffffff, %esi
0x06ff7e3b:  89 f7                    movl     %esi, %edi
0x06ff7e3d:  d3 e6                    shll     %cl, %esi
0x06ff7e3f:  f6 c1 20                 testb    $0x20, %cl
0x06ff7e42:  74 04                    je       0x6ff7e48

----------------
IN: 
0x06ff7e44:  89 f7                    movl     %esi, %edi
0x06ff7e46:  31 f6                    xorl     %esi, %esi
0x06ff7e48:  f7 d6                    notl     %esi
0x06ff7e4a:  f7 d7                    notl     %edi
0x06ff7e4c:  21 c6                    andl     %eax, %esi
0x06ff7e4e:  21 d7                    andl     %edx, %edi
0x06ff7e50:  81 ce 00 08 00 00        orl      $0x800, %esi
0x06ff7e56:  89 f2                    movl     %esi, %edx
0x06ff7e58:  89 f9                    movl     %edi, %ecx
0x06ff7e5a:  b8 01 02 00 00           movl     $0x201, %eax
0x06ff7e5f:  e8 fa 66 ff ff           calll    0x6fee55e

----------------
IN: 
0x06ff7e64:  ba 06 0c 00 00           movl     $0xc06, %edx
0x06ff7e69:  31 c9                    xorl     %ecx, %ecx
0x06ff7e6b:  b8 ff 02 00 00           movl     $0x2ff, %eax
0x06ff7e70:  e8 e9 66 ff ff           calll    0x6fee55e

----------------
IN: 
0x06ff7e75:  31 d2                    xorl     %edx, %edx
0x06ff7e77:  31 c9                    xorl     %ecx, %ecx
0x06ff7e79:  b8 4c 2d 0f 00           movl     $0xf2d4c, %eax
0x06ff7e7e:  e8 9c 62 ff ff           calll    0x6fee11f

----------------
IN: 
0x06ff7e83:  89 d1                    movl     %edx, %ecx
0x06ff7e85:  85 d2                    testl    %edx, %edx
0x06ff7e87:  75 04                    jne      0x6ff7e8d

----------------
IN: 
0x06ff7e89:  85 c0                    testl    %eax, %eax
0x06ff7e8b:  74 0c                    je       0x6ff7e99

----------------
IN: 
0x06ff7e99:  31 d2                    xorl     %edx, %edx
0x06ff7e9b:  31 c9                    xorl     %ecx, %ecx
0x06ff7e9d:  b8 70 1f 0f 00           movl     $0xf1f70, %eax
0x06ff7ea2:  e8 78 62 ff ff           calll    0x6fee11f

----------------
IN: 
0x06ff7ea7:  89 c3                    movl     %eax, %ebx
0x06ff7ea9:  a3 04 4b 0f 00           movl     %eax, 0xf4b04
0x06ff7eae:  e8 05 4f 0f f9           calll    0xecdb8

----------------
IN: 
0x000ecdb8:  51                       pushl    %ecx
0x000ecdb9:  66 c7 44 24 02 00 00     movw     $0, 2(%esp)
0x000ecdc0:  83 3d a4 4c 0f 00 00     cmpl     $0, 0xf4ca4
0x000ecdc7:  74 13                    je       0xecddc

----------------
IN: 
0x000ecdc9:  8d 44 24 02              leal     2(%esp), %eax
0x000ecdcd:  b9 02 00 00 00           movl     $2, %ecx
0x000ecdd2:  ba 05 00 00 00           movl     $5, %edx
0x000ecdd7:  e8 a8 ff ff ff           calll    0xecd84

----------------
IN: 
0x000ecddc:  b0 88                    movb     $0x88, %al
0x000ecdde:  e6 70                    outb     %al, $0x70

----------------
IN: 
0x000ecde0:  e4 71                    inb      $0x71, %al

----------------
IN: 
0x000ecde2:  fe c0                    incb     %al
0x000ecde4:  74 16                    je       0xecdfc

----------------
IN: 
0x000ecde6:  b0 df                    movb     $0xdf, %al
0x000ecde8:  e6 70                    outb     %al, $0x70

----------------
IN: 
0x000ecdea:  e4 71                    inb      $0x71, %al

----------------
IN: 
0x000ecdec:  0f b6 c0                 movzbl   %al, %eax
0x000ecdef:  40                       incl     %eax
0x000ecdf0:  66 39 44 24 02           cmpw     %ax, 2(%esp)
0x000ecdf5:  73 05                    jae      0xecdfc

----------------
IN: 
0x000ecdfc:  66 8b 44 24 02           movw     2(%esp), %ax
0x000ece01:  5a                       popl     %edx
0x000ece02:  c3                       retl     

----------------
IN: 
0x06ff7eb3:  0f b7 c0                 movzwl   %ax, %eax
0x06ff7eb6:  39 c3                    cmpl     %eax, %ebx
0x06ff7eb8:  73 05                    jae      0x6ff7ebf

----------------
IN: 
0x06ff7ebf:  e8 81 6e 0f f9           calll    0xeed45

----------------
IN: 
0x000eed45:  57                       pushl    %edi
0x000eed46:  56                       pushl    %esi
0x000eed47:  53                       pushl    %ebx
0x000eed48:  83 ec 10                 subl     $0x10, %esp
0x000eed4b:  8d 4c 24 04              leal     4(%esp), %ecx
0x000eed4f:  89 e2                    movl     %esp, %edx
0x000eed51:  8d 44 24 0c              leal     0xc(%esp), %eax
0x000eed55:  50                       pushl    %eax
0x000eed56:  8d 44 24 0c              leal     0xc(%esp), %eax
0x000eed5a:  50                       pushl    %eax
0x000eed5b:  b8 01 00 00 00           movl     $1, %eax
0x000eed60:  e8 2d b8 ff ff           calll    0xea592

----------------
IN: 
0x000eed65:  5a                       popl     %edx
0x000eed66:  59                       popl     %ecx
0x000eed67:  83 3c 24 00              cmpl     $0, (%esp)
0x000eed6b:  74 07                    je       0xeed74

----------------
IN: 
0x000eed6d:  f6 44 24 0d 02           testb    $2, 0xd(%esp)
0x000eed72:  75 1a                    jne      0xeed8e

----------------
IN: 
0x000eed8e:  c7 05 00 4b 0f 00 01 00  movl     $1, 0xf4b00
0x000eed96:  00 00
0x000eed98:  8b 35 00 00 01 00        movl     0x10000, %esi
0x000eed9e:  8b 3d 04 00 01 00        movl     0x10004, %edi
0x000eeda4:  b8 7b d0 00 00           movl     $0xd07b, %eax
0x000eeda9:  c1 e0 08                 shll     $8, %eax
0x000eedac:  31 d2                    xorl     %edx, %edx
0x000eedae:  0c ea                    orb      $0xea, %al
0x000eedb0:  80 ca f0                 orb      $0xf0, %dl
0x000eedb3:  a3 00 00 01 00           movl     %eax, 0x10000
0x000eedb8:  89 15 04 00 01 00        movl     %edx, 0x10004
0x000eedbe:  a1 f0 00 e0 fe           movl     0xfee000f0, %eax
0x000eedc3:  80 cc 01                 orb      $1, %ah
0x000eedc6:  a3 f0 00 e0 fe           movl     %eax, 0xfee000f0
0x000eedcb:  c7 05 50 03 e0 fe 00 87  movl     $0x8700, 0xfee00350
0x000eedd3:  00 00
0x000eedd5:  c7 05 60 03 e0 fe 00 84  movl     $0x8400, 0xfee00360
0x000eeddd:  00 00
0x000eeddf:  c7 05 d8 4a 0f 00 01 00  movl     $1, 0xf4ad8
0x000eede7:  00 00
0x000eede9:  c7 05 00 03 e0 fe 00 45  movl     $0xc4500, 0xfee00300
0x000eedf1:  0c 00
0x000eedf3:  c7 05 00 03 e0 fe 10 46  movl     $0xc4610, 0xfee00300
0x000eedfb:  0c 00
0x000eedfd:  e8 88 b9 ff ff           calll    0xea78a

----------------
IN: 
0x000eedbe:  a1 f0 00 e0 fe           movl     0xfee000f0, %eax

----------------
IN: 
0x000eedc3:  80 cc 01                 orb      $1, %ah
0x000eedc6:  a3 f0 00 e0 fe           movl     %eax, 0xfee000f0
0x000eedcb:  c7 05 50 03 e0 fe 00 87  movl     $0x8700, 0xfee00350
0x000eedd3:  00 00
0x000eedd5:  c7 05 60 03 e0 fe 00 84  movl     $0x8400, 0xfee00360
0x000eeddd:  00 00
0x000eeddf:  c7 05 d8 4a 0f 00 01 00  movl     $1, 0xf4ad8
0x000eede7:  00 00
0x000eede9:  c7 05 00 03 e0 fe 00 45  movl     $0xc4500, 0xfee00300
0x000eedf1:  0c 00
0x000eedf3:  c7 05 00 03 e0 fe 10 46  movl     $0xc4610, 0xfee00300
0x000eedfb:  0c 00
0x000eedfd:  e8 88 b9 ff ff           calll    0xea78a

----------------
IN: 
0x000eedc6:  a3 f0 00 e0 fe           movl     %eax, 0xfee000f0

----------------
IN: 
0x000eedcb:  c7 05 50 03 e0 fe 00 87  movl     $0x8700, 0xfee00350
0x000eedd3:  00 00
0x000eedd5:  c7 05 60 03 e0 fe 00 84  movl     $0x8400, 0xfee00360
0x000eeddd:  00 00
0x000eeddf:  c7 05 d8 4a 0f 00 01 00  movl     $1, 0xf4ad8
0x000eede7:  00 00
0x000eede9:  c7 05 00 03 e0 fe 00 45  movl     $0xc4500, 0xfee00300
0x000eedf1:  0c 00
0x000eedf3:  c7 05 00 03 e0 fe 10 46  movl     $0xc4610, 0xfee00300
0x000eedfb:  0c 00
0x000eedfd:  e8 88 b9 ff ff           calll    0xea78a

----------------
IN: 
0x000eedcb:  c7 05 50 03 e0 fe 00 87  movl     $0x8700, 0xfee00350
0x000eedd3:  00 00

----------------
IN: 
0x000eedd5:  c7 05 60 03 e0 fe 00 84  movl     $0x8400, 0xfee00360
0x000eeddd:  00 00
0x000eeddf:  c7 05 d8 4a 0f 00 01 00  movl     $1, 0xf4ad8
0x000eede7:  00 00
0x000eede9:  c7 05 00 03 e0 fe 00 45  movl     $0xc4500, 0xfee00300
0x000eedf1:  0c 00
0x000eedf3:  c7 05 00 03 e0 fe 10 46  movl     $0xc4610, 0xfee00300
0x000eedfb:  0c 00
0x000eedfd:  e8 88 b9 ff ff           calll    0xea78a

----------------
IN: 
0x000eedd5:  c7 05 60 03 e0 fe 00 84  movl     $0x8400, 0xfee00360
0x000eeddd:  00 00

----------------
IN: 
0x000eeddf:  c7 05 d8 4a 0f 00 01 00  movl     $1, 0xf4ad8
0x000eede7:  00 00
0x000eede9:  c7 05 00 03 e0 fe 00 45  movl     $0xc4500, 0xfee00300
0x000eedf1:  0c 00
0x000eedf3:  c7 05 00 03 e0 fe 10 46  movl     $0xc4610, 0xfee00300
0x000eedfb:  0c 00
0x000eedfd:  e8 88 b9 ff ff           calll    0xea78a

----------------
IN: 
0x000eede9:  c7 05 00 03 e0 fe 00 45  movl     $0xc4500, 0xfee00300
0x000eedf1:  0c 00

----------------
IN: 
0x000eedf3:  c7 05 00 03 e0 fe 10 46  movl     $0xc4610, 0xfee00300
0x000eedfb:  0c 00
0x000eedfd:  e8 88 b9 ff ff           calll    0xea78a

----------------
IN: 
0x000eedf3:  c7 05 00 03 e0 fe 10 46  movl     $0xc4610, 0xfee00300
0x000eedfb:  0c 00

----------------
IN: 
0x000eedfd:  e8 88 b9 ff ff           calll    0xea78a

----------------
IN: 
0x000ea78a:  53                       pushl    %ebx
0x000ea78b:  83 ec 10                 subl     $0x10, %esp
0x000ea78e:  8d 4c 24 04              leal     4(%esp), %ecx
0x000ea792:  89 e2                    movl     %esp, %edx
0x000ea794:  8d 44 24 0c              leal     0xc(%esp), %eax
0x000ea798:  50                       pushl    %eax
0x000ea799:  8d 44 24 0c              leal     0xc(%esp), %eax
0x000ea79d:  50                       pushl    %eax
0x000ea79e:  b8 01 00 00 00           movl     $1, %eax
0x000ea7a3:  e8 ea fd ff ff           calll    0xea592

----------------
IN: 
0x000ea7a8:  58                       popl     %eax
0x000ea7a9:  5a                       popl     %edx
0x000ea7aa:  81 3d 04 4b 0f 00 ff 00  cmpl     $0xff, 0xf4b04
0x000ea7b2:  00 00
0x000ea7b4:  77 1e                    ja       0xea7d4

----------------
IN: 
0x000ea7b6:  8b 54 24 04              movl     4(%esp), %edx
0x000ea7ba:  89 d0                    movl     %edx, %eax
0x000ea7bc:  c1 e8 18                 shrl     $0x18, %eax
0x000ea7bf:  c1 ea 1d                 shrl     $0x1d, %edx
0x000ea7c2:  bb 01 00 00 00           movl     $1, %ebx
0x000ea7c7:  88 c1                    movb     %al, %cl
0x000ea7c9:  d3 e3                    shll     %cl, %ebx
0x000ea7cb:  09 1c 95 e0 4a 0f 00     orl      %ebx, 0xf4ae0(, %edx, 4)
0x000ea7d2:  eb 1f                    jmp      0xea7f3

----------------
IN: 
0x000ea7f3:  83 c4 10                 addl     $0x10, %esp
0x000ea7f6:  5b                       popl     %ebx
0x000ea7f7:  c3                       retl     

----------------
IN: 
0x000eee02:  e8 b1 df ff ff           calll    0xecdb8

----------------
IN: 
0x000eee07:  0f b7 d8                 movzwl   %ax, %ebx
0x000eee0a:  3b 1d 00 4b 0f 00        cmpl     0xf4b00, %ebx
0x000eee10:  74 1f                    je       0xeee31

----------------
IN: 
0x000eee31:  e8 b5 dc ff ff           calll    0xecaeb

----------------
IN: 
0x000ecaeb:  53                       pushl    %ebx
0x000ecaec:  89 e0                    movl     %esp, %eax
0x000ecaee:  bb a8 61 0f 00           movl     $0xf61a8, %ebx
0x000ecaf3:  3d 00 00 10 00           cmpl     $0x100000, %eax
0x000ecaf8:  76 07                    jbe      0xecb01

----------------
IN: 
0x000ecb01:  89 d8                    movl     %ebx, %eax
0x000ecb03:  e8 15 d7 ff ff           calll    0xea21d

----------------
IN: 
0x000ea21d:  8b 50 04                 movl     4(%eax), %edx
0x000ea220:  8d 4a fc                 leal     -4(%edx), %ecx
0x000ea223:  39 c8                    cmpl     %ecx, %eax
0x000ea225:  74 13                    je       0xea23a

----------------
IN: 
0x000ea23a:  c3                       retl     

----------------
IN: 
0x000ecb08:  81 fb a8 61 0f 00        cmpl     $0xf61a8, %ebx
0x000ecb0e:  75 06                    jne      0xecb16

----------------
IN: 
0x000ecb10:  5b                       popl     %ebx
0x000ecb11:  e9 bb ff ff ff           jmp      0xecad1

----------------
IN: 
0x000ecad1:  80 3d a1 4d 0f 00 00     cmpb     $0, 0xf4da1
0x000ecad8:  75 03                    jne      0xecadd

----------------
IN: 
0x000ecadd:  b9 04 89 0f 00           movl     $0xf8904, %ecx
0x000ecae2:  31 d2                    xorl     %edx, %edx
0x000ecae4:  31 c0                    xorl     %eax, %eax
0x000ecae6:  e9 5e ff ff ff           jmp      0xeca49

----------------
IN: 
0x000eca49:  55                       pushl    %ebp
0x000eca4a:  57                       pushl    %edi
0x000eca4b:  56                       pushl    %esi
0x000eca4c:  53                       pushl    %ebx
0x000eca4d:  89 c6                    movl     %eax, %esi
0x000eca4f:  89 e0                    movl     %esp, %eax
0x000eca51:  3d 00 00 10 00           cmpl     $0x100000, %eax
0x000eca56:  76 0a                    jbe      0xeca62

----------------
IN: 
0x000eca62:  89 d3                    movl     %edx, %ebx
0x000eca64:  a0 bc a1 0e 00           movb     0xea1bc, %al
0x000eca69:  8d a9 00 00 f1 ff        leal     -0xf0000(%ecx), %ebp
0x000eca6f:  0f b7 3d c0 a1 0e 00     movzwl   0xea1c0, %edi
0x000eca76:  3c 02                    cmpb     $2, %al
0x000eca78:  75 1d                    jne      0xeca97

----------------
IN: 
0x000eca97:  b9 88 cf 0f 00           movl     $0xfcf88, %ecx
0x000eca9c:  fe c8                    decb     %al
0x000eca9e:  74 0e                    je       0xecaae

----------------
IN: 
0x000ecaae:  89 f0                    movl     %esi, %eax
0x000ecab0:  ba 46 62 00 00           movl     $0x6246, %edx
0x000ecab5:  ff e1                    jmpl     *%ecx

----------------
IN: 
0x000fcf88:  b9 30 00 00 00           movl     $0x30, %ecx
0x000fcf8d:  8e d9                    movl     %ecx, %ds

----------------
IN: 
0x000fcf8f:  8e c1                    movl     %ecx, %es

----------------
IN: 
0x000fcf91:  8e d1                    movl     %ecx, %ss

----------------
IN: 
0x000fcf93:  8e e1                    movl     %ecx, %fs

----------------
IN: 
0x000fcf95:  8e e9                    movl     %ecx, %gs
0x000fcf97:  66 ea 9d cf 28 00        ljmpw    $0x28:$0xcf9d

----------------
IN: 
0x000fcf9d:  0f 20 c1                 movl     %cr0, %ecx
0x000fcfa0:  66 83 e1 fe              andl     $0xfffffffe, %ecx
0x000fcfa4:  0f 22 c1                 movl     %ecx, %cr0

----------------
IN: 
0x000fcfa7:  ea ac cf 00 f0           ljmpw    $0xf000:$0xcfac

----------------
IN: 
0x000fcfac:  2e 0f 01 1e 00 62        lidtw    %cs:0x6200
0x000fcfb2:  31 c9                    xorw     %cx, %cx
0x000fcfb4:  8e e1                    movw     %cx, %fs
0x000fcfb6:  8e e9                    movw     %cx, %gs
0x000fcfb8:  8e c1                    movw     %cx, %es
0x000fcfba:  8e d9                    movw     %cx, %ds
0x000fcfbc:  8e d1                    movw     %cx, %ss

----------------
IN: 
0x000fcfbe:  66 ff e2                 jmpl     *%edx

----------------
IN: 
0x000f6246:  66 89 f9                 movl     %edi, %ecx
0x000f6249:  66 c1 e7 04              shll     $4, %edi
0x000f624d:  8e d1                    movw     %cx, %ss

----------------
IN: 
0x000f624f:  66 29 fc                 subl     %edi, %esp

----------------
IN: 
0x000f6252:  8e d9                    movw     %cx, %ds
0x000f6254:  66 89 da                 movl     %ebx, %edx
0x000f6257:  66 89 e9                 movl     %ebp, %ecx
0x000f625a:  66 e8 51 1a 00 00        calll    0xf7cb1

----------------
IN: 
0x000f7cb1:  66 55                    pushl    %ebp
0x000f7cb3:  66 57                    pushl    %edi
0x000f7cb5:  66 56                    pushl    %esi
0x000f7cb7:  66 53                    pushl    %ebx
0x000f7cb9:  66 89 c7                 movl     %eax, %edi
0x000f7cbc:  66 89 d5                 movl     %edx, %ebp
0x000f7cbf:  66 89 ce                 movl     %ecx, %esi
0x000f7cc2:  66 e8 28 f3 ff ff        calll    0xf6ff0

----------------
IN: 
0x000f6ff0:  66 56                    pushl    %esi
0x000f6ff2:  66 53                    pushl    %ebx
0x000f6ff4:  66 83 ec 08              subl     $8, %esp
0x000f6ff8:  66 be 80 da 00 00        movl     $0xda80, %esi
0x000f6ffe:  8e c6                    movw     %si, %es

----------------
IN: 
0x000f7000:  26 8a 1e bc f9           movb     %es:0xf9bc, %bl
0x000f7005:  66 31 c0                 xorl     %eax, %eax
0x000f7008:  26 a2 bc f9              movb     %al, %es:0xf9bc
0x000f700c:  66 31 c0                 xorl     %eax, %eax
0x000f700f:  26 a3 c0 f9              movw     %ax, %es:0xf9c0
0x000f7013:  80 fb 02                 cmpb     $2, %bl
0x000f7016:  74 5b                    je       0xf7073

----------------
IN: 
0x000f7018:  26 a0 be f9              movb     %es:0xf9be, %al
0x000f701c:  84 c0                    testb    %al, %al
0x000f701e:  75 09                    jne      0xf7029

----------------
IN: 
0x000f7029:  8e c6                    movw     %si, %es
0x000f702b:  26 a1 cc f9              movw     %es:0xf9cc, %ax
0x000f702f:  67 89 44 24 02           movw     %ax, 2(%esp)
0x000f7034:  26 66 a1 ce f9           movl     %es:0xf9ce, %eax
0x000f7039:  67 66 89 44 24 04        movl     %eax, 4(%esp)
0x000f703f:  67 66 0f 01 54 24 02     lgdtl    2(%esp)
0x000f7046:  8e c6                    movw     %si, %es
0x000f7048:  26 a1 c2 f9              movw     %es:0xf9c2, %ax
0x000f704c:  8e e0                    movw     %ax, %fs
0x000f704e:  26 a1 c4 f9              movw     %es:0xf9c4, %ax
0x000f7052:  8e e8                    movw     %ax, %gs
0x000f7054:  26 66 a1 c8 f9           movl     %es:0xf9c8, %eax
0x000f7059:  66 25 00 00 00 60        andl     $0x60000000, %eax
0x000f705f:  66 89 c2                 movl     %eax, %edx
0x000f7062:  74 0f                    je       0xf7073

----------------
IN: 
0x000f7073:  8e c6                    movw     %si, %es
0x000f7075:  26 a0 bd f9              movb     %es:0xf9bd, %al
0x000f7079:  84 c0                    testb    %al, %al
0x000f707b:  78 04                    js       0xf7081

----------------
IN: 
0x000f707d:  e6 70                    outb     %al, $0x70

----------------
IN: 
0x000f707f:  e4 71                    inb      $0x71, %al

----------------
IN: 
0x000f7081:  88 d8                    movb     %bl, %al
0x000f7083:  66 83 c4 08              addl     $8, %esp
0x000f7087:  66 5b                    popl     %ebx
0x000f7089:  66 5e                    popl     %esi
0x000f708b:  66 c3                    retl     

----------------
IN: 
0x000f7cc8:  88 c3                    movb     %al, %bl
0x000f7cca:  66 89 ea                 movl     %ebp, %edx
0x000f7ccd:  66 89 f8                 movl     %edi, %eax
0x000f7cd0:  66 ff d6                 calll    *%esi

----------------
IN: 
0x000f8904:  66 e8 04 e3 ff ff        calll    0xf6c0e

----------------
IN: 
0x000f6c0e:  8c d0                    movw     %ss, %ax
0x000f6c10:  66 0f b7 c0              movzwl   %ax, %eax
0x000f6c14:  66 31 d2                 xorl     %edx, %edx
0x000f6c17:  66 3d 80 da 00 00        cmpl     $0xda80, %eax
0x000f6c1d:  75 0f                    jne      0xf6c2e

----------------
IN: 
0x000f6c2e:  66 89 d0                 movl     %edx, %eax
0x000f6c31:  66 c3                    retl     

----------------
IN: 
0x000f890a:  66 85 c0                 testl    %eax, %eax
0x000f890d:  74 0f                    je       0xf891e

----------------
IN: 
0x000f891e:  fb                       sti      

----------------
IN: 
0x000f891f:  90                       nop      

----------------
IN: 
0x000f8920:  f3 90                    pause    

----------------
IN: 
0x000f8922:  fa                       cli      
0x000f8923:  fc                       cld      
0x000f8924:  66 c3                    retl     

----------------
IN: 
0x000f7cd3:  66 89 c6                 movl     %eax, %esi
0x000f7cd6:  66 0f b6 c3              movzbl   %bl, %eax
0x000f7cda:  66 e8 93 ee ff ff        calll    0xf6b73

----------------
IN: 
0x000f6b73:  66 56                    pushl    %esi
0x000f6b75:  66 53                    pushl    %ebx
0x000f6b77:  66 83 ec 08              subl     $8, %esp
0x000f6b7b:  66 89 c3                 movl     %eax, %ebx
0x000f6b7e:  3c 02                    cmpb     $2, %al
0x000f6b80:  74 55                    je       0xf6bd7

----------------
IN: 
0x000f6b82:  0f 20 c0                 movl     %cr0, %eax
0x000f6b85:  a8 01                    testb    $1, %al
0x000f6b87:  74 08                    je       0xf6b91

----------------
IN: 
0x000f6b91:  66 be 80 da 00 00        movl     $0xda80, %esi
0x000f6b97:  8e c6                    movw     %si, %es
0x000f6b99:  26 66 a3 c8 f9           movl     %eax, %es:0xf9c8
0x000f6b9e:  8c e0                    movw     %fs, %ax
0x000f6ba0:  26 a3 c2 f9              movw     %ax, %es:0xf9c2
0x000f6ba4:  8c e8                    movw     %gs, %ax
0x000f6ba6:  26 a3 c4 f9              movw     %ax, %es:0xf9c4
0x000f6baa:  67 66 0f 01 44 24 02     sgdtl    2(%esp)
0x000f6bb1:  67 8b 44 24 02           movw     2(%esp), %ax
0x000f6bb6:  26 a3 cc f9              movw     %ax, %es:0xf9cc
0x000f6bba:  67 66 8b 44 24 04        movl     4(%esp), %eax
0x000f6bc0:  26 66 a3 ce f9           movl     %eax, %es:0xf9ce
0x000f6bc5:  66 b8 01 00 00 00        movl     $1, %eax
0x000f6bcb:  66 e8 6f ff ff ff        calll    0xf6b40

----------------
IN: 
0x000f6b40:  66 89 c1                 movl     %eax, %ecx
0x000f6b43:  e4 92                    inb      $0x92, %al

----------------
IN: 
0x000f6b45:  88 c2                    movb     %al, %dl
0x000f6b47:  d0 ea                    shrb     $1, %dl
0x000f6b49:  66 83 e2 01              andl     $1, %edx
0x000f6b4d:  66 83 e1 01              andl     $1, %ecx
0x000f6b51:  38 ca                    cmpb     %cl, %dl
0x000f6b53:  74 06                    je       0xf6b5b

----------------
IN: 
0x000f6b5b:  88 d0                    movb     %dl, %al
0x000f6b5d:  66 c3                    retl     

----------------
IN: 
0x000f6bd1:  8e c6                    movw     %si, %es
0x000f6bd3:  26 a2 be f9              movb     %al, %es:0xf9be
0x000f6bd7:  8c d0                    movw     %ss, %ax
0x000f6bd9:  66 b9 80 da 00 00        movl     $0xda80, %ecx
0x000f6bdf:  8e c1                    movw     %cx, %es
0x000f6be1:  26 a3 c0 f9              movw     %ax, %es:0xf9c0
0x000f6be5:  e4 70                    inb      $0x70, %al

----------------
IN: 
0x000f6be7:  88 c2                    movb     %al, %dl
0x000f6be9:  84 c0                    testb    %al, %al
0x000f6beb:  78 08                    js       0xf6bf5

----------------
IN: 
0x000f6bf5:  8e c1                    movw     %cx, %es
0x000f6bf7:  26 88 16 bd f9           movb     %dl, %es:0xf9bd
0x000f6bfc:  26 88 1e bc f9           movb     %bl, %es:0xf9bc
0x000f6c01:  66 31 c0                 xorl     %eax, %eax
0x000f6c04:  66 83 c4 08              addl     $8, %esp
0x000f6c08:  66 5b                    popl     %ebx
0x000f6c0a:  66 5e                    popl     %esi
0x000f6c0c:  66 c3                    retl     

----------------
IN: 
0x000f7ce0:  66 89 f0                 movl     %esi, %eax
0x000f7ce3:  66 5b                    popl     %ebx
0x000f7ce5:  66 5e                    popl     %esi
0x000f7ce7:  66 5f                    popl     %edi
0x000f7ce9:  66 5d                    popl     %ebp
0x000f7ceb:  66 c3                    retl     

----------------
IN: 
0x000f6260:  66 ba b7 ca 0e 00        movl     $0xecab7, %edx
0x000f6266:  e9 d4 6c                 jmp      0xfcf3d

----------------
IN: 
0x000fcf3d:  2e 0f 01 1e f8 61        lidtw    %cs:0x61f8
0x000fcf43:  2e 0f 01 16 b8 61        lgdtw    %cs:0x61b8
0x000fcf49:  0f 20 c1                 movl     %cr0, %ecx
0x000fcf4c:  66 81 e1 ff ff ff 1f     andl     $0x1fffffff, %ecx
0x000fcf53:  66 83 c9 01              orl      $1, %ecx
0x000fcf57:  0f 22 c1                 movl     %ecx, %cr0

----------------
IN: 
0x000fcf5a:  66 ea 62 cf 0f 00 08 00  ljmpl    $0x8:$0xfcf62

----------------
IN: 
0x000fcf62:  b9 10 00 00 00           movl     $0x10, %ecx
0x000fcf67:  8e d9                    movl     %ecx, %ds

----------------
IN: 
0x000fcf69:  8e c1                    movl     %ecx, %es

----------------
IN: 
0x000fcf6b:  8e d1                    movl     %ecx, %ss

----------------
IN: 
0x000fcf6d:  8e e1                    movl     %ecx, %fs

----------------
IN: 
0x000fcf6f:  8e e9                    movl     %ecx, %gs
0x000fcf71:  ff e2                    jmpl     *%edx

----------------
IN: 
0x000ecab7:  01 fc                    addl     %edi, %esp
0x000ecab9:  5b                       popl     %ebx
0x000ecaba:  5e                       popl     %esi
0x000ecabb:  5f                       popl     %edi
0x000ecabc:  5d                       popl     %ebp
0x000ecabd:  c3                       retl     

----------------
IN: 
0x000eee36:  89 35 00 00 01 00        movl     %esi, 0x10000
0x000eee3c:  89 3d 04 00 01 00        movl     %edi, 0x10004
0x000eee42:  ff 35 04 4b 0f 00        pushl    0xf4b04
0x000eee48:  53                       pushl    %ebx
0x000eee49:  68 60 1b 0f 00           pushl    $0xf1b60
0x000eee4e:  e8 86 e0 ff ff           calll    0xeced9

----------------
IN: 
0x000eee53:  83 c4 0c                 addl     $0xc, %esp
0x000eee56:  83 c4 10                 addl     $0x10, %esp
0x000eee59:  5b                       popl     %ebx
0x000eee5a:  5e                       popl     %esi
0x000eee5b:  5f                       popl     %edi
0x000eee5c:  c3                       retl     

----------------
IN: 
0x06ff7ec4:  81 3d 04 4b 0f 00 ff 00  cmpl     $0xff, 0xf4b04
0x06ff7ecc:  00 00
0x06ff7ece:  0f 87 c7 03 00 00        ja       0x6ff829b

----------------
IN: 
0x06ff7ed4:  c7 05 40 fd ff 06 24 50  movl     $0x52495024, 0x6fffd40
0x06ff7edc:  49 52
0x06ff7ede:  ba 80 00 00 00           movl     $0x80, %edx
0x06ff7ee3:  b8 40 fd ff 06           movl     $0x6fffd40, %eax
0x06ff7ee8:  e8 10 37 0f f9           calll    0xeb5fd

----------------
IN: 
0x06ff7eed:  28 05 5f fd ff 06        subb     %al, 0x6fffd5f
0x06ff7ef3:  83 3d c8 55 0f 00 00     cmpl     $0, 0xf55c8
0x06ff7efa:  75 0a                    jne      0x6ff7f06

----------------
IN: 
0x06ff7efc:  b8 40 fd ff 06           movl     $0x6fffd40, %eax
0x06ff7f01:  e8 aa 9c ff ff           calll    0x6ff1bb0

----------------
IN: 
0x06ff1bb0:  56                       pushl    %esi
0x06ff1bb1:  53                       pushl    %ebx
0x06ff1bb2:  66 8b 70 06              movw     6(%eax), %si
0x06ff1bb6:  66 83 fe 1f              cmpw     $0x1f, %si
0x06ff1bba:  76 22                    jbe      0x6ff1bde

----------------
IN: 
0x06ff1bbc:  89 c3                    movl     %eax, %ebx
0x06ff1bbe:  0f b7 d6                 movzwl   %si, %edx
0x06ff1bc1:  e8 37 9a 0f f9           calll    0xeb5fd

----------------
IN: 
0x06ff1bc6:  84 c0                    testb    %al, %al
0x06ff1bc8:  75 14                    jne      0x6ff1bde

----------------
IN: 
0x06ff1bca:  0f b7 ce                 movzwl   %si, %ecx
0x06ff1bcd:  89 da                    movl     %ebx, %edx
0x06ff1bcf:  b8 50 19 0f 00           movl     $0xf1950, %eax
0x06ff1bd4:  e8 92 ff ff ff           calll    0x6ff1b6b

----------------
IN: 
0x06ff1b6b:  55                       pushl    %ebp
0x06ff1b6c:  57                       pushl    %edi
0x06ff1b6d:  56                       pushl    %esi
0x06ff1b6e:  53                       pushl    %ebx
0x06ff1b6f:  89 c7                    movl     %eax, %edi
0x06ff1b71:  89 d6                    movl     %edx, %esi
0x06ff1b73:  89 cd                    movl     %ecx, %ebp
0x06ff1b75:  89 c8                    movl     %ecx, %eax
0x06ff1b77:  e8 65 ce ff ff           calll    0x6fee9e1

----------------
IN: 
0x06fee9e1:  b9 10 00 00 00           movl     $0x10, %ecx
0x06fee9e6:  89 c2                    movl     %eax, %edx
0x06fee9e8:  b8 80 fe ff 06           movl     $0x6fffe80, %eax
0x06fee9ed:  e9 d3 fe ff ff           jmp      0x6fee8c5

----------------
IN: 
0x06ff1b7c:  89 c3                    movl     %eax, %ebx
0x06ff1b7e:  85 c0                    testl    %eax, %eax
0x06ff1b80:  75 11                    jne      0x6ff1b93

----------------
IN: 
0x06ff1b93:  50                       pushl    %eax
0x06ff1b94:  56                       pushl    %esi
0x06ff1b95:  57                       pushl    %edi
0x06ff1b96:  68 36 19 0f 00           pushl    $0xf1936
0x06ff1b9b:  e8 39 b3 0f f9           calll    0xeced9

----------------
IN: 
0x06ff1ba0:  89 df                    movl     %ebx, %edi
0x06ff1ba2:  89 e9                    movl     %ebp, %ecx
0x06ff1ba4:  f3 a4                    rep movsb (%esi), %es:(%edi)

----------------
IN: 
0x06ff1ba6:  83 c4 10                 addl     $0x10, %esp
0x06ff1ba9:  89 d8                    movl     %ebx, %eax
0x06ff1bab:  5b                       popl     %ebx
0x06ff1bac:  5e                       popl     %esi
0x06ff1bad:  5f                       popl     %edi
0x06ff1bae:  5d                       popl     %ebp
0x06ff1baf:  c3                       retl     

----------------
IN: 
0x06ff1bd9:  a3 c8 55 0f 00           movl     %eax, 0xf55c8
0x06ff1bde:  5b                       popl     %ebx
0x06ff1bdf:  5e                       popl     %esi
0x06ff1be0:  c3                       retl     

----------------
IN: 
0x06ff7f06:  b8 00 80 00 00           movl     $0x8000, %eax
0x06ff7f0b:  e8 a0 6a ff ff           calll    0x6fee9b0

----------------
IN: 
0x06ff7f10:  89 c5                    movl     %eax, %ebp
0x06ff7f12:  85 c0                    testl    %eax, %eax
0x06ff7f14:  75 14                    jne      0x6ff7f2a

----------------
IN: 
0x06ff7f2a:  b9 2c 00 00 00           movl     $0x2c, %ecx
0x06ff7f2f:  31 d2                    xorl     %edx, %edx
0x06ff7f31:  e8 9a 37 0f f9           calll    0xeb6d0

----------------
IN: 
0x06ff7f36:  c7 00 50 43 4d 50        movl     $0x504d4350, (%eax)
0x06ff7f3c:  c6 40 06 04              movb     $4, 6(%eax)
0x06ff7f40:  c7 40 08 42 4f 43 48     movl     $0x48434f42, 8(%eax)
0x06ff7f47:  c7 40 0c 53 43 50 55     movl     $0x55504353, 0xc(%eax)
0x06ff7f4e:  be 64 2d 0f 00           movl     $0xf2d64, %esi
0x06ff7f53:  b9 03 00 00 00           movl     $3, %ecx
0x06ff7f58:  8d 78 10                 leal     0x10(%eax), %edi
0x06ff7f5b:  f3 a5                    rep movsl (%esi), %es:(%edi)

----------------
IN: 
0x06ff7f5d:  c7 40 24 00 00 e0 fe     movl     $0xfee00000, 0x24(%eax)
0x06ff7f64:  8d 4c 24 4c              leal     0x4c(%esp), %ecx
0x06ff7f68:  8d 54 24 48              leal     0x48(%esp), %edx
0x06ff7f6c:  8d 44 24 5c              leal     0x5c(%esp), %eax
0x06ff7f70:  50                       pushl    %eax
0x06ff7f71:  8d 44 24 58              leal     0x58(%esp), %eax
0x06ff7f75:  50                       pushl    %eax
0x06ff7f76:  b8 01 00 00 00           movl     $1, %eax
0x06ff7f7b:  e8 12 26 0f f9           calll    0xea592

----------------
IN: 
0x06ff7f80:  58                       popl     %eax
0x06ff7f81:  5a                       popl     %edx
0x06ff7f82:  83 7c 24 48 00           cmpl     $0, 0x48(%esp)
0x06ff7f87:  75 12                    jne      0x6ff7f9b

----------------
IN: 
0x06ff7f9b:  f6 44 24 5f 10           testb    $0x10, 0x5f(%esp)
0x06ff7fa0:  75 07                    jne      0x6ff7fa9

----------------
IN: 
0x06ff7fa2:  bf 01 00 00 00           movl     $1, %edi
0x06ff7fa7:  eb 11                    jmp      0x6ff7fba

----------------
IN: 
0x06ff7fba:  a1 30 00 e0 fe           movl     0xfee00030, %eax
0x06ff7fbf:  89 04 24                 movl     %eax, (%esp)
0x06ff7fc2:  8d 45 2c                 leal     0x2c(%ebp), %eax
0x06ff7fc5:  89 44 24 08              movl     %eax, 8(%esp)
0x06ff7fc9:  31 f6                    xorl     %esi, %esi
0x06ff7fcb:  89 c3                    movl     %eax, %ebx
0x06ff7fcd:  3b 35 04 4b 0f 00        cmpl     0xf4b04, %esi
0x06ff7fd3:  73 55                    jae      0x6ff802a

----------------
IN: 
0x06ff7fba:  a1 30 00 e0 fe           movl     0xfee00030, %eax

----------------
IN: 
0x06ff7fbf:  89 04 24                 movl     %eax, (%esp)
0x06ff7fc2:  8d 45 2c                 leal     0x2c(%ebp), %eax
0x06ff7fc5:  89 44 24 08              movl     %eax, 8(%esp)
0x06ff7fc9:  31 f6                    xorl     %esi, %esi
0x06ff7fcb:  89 c3                    movl     %eax, %ebx
0x06ff7fcd:  3b 35 04 4b 0f 00        cmpl     0xf4b04, %esi
0x06ff7fd3:  73 55                    jae      0x6ff802a

----------------
IN: 
0x06ff7fd5:  b9 14 00 00 00           movl     $0x14, %ecx
0x06ff7fda:  31 d2                    xorl     %edx, %edx
0x06ff7fdc:  89 d8                    movl     %ebx, %eax
0x06ff7fde:  e8 ed 36 0f f9           calll    0xeb6d0

----------------
IN: 
0x06ff7fe3:  c6 03 00                 movb     $0, (%ebx)
0x06ff7fe6:  89 f0                    movl     %esi, %eax
0x06ff7fe8:  88 43 01                 movb     %al, 1(%ebx)
0x06ff7feb:  8a 04 24                 movb     (%esp), %al
0x06ff7fee:  88 43 02                 movb     %al, 2(%ebx)
0x06ff7ff1:  89 f0                    movl     %esi, %eax
0x06ff7ff3:  c0 e8 05                 shrb     $5, %al
0x06ff7ff6:  0f b6 c0                 movzbl   %al, %eax
0x06ff7ff9:  8b 04 85 e0 4a 0f 00     movl     0xf4ae0(, %eax, 4), %eax

----------------
IN: 
0x06ff8000:  89 f1                    movl     %esi, %ecx
0x06ff8002:  d3 e8                    shrl     %cl, %eax
0x06ff8004:  83 e0 01                 andl     $1, %eax
0x06ff8007:  89 c2                    movl     %eax, %edx
0x06ff8009:  85 f6                    testl    %esi, %esi
0x06ff800b:  0f 94 c0                 sete     %al
0x06ff800e:  d1 e0                    shll     $1, %eax
0x06ff8010:  09 d0                    orl      %edx, %eax
0x06ff8012:  88 43 03                 movb     %al, 3(%ebx)
0x06ff8015:  8b 44 24 48              movl     0x48(%esp), %eax
0x06ff8019:  89 43 04                 movl     %eax, 4(%ebx)
0x06ff801c:  8b 44 24 5c              movl     0x5c(%esp), %eax
0x06ff8020:  89 43 08                 movl     %eax, 8(%ebx)
0x06ff8023:  83 c3 14                 addl     $0x14, %ebx
0x06ff8026:  01 fe                    addl     %edi, %esi
0x06ff8028:  eb a3                    jmp      0x6ff7fcd

----------------
IN: 
0x06ff7fcd:  3b 35 04 4b 0f 00        cmpl     0xf4b04, %esi
0x06ff7fd3:  73 55                    jae      0x6ff802a

----------------
IN: 
0x06ff802a:  89 df                    movl     %ebx, %edi
0x06ff802c:  2b 7c 24 08              subl     8(%esp), %edi
0x06ff8030:  c1 ff 02                 sarl     $2, %edi
0x06ff8033:  69 ff cd cc cc cc        imull    $0xcccccccd, %edi, %edi
0x06ff8039:  89 de                    movl     %ebx, %esi
0x06ff803b:  83 3d f8 fd ff 06 00     cmpl     $0, 0x6fffdf8
0x06ff8042:  74 24                    je       0x6ff8068

----------------
IN: 
0x06ff8044:  8d 73 08                 leal     8(%ebx), %esi
0x06ff8047:  b9 08 00 00 00           movl     $8, %ecx
0x06ff804c:  31 d2                    xorl     %edx, %edx
0x06ff804e:  89 d8                    movl     %ebx, %eax
0x06ff8050:  e8 7b 36 0f f9           calll    0xeb6d0

----------------
IN: 
0x06ff8055:  66 c7 03 01 00           movw     $1, (%ebx)
0x06ff805a:  c7 43 02 50 43 49 20     movl     $0x20494350, 2(%ebx)
0x06ff8061:  66 c7 43 06 20 20        movw     $0x2020, 6(%ebx)
0x06ff8067:  47                       incl     %edi
0x06ff8068:  b9 08 00 00 00           movl     $8, %ecx
0x06ff806d:  31 d2                    xorl     %edx, %edx
0x06ff806f:  89 f0                    movl     %esi, %eax
0x06ff8071:  e8 5a 36 0f f9           calll    0xeb6d0

----------------
IN: 
0x06ff8076:  c6 06 01                 movb     $1, (%esi)
0x06ff8079:  29 d8                    subl     %ebx, %eax
0x06ff807b:  c1 f8 03                 sarl     $3, %eax
0x06ff807e:  89 44 24 0c              movl     %eax, 0xc(%esp)
0x06ff8082:  8a 44 24 0c              movb     0xc(%esp), %al
0x06ff8086:  88 46 01                 movb     %al, 1(%esi)
0x06ff8089:  c7 46 02 49 53 41 20     movl     $0x20415349, 2(%esi)
0x06ff8090:  66 c7 46 06 20 20        movw     $0x2020, 6(%esi)
0x06ff8096:  8d 46 08                 leal     8(%esi), %eax
0x06ff8099:  b9 08 00 00 00           movl     $8, %ecx
0x06ff809e:  e8 2d 36 0f f9           calll    0xeb6d0

----------------
IN: 
0x06ff80a3:  c7 46 08 02 00 11 01     movl     $0x1110002, 8(%esi)
0x06ff80aa:  c7 46 0c 00 00 c0 fe     movl     $0xfec00000, 0xc(%esi)
0x06ff80b1:  8d 47 02                 leal     2(%edi), %eax
0x06ff80b4:  89 44 24 30              movl     %eax, 0x30(%esp)
0x06ff80b8:  8d 5e 10                 leal     0x10(%esi), %ebx
0x06ff80bb:  a1 f8 fd ff 06           movl     0x6fffdf8, %eax
0x06ff80c0:  83 e8 04                 subl     $4, %eax
0x06ff80c3:  89 04 24                 movl     %eax, (%esp)
0x06ff80c6:  66 c7 44 24 20 00 00     movw     $0, 0x20(%esp)
0x06ff80cd:  c7 44 24 28 ff ff ff ff  movl     $0xffffffff, 0x28(%esp)
0x06ff80d5:  83 3c 24 fc              cmpl     $-4, (%esp)
0x06ff80d9:  0f 84 cb 00 00 00        je       0x6ff81aa

----------------
IN: 
0x06ff80df:  8b 04 24                 movl     (%esp), %eax
0x06ff80e2:  8b 00                    movl     (%eax), %eax
0x06ff80e4:  66 89 44 24 08           movw     %ax, 8(%esp)
0x06ff80e9:  66 c1 e8 08              shrw     $8, %ax
0x06ff80ed:  0f 85 b7 00 00 00        jne      0x6ff81aa

----------------
IN: 
0x06ff80f3:  0f b7 7c 24 08           movzwl   8(%esp), %edi
0x06ff80f8:  ba 3d 00 00 00           movl     $0x3d, %edx
0x06ff80fd:  89 f8                    movl     %edi, %eax
0x06ff80ff:  e8 1f 24 0f f9           calll    0xea523

----------------
IN: 
0x06ff8104:  88 44 24 18              movb     %al, 0x18(%esp)
0x06ff8108:  0f b6 c8                 movzbl   %al, %ecx
0x06ff810b:  89 4c 24 38              movl     %ecx, 0x38(%esp)
0x06ff810f:  ba 3c 00 00 00           movl     $0x3c, %edx
0x06ff8114:  89 f8                    movl     %edi, %eax
0x06ff8116:  e8 08 24 0f f9           calll    0xea523

----------------
IN: 
0x06ff811b:  89 c7                    movl     %eax, %edi
0x06ff811d:  83 7c 24 38 00           cmpl     $0, 0x38(%esp)
0x06ff8122:  74 75                    je       0x6ff8199

----------------
IN: 
0x06ff8199:  8b 04 24                 movl     (%esp), %eax
0x06ff819c:  8b 40 04                 movl     4(%eax), %eax
0x06ff819f:  83 e8 04                 subl     $4, %eax
0x06ff81a2:  89 04 24                 movl     %eax, (%esp)
0x06ff81a5:  e9 2b ff ff ff           jmp      0x6ff80d5

----------------
IN: 
0x06ff80d5:  83 3c 24 fc              cmpl     $-4, (%esp)
0x06ff80d9:  0f 84 cb 00 00 00        je       0x6ff81aa

----------------
IN: 
0x06ff8124:  8b 44 24 08              movl     8(%esp), %eax
0x06ff8128:  25 f8 ff 00 00           andl     $0xfff8, %eax
0x06ff812d:  3b 44 24 28              cmpl     0x28(%esp), %eax
0x06ff8131:  75 10                    jne      0x6ff8143

----------------
IN: 
0x06ff8143:  89 44 24 28              movl     %eax, 0x28(%esp)
0x06ff8147:  66 c7 44 24 20 00 00     movw     $0, 0x20(%esp)
0x06ff814e:  b8 01 00 00 00           movl     $1, %eax
0x06ff8153:  8a 4c 24 18              movb     0x18(%esp), %cl
0x06ff8157:  d3 e0                    shll     %cl, %eax
0x06ff8159:  66 09 44 24 20           orw      %ax, 0x20(%esp)
0x06ff815e:  b9 08 00 00 00           movl     $8, %ecx
0x06ff8163:  31 d2                    xorl     %edx, %edx
0x06ff8165:  89 d8                    movl     %ebx, %eax
0x06ff8167:  e8 64 35 0f f9           calll    0xeb6d0

----------------
IN: 
0x06ff816c:  c7 03 03 00 01 00        movl     $0x10003, (%ebx)
0x06ff8172:  c6 43 04 00              movb     $0, 4(%ebx)
0x06ff8176:  8b 44 24 08              movl     8(%esp), %eax
0x06ff817a:  66 c1 e8 03              shrw     $3, %ax
0x06ff817e:  c1 e0 02                 shll     $2, %eax
0x06ff8181:  8a 4c 24 18              movb     0x18(%esp), %cl
0x06ff8185:  8d 51 ff                 leal     -1(%ecx), %edx
0x06ff8188:  09 d0                    orl      %edx, %eax
0x06ff818a:  88 43 05                 movb     %al, 5(%ebx)
0x06ff818d:  c6 43 06 00              movb     $0, 6(%ebx)
0x06ff8191:  89 f8                    movl     %edi, %eax
0x06ff8193:  88 43 07                 movb     %al, 7(%ebx)
0x06ff8196:  83 c3 08                 addl     $8, %ebx
0x06ff8199:  8b 04 24                 movl     (%esp), %eax
0x06ff819c:  8b 40 04                 movl     4(%eax), %eax
0x06ff819f:  83 e8 04                 subl     $4, %eax
0x06ff81a2:  89 04 24                 movl     %eax, (%esp)
0x06ff81a5:  e9 2b ff ff ff           jmp      0x6ff80d5

----------------
IN: 
0x06ff81aa:  31 d2                    xorl     %edx, %edx
0x06ff81ac:  31 c9                    xorl     %ecx, %ecx
0x06ff81ae:  b8 5e 1f 0f 00           movl     $0xf1f5e, %eax
0x06ff81b3:  e8 67 5f ff ff           calll    0x6fee11f

----------------
IN: 
0x06ff81b8:  89 04 24                 movl     %eax, (%esp)
0x06ff81bb:  31 ff                    xorl     %edi, %edi
0x06ff81bd:  b9 08 00 00 00           movl     $8, %ecx
0x06ff81c2:  31 d2                    xorl     %edx, %edx
0x06ff81c4:  89 d8                    movl     %ebx, %eax
0x06ff81c6:  e8 05 35 0f f9           calll    0xeb6d0

----------------
IN: 
0x06ff81cb:  b8 20 0e 00 00           movl     $0xe20, %eax
0x06ff81d0:  89 f9                    movl     %edi, %ecx
0x06ff81d2:  0f a3 c8                 btl      %ecx, %eax
0x06ff81d5:  72 32                    jb       0x6ff8209

----------------
IN: 
0x06ff81d7:  c7 03 03 00 00 00        movl     $3, (%ebx)
0x06ff81dd:  8a 44 24 0c              movb     0xc(%esp), %al
0x06ff81e1:  88 43 04                 movb     %al, 4(%ebx)
0x06ff81e4:  88 4b 05                 movb     %cl, 5(%ebx)
0x06ff81e7:  c6 43 06 00              movb     $0, 6(%ebx)
0x06ff81eb:  88 4b 07                 movb     %cl, 7(%ebx)
0x06ff81ee:  83 3c 24 00              cmpl     $0, (%esp)
0x06ff81f2:  74 12                    je       0x6ff8206

----------------
IN: 
0x06ff81f4:  85 ff                    testl    %edi, %edi
0x06ff81f6:  75 06                    jne      0x6ff81fe

----------------
IN: 
0x06ff81f8:  c6 43 07 02              movb     $2, 7(%ebx)
0x06ff81fc:  eb 08                    jmp      0x6ff8206

----------------
IN: 
0x06ff8206:  83 c3 08                 addl     $8, %ebx
0x06ff8209:  47                       incl     %edi
0x06ff820a:  83 ff 10                 cmpl     $0x10, %edi
0x06ff820d:  75 ae                    jne      0x6ff81bd

----------------
IN: 
0x06ff81bd:  b9 08 00 00 00           movl     $8, %ecx
0x06ff81c2:  31 d2                    xorl     %edx, %edx
0x06ff81c4:  89 d8                    movl     %ebx, %eax
0x06ff81c6:  e8 05 35 0f f9           calll    0xeb6d0

----------------
IN: 
0x06ff81fe:  83 ff 02                 cmpl     $2, %edi
0x06ff8201:  75 03                    jne      0x6ff8206

----------------
IN: 
0x06ff8203:  83 eb 08                 subl     $8, %ebx
0x06ff8206:  83 c3 08                 addl     $8, %ebx
0x06ff8209:  47                       incl     %edi
0x06ff820a:  83 ff 10                 cmpl     $0x10, %edi
0x06ff820d:  75 ae                    jne      0x6ff81bd

----------------
IN: 
0x06ff8209:  47                       incl     %edi
0x06ff820a:  83 ff 10                 cmpl     $0x10, %edi
0x06ff820d:  75 ae                    jne      0x6ff81bd

----------------
IN: 
0x06ff820f:  c7 03 04 03 00 00        movl     $0x304, (%ebx)
0x06ff8215:  8a 44 24 0c              movb     0xc(%esp), %al
0x06ff8219:  88 43 04                 movb     %al, 4(%ebx)
0x06ff821c:  c7 43 05 00 00 00 04     movl     $0x4000000, 5(%ebx)
0x06ff8223:  66 c7 43 09 01 00        movw     $1, 9(%ebx)
0x06ff8229:  c6 43 0b 00              movb     $0, 0xb(%ebx)
0x06ff822d:  88 43 0c                 movb     %al, 0xc(%ebx)
0x06ff8230:  66 c7 43 0d 00 ff        movw     $0xff00, 0xd(%ebx)
0x06ff8236:  c6 43 0f 01              movb     $1, 0xf(%ebx)
0x06ff823a:  8d 53 10                 leal     0x10(%ebx), %edx
0x06ff823d:  29 ea                    subl     %ebp, %edx
0x06ff823f:  29 f3                    subl     %esi, %ebx
0x06ff8241:  c1 fb 03                 sarl     $3, %ebx
0x06ff8244:  03 5c 24 30              addl     0x30(%esp), %ebx
0x06ff8248:  66 89 5d 22              movw     %bx, 0x22(%ebp)
0x06ff824c:  66 89 55 04              movw     %dx, 4(%ebp)
0x06ff8250:  89 e8                    movl     %ebp, %eax
0x06ff8252:  e8 a6 33 0f f9           calll    0xeb5fd

----------------
IN: 
0x06ff8257:  28 45 07                 subb     %al, 7(%ebp)
0x06ff825a:  b9 10 00 00 00           movl     $0x10, %ecx
0x06ff825f:  31 d2                    xorl     %edx, %edx
0x06ff8261:  8d 44 24 68              leal     0x68(%esp), %eax
0x06ff8265:  e8 66 34 0f f9           calll    0xeb6d0

----------------
IN: 
0x06ff826a:  c7 44 24 68 5f 4d 50 5f  movl     $0x5f504d5f, 0x68(%esp)
0x06ff8272:  89 6c 24 6c              movl     %ebp, 0x6c(%esp)
0x06ff8276:  66 c7 44 24 70 01 04     movw     $0x401, 0x70(%esp)
0x06ff827d:  ba 10 00 00 00           movl     $0x10, %edx
0x06ff8282:  e8 76 33 0f f9           calll    0xeb5fd

----------------
IN: 
0x06ff8287:  28 44 24 72              subb     %al, 0x72(%esp)
0x06ff828b:  8d 44 24 68              leal     0x68(%esp), %eax
0x06ff828f:  e8 fa 99 ff ff           calll    0x6ff1c8e

----------------
IN: 
0x06ff1c8e:  55                       pushl    %ebp
0x06ff1c8f:  57                       pushl    %edi
0x06ff1c90:  56                       pushl    %esi
0x06ff1c91:  53                       pushl    %ebx
0x06ff1c92:  83 ec 08                 subl     $8, %esp
0x06ff1c95:  8b 70 04                 movl     4(%eax), %esi
0x06ff1c98:  85 f6                    testl    %esi, %esi
0x06ff1c9a:  0f 84 9b 00 00 00        je       0x6ff1d3b

----------------
IN: 
0x06ff1ca0:  89 c3                    movl     %eax, %ebx
0x06ff1ca2:  ba 10 00 00 00           movl     $0x10, %edx
0x06ff1ca7:  e8 51 99 0f f9           calll    0xeb5fd

----------------
IN: 
0x06ff1cac:  84 c0                    testb    %al, %al
0x06ff1cae:  0f 85 87 00 00 00        jne      0x6ff1d3b

----------------
IN: 
0x06ff1cb4:  0f b6 43 08              movzbl   8(%ebx), %eax
0x06ff1cb8:  c1 e0 04                 shll     $4, %eax
0x06ff1cbb:  89 04 24                 movl     %eax, (%esp)
0x06ff1cbe:  0f b7 46 04              movzwl   4(%esi), %eax
0x06ff1cc2:  89 44 24 04              movl     %eax, 4(%esp)
0x06ff1cc6:  8b 04 24                 movl     (%esp), %eax
0x06ff1cc9:  03 44 24 04              addl     4(%esp), %eax
0x06ff1ccd:  3d 58 02 00 00           cmpl     $0x258, %eax
0x06ff1cd2:  76 0f                    jbe      0x6ff1ce3

----------------
IN: 
0x06ff1ce3:  e8 f9 cc ff ff           calll    0x6fee9e1

----------------
IN: 
0x06ff1ce8:  89 c5                    movl     %eax, %ebp
0x06ff1cea:  85 c0                    testl    %eax, %eax
0x06ff1cec:  75 16                    jne      0x6ff1d04

----------------
IN: 
0x06ff1d04:  50                       pushl    %eax
0x06ff1d05:  ff 73 04                 pushl    4(%ebx)
0x06ff1d08:  53                       pushl    %ebx
0x06ff1d09:  68 a6 19 0f 00           pushl    $0xf19a6
0x06ff1d0e:  e8 c6 b1 0f f9           calll    0xeced9

----------------
IN: 
0x06ff1d13:  89 ef                    movl     %ebp, %edi
0x06ff1d15:  89 de                    movl     %ebx, %esi
0x06ff1d17:  8b 4c 24 10              movl     0x10(%esp), %ecx
0x06ff1d1b:  f3 a4                    rep movsb (%esi), %es:(%edi)

----------------
IN: 
0x06ff1d1d:  89 7d 04                 movl     %edi, 4(%ebp)
0x06ff1d20:  ba 10 00 00 00           movl     $0x10, %edx
0x06ff1d25:  89 e8                    movl     %ebp, %eax
0x06ff1d27:  e8 d1 98 0f f9           calll    0xeb5fd

----------------
IN: 
0x06ff1d2c:  28 45 0a                 subb     %al, 0xa(%ebp)
0x06ff1d2f:  8b 73 04                 movl     4(%ebx), %esi
0x06ff1d32:  8b 4c 24 14              movl     0x14(%esp), %ecx
0x06ff1d36:  f3 a4                    rep movsb (%esi), %es:(%edi)

----------------
IN: 
0x06ff1d38:  83 c4 10                 addl     $0x10, %esp
0x06ff1d3b:  83 c4 08                 addl     $8, %esp
0x06ff1d3e:  5b                       popl     %ebx
0x06ff1d3f:  5e                       popl     %esi
0x06ff1d40:  5f                       popl     %edi
0x06ff1d41:  5d                       popl     %ebp
0x06ff1d42:  c3                       retl     

----------------
IN: 
0x06ff8294:  89 e8                    movl     %ebp, %eax
0x06ff8296:  e8 b6 61 ff ff           calll    0x6fee451

----------------
IN: 
0x06ff829b:  b8 71 2d 0f 00           movl     $0xf2d71, %eax
0x06ff82a0:  e8 49 5e ff ff           calll    0x6fee0ee

----------------
IN: 
0x06ff82a5:  89 c3                    movl     %eax, %ebx
0x06ff82a7:  b8 8a 2d 0f 00           movl     $0xf2d8a, %eax
0x06ff82ac:  e8 3d 5e ff ff           calll    0x6fee0ee

----------------
IN: 
0x06ff82b1:  89 c6                    movl     %eax, %esi
0x06ff82b3:  85 db                    testl    %ebx, %ebx
0x06ff82b5:  0f 84 4b 01 00 00        je       0x6ff8406

----------------
IN: 
0x06ff82bb:  85 c0                    testl    %eax, %eax
0x06ff82bd:  0f 84 43 01 00 00        je       0x6ff8406

----------------
IN: 
0x06ff82c3:  8b 8b 84 00 00 00        movl     0x84(%ebx), %ecx
0x06ff82c9:  83 f9 1f                 cmpl     $0x1f, %ecx
0x06ff82cc:  0f 87 34 01 00 00        ja       0x6ff8406

----------------
IN: 
0x06ff82d2:  8d 54 24 68              leal     0x68(%esp), %edx
0x06ff82d6:  89 d8                    movl     %ebx, %eax
0x06ff82d8:  ff 93 88 00 00 00        calll    *0x88(%ebx)

----------------
IN: 
0x06ff82de:  8b 83 84 00 00 00        movl     0x84(%ebx), %eax
0x06ff82e4:  83 f8 1f                 cmpl     $0x1f, %eax
0x06ff82e7:  0f 85 b9 00 00 00        jne      0x6ff83a6

----------------
IN: 
0x06ff82ed:  81 7c 24 68 5f 53 4d 5f  cmpl     $0x5f4d535f, 0x68(%esp)
0x06ff82f5:  0f 85 00 01 00 00        jne      0x6ff83fb

----------------
IN: 
0x06ff82fb:  8b 84 24 80 00 00 00     movl     0x80(%esp), %eax
0x06ff8302:  89 44 24 5c              movl     %eax, 0x5c(%esp)
0x06ff8306:  31 db                    xorl     %ebx, %ebx
0x06ff8308:  89 5c 24 60              movl     %ebx, 0x60(%esp)
0x06ff830c:  0f b7 44 24 7e           movzwl   0x7e(%esp), %eax
0x06ff8311:  89 44 24 54              movl     %eax, 0x54(%esp)
0x06ff8315:  8d 4c 24 54              leal     0x54(%esp), %ecx
0x06ff8319:  8d 84 24 84 00 00 00     leal     0x84(%esp), %eax
0x06ff8320:  50                       pushl    %eax
0x06ff8321:  8d 44 24 74              leal     0x74(%esp), %eax
0x06ff8325:  50                       pushl    %eax
0x06ff8326:  8d 54 24 64              leal     0x64(%esp), %edx
0x06ff832a:  89 f0                    movl     %esi, %eax
0x06ff832c:  e8 12 9a ff ff           calll    0x6ff1d43

----------------
IN: 
0x06ff1d43:  55                       pushl    %ebp
0x06ff1d44:  57                       pushl    %edi
0x06ff1d45:  56                       pushl    %esi
0x06ff1d46:  53                       pushl    %ebx
0x06ff1d47:  83 ec 0c                 subl     $0xc, %esp
0x06ff1d4a:  89 d5                    movl     %edx, %ebp
0x06ff1d4c:  8b 7c 24 20              movl     0x20(%esp), %edi
0x06ff1d50:  8b 74 24 24              movl     0x24(%esp), %esi
0x06ff1d54:  8b 90 84 00 00 00        movl     0x84(%eax), %edx
0x06ff1d5a:  3b 11                    cmpl     (%ecx), %edx
0x06ff1d5c:  75 25                    jne      0x6ff1d83

----------------
IN: 
0x06ff1d5e:  89 cb                    movl     %ecx, %ebx
0x06ff1d60:  89 6c 24 04              movl     %ebp, 4(%esp)
0x06ff1d64:  89 c5                    movl     %eax, %ebp
0x06ff1d66:  89 d0                    movl     %edx, %eax
0x06ff1d68:  e8 32 cc ff ff           calll    0x6fee99f

----------------
IN: 
0x06ff1d6d:  89 04 24                 movl     %eax, (%esp)
0x06ff1d70:  85 c0                    testl    %eax, %eax
0x06ff1d72:  75 16                    jne      0x6ff1d8a

----------------
IN: 
0x06ff1d8a:  8b 8d 84 00 00 00        movl     0x84(%ebp), %ecx
0x06ff1d90:  8b 14 24                 movl     (%esp), %edx
0x06ff1d93:  89 e8                    movl     %ebp, %eax
0x06ff1d95:  ff 95 88 00 00 00        calll    *0x88(%ebp)

----------------
IN: 
0x06ff1d9b:  8b 85 84 00 00 00        movl     0x84(%ebp), %eax
0x06ff1da1:  89 44 24 08              movl     %eax, 8(%esp)
0x06ff1da5:  31 c9                    xorl     %ecx, %ecx
0x06ff1da7:  89 c2                    movl     %eax, %edx
0x06ff1da9:  8b 04 24                 movl     (%esp), %eax
0x06ff1dac:  e8 de a8 ff ff           calll    0x6fec68f

----------------
IN: 
0x06fec68f:  85 c0                    testl    %eax, %eax
0x06fec691:  74 5c                    je       0x6fec6ef

----------------
IN: 
0x06fec693:  01 c2                    addl     %eax, %edx
0x06fec695:  85 c9                    testl    %ecx, %ecx
0x06fec697:  74 27                    je       0x6fec6c0

----------------
IN: 
0x06fec6c0:  39 d0                    cmpl     %edx, %eax
0x06fec6c2:  72 17                    jb       0x6fec6db

----------------
IN: 
0x06fec6db:  8d 48 04                 leal     4(%eax), %ecx
0x06fec6de:  39 d1                    cmpl     %edx, %ecx
0x06fec6e0:  73 0a                    jae      0x6fec6ec

----------------
IN: 
0x06fec6e2:  0f b6 48 01              movzbl   1(%eax), %ecx
0x06fec6e6:  01 c1                    addl     %eax, %ecx
0x06fec6e8:  39 d1                    cmpl     %edx, %ecx
0x06fec6ea:  72 03                    jb       0x6fec6ef

----------------
IN: 
0x06fec6ef:  c3                       retl     

----------------
IN: 
0x06ff1db1:  85 c0                    testl    %eax, %eax
0x06ff1db3:  74 0d                    je       0x6ff1dc2

----------------
IN: 
0x06ff1db5:  80 38 00                 cmpb     $0, (%eax)
0x06ff1db8:  74 4d                    je       0x6ff1e07

----------------
IN: 
0x06ff1dba:  89 c1                    movl     %eax, %ecx
0x06ff1dbc:  8b 54 24 08              movl     8(%esp), %edx
0x06ff1dc0:  eb e7                    jmp      0x6ff1da9

----------------
IN: 
0x06ff1da9:  8b 04 24                 movl     (%esp), %eax
0x06ff1dac:  e8 de a8 ff ff           calll    0x6fec68f

----------------
IN: 
0x06fec699:  53                       pushl    %ebx
0x06fec69a:  8d 59 04                 leal     4(%ecx), %ebx
0x06fec69d:  31 c0                    xorl     %eax, %eax
0x06fec69f:  39 da                    cmpl     %ebx, %edx
0x06fec6a1:  72 36                    jb       0x6fec6d9

----------------
IN: 
0x06fec6a3:  0f b6 41 01              movzbl   1(%ecx), %eax
0x06fec6a7:  8d 44 01 02              leal     2(%ecx, %eax), %eax
0x06fec6ab:  39 d0                    cmpl     %edx, %eax
0x06fec6ad:  73 28                    jae      0x6fec6d7

----------------
IN: 
0x06fec6af:  80 78 ff 00              cmpb     $0, -1(%eax)
0x06fec6b3:  74 03                    je       0x6fec6b8

----------------
IN: 
0x06fec6b5:  40                       incl     %eax
0x06fec6b6:  eb f3                    jmp      0x6fec6ab

----------------
IN: 
0x06fec6ab:  39 d0                    cmpl     %edx, %eax
0x06fec6ad:  73 28                    jae      0x6fec6d7

----------------
IN: 
0x06fec6b8:  80 78 fe 00              cmpb     $0, -2(%eax)
0x06fec6bc:  75 f7                    jne      0x6fec6b5

----------------
IN: 
0x06fec6be:  eb 06                    jmp      0x6fec6c6

----------------
IN: 
0x06fec6c6:  8d 48 04                 leal     4(%eax), %ecx
0x06fec6c9:  39 d1                    cmpl     %edx, %ecx
0x06fec6cb:  73 0a                    jae      0x6fec6d7

----------------
IN: 
0x06fec6cd:  0f b6 48 01              movzbl   1(%eax), %ecx
0x06fec6d1:  01 c1                    addl     %eax, %ecx
0x06fec6d3:  39 d1                    cmpl     %edx, %ecx
0x06fec6d5:  72 02                    jb       0x6fec6d9

----------------
IN: 
0x06fec6d9:  5b                       popl     %ebx
0x06fec6da:  c3                       retl     

----------------
IN: 
0x06fec6d7:  31 c0                    xorl     %eax, %eax
0x06fec6d9:  5b                       popl     %ebx
0x06fec6da:  c3                       retl     

----------------
IN: 
0x06ff1dc2:  b8 0d 1a 0f 00           movl     $0xf1a0d, %eax
0x06ff1dc7:  e8 d4 85 0f f9           calll    0xea3a0

----------------
IN: 
0x06ff1dcc:  89 c1                    movl     %eax, %ecx
0x06ff1dce:  b8 88 4a 0f 00           movl     $0xf4a88, %eax
0x06ff1dd3:  e8 c8 85 0f f9           calll    0xea3a0

----------------
IN: 
0x06ff1dd8:  01 c1                    addl     %eax, %ecx
0x06ff1dda:  b8 15 1a 0f 00           movl     $0xf1a15, %eax
0x06ff1ddf:  e8 bc 85 0f f9           calll    0xea3a0

----------------
IN: 
0x06ff1de4:  8d 44 01 1c              leal     0x1c(%ecx, %eax), %eax
0x06ff1de8:  0f b7 d0                 movzwl   %ax, %edx
0x06ff1deb:  8b 2b                    movl     (%ebx), %ebp
0x06ff1ded:  b9 ff ff 00 00           movl     $0xffff, %ecx
0x06ff1df2:  29 e9                    subl     %ebp, %ecx
0x06ff1df4:  39 d1                    cmpl     %edx, %ecx
0x06ff1df6:  73 13                    jae      0x6ff1e0b

----------------
IN: 
0x06ff1e0b:  01 ea                    addl     %ebp, %edx
0x06ff1e0d:  89 13                    movl     %edx, (%ebx)
0x06ff1e0f:  85 ff                    testl    %edi, %edi
0x06ff1e11:  0f 85 43 01 00 00        jne      0x6ff1f5a

----------------
IN: 
0x06ff1f5a:  66 39 07                 cmpw     %ax, (%edi)
0x06ff1f5d:  0f 83 b4 fe ff ff        jae      0x6ff1e17

----------------
IN: 
0x06ff1e17:  85 f6                    testl    %esi, %esi
0x06ff1e19:  74 03                    je       0x6ff1e1e

----------------
IN: 
0x06ff1e1b:  66 ff 06                 incw     (%esi)
0x06ff1e1e:  be 01 00 00 00           movl     $1, %esi
0x06ff1e23:  8b 03                    movl     (%ebx), %eax
0x06ff1e25:  3d 58 02 00 00           cmpl     $0x258, %eax
0x06ff1e2a:  76 07                    jbe      0x6ff1e33

----------------
IN: 
0x06ff1e33:  e8 a9 cb ff ff           calll    0x6fee9e1

----------------
IN: 
0x06ff1e38:  89 c3                    movl     %eax, %ebx
0x06ff1e3a:  85 c0                    testl    %eax, %eax
0x06ff1e3c:  75 1c                    jne      0x6ff1e5a

----------------
IN: 
0x06ff1e5a:  8b 44 24 04              movl     4(%esp), %eax
0x06ff1e5e:  89 18                    movl     %ebx, (%eax)
0x06ff1e60:  31 c9                    xorl     %ecx, %ecx
0x06ff1e62:  89 48 04                 movl     %ecx, 4(%eax)
0x06ff1e65:  85 f6                    testl    %esi, %esi
0x06ff1e67:  0f 84 d3 00 00 00        je       0x6ff1f40

----------------
IN: 
0x06ff1e6d:  8d 6b 18                 leal     0x18(%ebx), %ebp
0x06ff1e70:  c7 03 00 18 00 00        movl     $0x1800, (%ebx)
0x06ff1e76:  b8 0d 1a 0f 00           movl     $0xf1a0d, %eax
0x06ff1e7b:  e8 20 85 0f f9           calll    0xea3a0

----------------
IN: 
0x06ff1e80:  8d 48 01                 leal     1(%eax), %ecx
0x06ff1e83:  83 f9 01                 cmpl     $1, %ecx
0x06ff1e86:  7e 17                    jle      0x6ff1e9f

----------------
IN: 
0x06ff1e88:  be 0d 1a 0f 00           movl     $0xf1a0d, %esi
0x06ff1e8d:  89 ef                    movl     %ebp, %edi
0x06ff1e8f:  f3 a4                    rep movsb (%esi), %es:(%edi)

----------------
IN: 
0x06ff1e91:  89 fd                    movl     %edi, %ebp
0x06ff1e93:  b0 01                    movb     $1, %al
0x06ff1e95:  c7 44 24 04 01 00 00 00  movl     $1, 4(%esp)
0x06ff1e9d:  eb 08                    jmp      0x6ff1ea7

----------------
IN: 
0x06ff1ea7:  88 43 04                 movb     %al, 4(%ebx)
0x06ff1eaa:  be 88 4a 0f 00           movl     $0xf4a88, %esi
0x06ff1eaf:  31 ff                    xorl     %edi, %edi
0x06ff1eb1:  85 f6                    testl    %esi, %esi
0x06ff1eb3:  74 1d                    je       0x6ff1ed2

----------------
IN: 
0x06ff1eb5:  89 f0                    movl     %esi, %eax
0x06ff1eb7:  e8 e4 84 0f f9           calll    0xea3a0

----------------
IN: 
0x06ff1ebc:  8d 48 01                 leal     1(%eax), %ecx
0x06ff1ebf:  83 f9 01                 cmpl     $1, %ecx
0x06ff1ec2:  7e 0e                    jle      0x6ff1ed2

----------------
IN: 
0x06ff1ec4:  89 ef                    movl     %ebp, %edi
0x06ff1ec6:  f3 a4                    rep movsb (%esi), %es:(%edi)

----------------
IN: 
0x06ff1ec8:  89 fd                    movl     %edi, %ebp
0x06ff1eca:  ff 44 24 04              incl     4(%esp)
0x06ff1ece:  8b 7c 24 04              movl     4(%esp), %edi
0x06ff1ed2:  89 f8                    movl     %edi, %eax
0x06ff1ed4:  88 43 05                 movb     %al, 5(%ebx)
0x06ff1ed7:  66 c7 43 06 00 e8        movw     $0xe800, 6(%ebx)
0x06ff1edd:  b8 15 1a 0f 00           movl     $0xf1a15, %eax
0x06ff1ee2:  e8 b9 84 0f f9           calll    0xea3a0

----------------
IN: 
0x06ff1ee7:  8d 48 01                 leal     1(%eax), %ecx
0x06ff1eea:  31 c0                    xorl     %eax, %eax
0x06ff1eec:  83 f9 01                 cmpl     $1, %ecx
0x06ff1eef:  7e 13                    jle      0x6ff1f04

----------------
IN: 
0x06ff1ef1:  be 15 1a 0f 00           movl     $0xf1a15, %esi
0x06ff1ef6:  89 ef                    movl     %ebp, %edi
0x06ff1ef8:  f3 a4                    rep movsb (%esi), %es:(%edi)

----------------
IN: 
0x06ff1efa:  89 fd                    movl     %edi, %ebp
0x06ff1efc:  ff 44 24 04              incl     4(%esp)
0x06ff1f00:  8a 44 24 04              movb     4(%esp), %al
0x06ff1f04:  88 43 08                 movb     %al, 8(%ebx)
0x06ff1f07:  c6 43 09 00              movb     $0, 9(%ebx)
0x06ff1f0b:  8d 43 0a                 leal     0xa(%ebx), %eax
0x06ff1f0e:  b9 08 00 00 00           movl     $8, %ecx
0x06ff1f13:  31 d2                    xorl     %edx, %edx
0x06ff1f15:  e8 b6 97 0f f9           calll    0xeb6d0

----------------
IN: 
0x06ff1f1a:  c6 43 0a 08              movb     $8, 0xa(%ebx)
0x06ff1f1e:  c7 43 12 00 04 00 00     movl     $0x400, 0x12(%ebx)
0x06ff1f25:  66 c7 43 16 ff ff        movw     $0xffff, 0x16(%ebx)
0x06ff1f2b:  c6 45 00 00              movb     $0, (%ebp)
0x06ff1f2f:  8d 5d 01                 leal     1(%ebp), %ebx
0x06ff1f32:  83 7c 24 04 00           cmpl     $0, 4(%esp)
0x06ff1f37:  75 07                    jne      0x6ff1f40

----------------
IN: 
0x06ff1f40:  89 df                    movl     %ebx, %edi
0x06ff1f42:  8b 34 24                 movl     (%esp), %esi
0x06ff1f45:  8b 4c 24 08              movl     8(%esp), %ecx
0x06ff1f49:  f3 a4                    rep movsb (%esi), %es:(%edi)

----------------
IN: 
0x06ff1f4b:  8b 04 24                 movl     (%esp), %eax
0x06ff1f4e:  e8 fe c4 ff ff           calll    0x6fee451

----------------
IN: 
0x06ff1f53:  b8 01 00 00 00           movl     $1, %eax
0x06ff1f58:  eb 11                    jmp      0x6ff1f6b

----------------
IN: 
0x06ff1f6b:  83 c4 0c                 addl     $0xc, %esp
0x06ff1f6e:  5b                       popl     %ebx
0x06ff1f6f:  5e                       popl     %esi
0x06ff1f70:  5f                       popl     %edi
0x06ff1f71:  5d                       popl     %ebp
0x06ff1f72:  c3                       retl     

----------------
IN: 
0x06ff8331:  5e                       popl     %esi
0x06ff8332:  5f                       popl     %edi
0x06ff8333:  85 c0                    testl    %eax, %eax
0x06ff8335:  0f 84 cb 00 00 00        je       0x6ff8406

----------------
IN: 
0x06ff833b:  8b 54 24 5c              movl     0x5c(%esp), %edx
0x06ff833f:  83 7c 24 60 00           cmpl     $0, 0x60(%esp)
0x06ff8344:  75 0b                    jne      0x6ff8351

----------------
IN: 
0x06ff8346:  8b 44 24 54              movl     0x54(%esp), %eax
0x06ff834a:  3d ff ff 00 00           cmpl     $0xffff, %eax
0x06ff834f:  76 14                    jbe      0x6ff8365

----------------
IN: 
0x06ff8365:  89 94 24 80 00 00 00     movl     %edx, 0x80(%esp)
0x06ff836c:  66 89 44 24 7e           movw     %ax, 0x7e(%esp)
0x06ff8371:  ba 10 00 00 00           movl     $0x10, %edx
0x06ff8376:  8d 44 24 68              leal     0x68(%esp), %eax
0x06ff837a:  e8 7e 32 0f f9           calll    0xeb5fd

----------------
IN: 
0x06ff837f:  28 44 24 6c              subb     %al, 0x6c(%esp)
0x06ff8383:  0f b6 54 24 6d           movzbl   0x6d(%esp), %edx
0x06ff8388:  83 ea 10                 subl     $0x10, %edx
0x06ff838b:  8d 44 24 78              leal     0x78(%esp), %eax
0x06ff838f:  e8 69 32 0f f9           calll    0xeb5fd

----------------
IN: 
0x06ff8394:  28 44 24 7d              subb     %al, 0x7d(%esp)
0x06ff8398:  8d 44 24 68              leal     0x68(%esp), %eax
0x06ff839c:  e8 40 98 ff ff           calll    0x6ff1be1

----------------
IN: 
0x06ff1be1:  83 3d 30 ff ff 06 00     cmpl     $0, 0x6ffff30
0x06ff1be8:  75 5b                    jne      0x6ff1c45

----------------
IN: 
0x06ff1bea:  81 38 5f 53 4d 5f        cmpl     $0x5f4d535f, (%eax)
0x06ff1bf0:  75 53                    jne      0x6ff1c45

----------------
IN: 
0x06ff1bf2:  57                       pushl    %edi
0x06ff1bf3:  56                       pushl    %esi
0x06ff1bf4:  53                       pushl    %ebx
0x06ff1bf5:  89 c3                    movl     %eax, %ebx
0x06ff1bf7:  ba 10 00 00 00           movl     $0x10, %edx
0x06ff1bfc:  e8 fc 99 0f f9           calll    0xeb5fd

----------------
IN: 
0x06ff1c01:  84 c0                    testb    %al, %al
0x06ff1c03:  75 3c                    jne      0x6ff1c41

----------------
IN: 
0x06ff1c05:  b9 05 00 00 00           movl     $5, %ecx
0x06ff1c0a:  ba 54 19 0f 00           movl     $0xf1954, %edx
0x06ff1c0f:  8d 43 10                 leal     0x10(%ebx), %eax
0x06ff1c12:  e8 96 87 0f f9           calll    0xea3ad

----------------
IN: 
0x06ff1c17:  85 c0                    testl    %eax, %eax
0x06ff1c19:  75 26                    jne      0x6ff1c41

----------------
IN: 
0x06ff1c1b:  0f b6 73 05              movzbl   5(%ebx), %esi
0x06ff1c1f:  8d 56 f0                 leal     -0x10(%esi), %edx
0x06ff1c22:  8d 43 10                 leal     0x10(%ebx), %eax
0x06ff1c25:  e8 d3 99 0f f9           calll    0xeb5fd

----------------
IN: 
0x06ff1c2a:  84 c0                    testb    %al, %al
0x06ff1c2c:  75 13                    jne      0x6ff1c41

----------------
IN: 
0x06ff1c2e:  89 f1                    movl     %esi, %ecx
0x06ff1c30:  89 da                    movl     %ebx, %edx
0x06ff1c32:  b8 5a 19 0f 00           movl     $0xf195a, %eax
0x06ff1c37:  e8 2f ff ff ff           calll    0x6ff1b6b

----------------
IN: 
0x06ff1c3c:  a3 30 ff ff 06           movl     %eax, 0x6ffff30
0x06ff1c41:  5b                       popl     %ebx
0x06ff1c42:  5e                       popl     %esi
0x06ff1c43:  5f                       popl     %edi
0x06ff1c44:  c3                       retl     

----------------
IN: 
0x06ff83a1:  e9 5c 0b 00 00           jmp      0x6ff8f02

----------------
IN: 
0x06ff8f02:  8d 54 24 5c              leal     0x5c(%esp), %edx
0x06ff8f06:  b8 e6 1f 0f 00           movl     $0xf1fe6, %eax
0x06ff8f0b:  e8 de 5b ff ff           calll    0x6feeaee

----------------
IN: 
0x06feeb09:  8d 45 01                 leal     1(%ebp), %eax
0x06feeb0c:  e8 8e fe ff ff           calll    0x6fee99f

----------------
IN: 
0x06feeb11:  89 c3                    movl     %eax, %ebx
0x06feeb13:  85 c0                    testl    %eax, %eax
0x06feeb15:  75 13                    jne      0x6feeb2a

----------------
IN: 
0x06feeb2a:  89 e9                    movl     %ebp, %ecx
0x06feeb2c:  89 c2                    movl     %eax, %edx
0x06feeb2e:  89 f0                    movl     %esi, %eax
0x06feeb30:  ff 96 88 00 00 00        calll    *0x88(%esi)

----------------
IN: 
0x06feeb36:  85 c0                    testl    %eax, %eax
0x06feeb38:  79 09                    jns      0x6feeb43

----------------
IN: 
0x06feeb43:  85 ff                    testl    %edi, %edi
0x06feeb45:  74 02                    je       0x6feeb49

----------------
IN: 
0x06feeb47:  89 2f                    movl     %ebp, (%edi)
0x06feeb49:  c6 04 2b 00              movb     $0, (%ebx, %ebp)
0x06feeb4d:  89 d8                    movl     %ebx, %eax
0x06feeb4f:  5b                       popl     %ebx
0x06feeb50:  5e                       popl     %esi
0x06feeb51:  5f                       popl     %edi
0x06feeb52:  5d                       popl     %ebp
0x06feeb53:  c3                       retl     

----------------
IN: 
0x06ff8f10:  89 44 24 08              movl     %eax, 8(%esp)
0x06ff8f14:  85 c0                    testl    %eax, %eax
0x06ff8f16:  0f 84 3e 04 00 00        je       0x6ff935a

----------------
IN: 
0x06ff8f1c:  8b 44 24 5c              movl     0x5c(%esp), %eax
0x06ff8f20:  89 44 24 0c              movl     %eax, 0xc(%esp)
0x06ff8f24:  83 e0 7f                 andl     $0x7f, %eax
0x06ff8f27:  89 44 24 14              movl     %eax, 0x14(%esp)
0x06ff8f2b:  74 14                    je       0x6ff8f41

----------------
IN: 
0x06ff8f41:  8b 44 24 0c              movl     0xc(%esp), %eax
0x06ff8f45:  c1 e8 07                 shrl     $7, %eax
0x06ff8f48:  8d 04 c5 04 00 00 00     leal     4(, %eax, 8), %eax
0x06ff8f4f:  e8 5c 5a ff ff           calll    0x6fee9b0

----------------
IN: 
0x06ff8f54:  89 04 24                 movl     %eax, (%esp)
0x06ff8f57:  85 c0                    testl    %eax, %eax
0x06ff8f59:  75 14                    jne      0x6ff8f6f

----------------
IN: 
0x06ff8f6f:  8b 04 24                 movl     (%esp), %eax
0x06ff8f72:  31 d2                    xorl     %edx, %edx
0x06ff8f74:  89 10                    movl     %edx, (%eax)
0x06ff8f76:  8b 44 24 08              movl     8(%esp), %eax
0x06ff8f7a:  8d 68 04                 leal     4(%eax), %ebp
0x06ff8f7d:  b8 fc ff ff ff           movl     $0xfffffffc, %eax
0x06ff8f82:  2b 44 24 08              subl     8(%esp), %eax
0x06ff8f86:  89 44 24 28              movl     %eax, 0x28(%esp)
0x06ff8f8a:  8b 44 24 28              movl     0x28(%esp), %eax
0x06ff8f8e:  01 e8                    addl     %ebp, %eax
0x06ff8f90:  39 44 24 0c              cmpl     %eax, 0xc(%esp)
0x06ff8f94:  0f 8e a4 03 00 00        jle      0x6ff933e

----------------
IN: 
0x06ff8f9a:  8b 45 fc                 movl     -4(%ebp), %eax
0x06ff8f9d:  83 f8 03                 cmpl     $3, %eax
0x06ff8fa0:  0f 84 83 01 00 00        je       0x6ff9129

----------------
IN: 
0x06ff8fa6:  77 13                    ja       0x6ff8fbb

----------------
IN: 
0x06ff8fa8:  83 f8 01                 cmpl     $1, %eax
0x06ff8fab:  74 1c                    je       0x6ff8fc9

----------------
IN: 
0x06ff8fc9:  8b 7d 38                 movl     0x38(%ebp), %edi
0x06ff8fcc:  8d 47 ff                 leal     -1(%edi), %eax
0x06ff8fcf:  85 f8                    testl    %edi, %eax
0x06ff8fd1:  0f 85 a9 00 00 00        jne      0x6ff9080

----------------
IN: 
0x06ff8fd7:  8a 45 3c                 movb     0x3c(%ebp), %al
0x06ff8fda:  3c 01                    cmpb     $1, %al
0x06ff8fdc:  74 0e                    je       0x6ff8fec

----------------
IN: 
0x06ff8fde:  be 80 fe ff 06           movl     $0x6fffe80, %esi
0x06ff8fe3:  3c 02                    cmpb     $2, %al
0x06ff8fe5:  74 0a                    je       0x6ff8ff1

----------------
IN: 
0x06ff8ff1:  80 7d 37 00              cmpb     $0, 0x37(%ebp)
0x06ff8ff5:  0f 85 85 00 00 00        jne      0x6ff9080

----------------
IN: 
0x06ff8ffb:  8b 04 24                 movl     (%esp), %eax
0x06ff8ffe:  8b 18                    movl     (%eax), %ebx

----------------
IN: 
0x06ff9000:  89 e8                    movl     %ebp, %eax
0x06ff9002:  e8 e7 50 ff ff           calll    0x6fee0ee

----------------
IN: 
0x06ff9007:  8b 0c 24                 movl     (%esp), %ecx
0x06ff900a:  8d 1c d9                 leal     (%ecx, %ebx, 8), %ebx
0x06ff900d:  89 43 04                 movl     %eax, 4(%ebx)
0x06ff9010:  85 c0                    testl    %eax, %eax
0x06ff9012:  0f 84 1e 03 00 00        je       0x6ff9336

----------------
IN: 
0x06ff9018:  8b 90 84 00 00 00        movl     0x84(%eax), %edx
0x06ff901e:  85 d2                    testl    %edx, %edx
0x06ff9020:  0f 84 10 03 00 00        je       0x6ff9336

----------------
IN: 
0x06ff9026:  89 f9                    movl     %edi, %ecx
0x06ff9028:  83 ff 10                 cmpl     $0x10, %edi
0x06ff902b:  73 05                    jae      0x6ff9032

----------------
IN: 
0x06ff9032:  89 f0                    movl     %esi, %eax
0x06ff9034:  e8 8c 58 ff ff           calll    0x6fee8c5

----------------
IN: 
0x06ff9039:  89 c6                    movl     %eax, %esi
0x06ff903b:  85 c0                    testl    %eax, %eax
0x06ff903d:  75 0f                    jne      0x6ff904e

----------------
IN: 
0x06ff904e:  8b 43 04                 movl     4(%ebx), %eax
0x06ff9051:  8b 88 84 00 00 00        movl     0x84(%eax), %ecx
0x06ff9057:  89 f2                    movl     %esi, %edx
0x06ff9059:  ff 90 88 00 00 00        calll    *0x88(%eax)

----------------
IN: 
0x06ff905f:  8b 53 04                 movl     4(%ebx), %edx
0x06ff9062:  39 82 84 00 00 00        cmpl     %eax, 0x84(%edx)
0x06ff9068:  74 09                    je       0x6ff9073

----------------
IN: 
0x06ff9073:  89 73 08                 movl     %esi, 8(%ebx)
0x06ff9076:  8b 04 24                 movl     (%esp), %eax
0x06ff9079:  ff 00                    incl     (%eax)
0x06ff907b:  e9 b6 02 00 00           jmp      0x6ff9336

----------------
IN: 
0x06ff9336:  83 ed 80                 subl     $-0x80, %ebp
0x06ff9339:  e9 4c fc ff ff           jmp      0x6ff8f8a

----------------
IN: 
0x06ff8f8a:  8b 44 24 28              movl     0x28(%esp), %eax
0x06ff8f8e:  01 e8                    addl     %ebp, %eax
0x06ff8f90:  39 44 24 0c              cmpl     %eax, 0xc(%esp)
0x06ff8f94:  0f 8e a4 03 00 00        jle      0x6ff933e

----------------
IN: 
0x06ff8fec:  be 84 fe ff 06           movl     $0x6fffe84, %esi
0x06ff8ff1:  80 7d 37 00              cmpb     $0, 0x37(%ebp)
0x06ff8ff5:  0f 85 85 00 00 00        jne      0x6ff9080

----------------
IN: 
0x06ff9129:  8b 14 24                 movl     (%esp), %edx
0x06ff912c:  89 e8                    movl     %ebp, %eax
0x06ff912e:  e8 f4 37 ff ff           calll    0x6fec927

----------------
IN: 
0x06fec927:  80 78 37 00              cmpb     $0, 0x37(%eax)
0x06fec92b:  75 2f                    jne      0x6fec95c

----------------
IN: 
0x06fec92d:  55                       pushl    %ebp
0x06fec92e:  57                       pushl    %edi
0x06fec92f:  56                       pushl    %esi
0x06fec930:  53                       pushl    %ebx
0x06fec931:  89 d6                    movl     %edx, %esi
0x06fec933:  89 c7                    movl     %eax, %edi
0x06fec935:  8b 2a                    movl     (%edx), %ebp
0x06fec937:  31 db                    xorl     %ebx, %ebx
0x06fec939:  39 dd                    cmpl     %ebx, %ebp
0x06fec93b:  7e 1b                    jle      0x6fec958

----------------
IN: 
0x06fec93d:  8b 44 de 04              movl     4(%esi, %ebx, 8), %eax
0x06fec941:  83 c0 04                 addl     $4, %eax
0x06fec944:  89 fa                    movl     %edi, %edx
0x06fec946:  e8 83 da 0f f9           calll    0xea3ce

----------------
IN: 
0x06fec94b:  85 c0                    testl    %eax, %eax
0x06fec94d:  75 06                    jne      0x6fec955

----------------
IN: 
0x06fec955:  43                       incl     %ebx
0x06fec956:  eb e1                    jmp      0x6fec939

----------------
IN: 
0x06fec939:  39 dd                    cmpl     %ebx, %ebp
0x06fec93b:  7e 1b                    jle      0x6fec958

----------------
IN: 
0x06fec94f:  8d 44 de 04              leal     4(%esi, %ebx, 8), %eax
0x06fec953:  eb 0a                    jmp      0x6fec95f

----------------
IN: 
0x06fec95f:  5b                       popl     %ebx
0x06fec960:  5e                       popl     %esi
0x06fec961:  5f                       popl     %edi
0x06fec962:  5d                       popl     %ebp
0x06fec963:  c3                       retl     

----------------
IN: 
0x06ff9133:  89 c1                    movl     %eax, %ecx
0x06ff9135:  85 c0                    testl    %eax, %eax
0x06ff9137:  74 31                    je       0x6ff916a

----------------
IN: 
0x06ff9139:  8b 40 04                 movl     4(%eax), %eax
0x06ff913c:  85 c0                    testl    %eax, %eax
0x06ff913e:  74 2a                    je       0x6ff916a

----------------
IN: 
0x06ff9140:  8b 7d 38                 movl     0x38(%ebp), %edi
0x06ff9143:  89 7c 24 18              movl     %edi, 0x18(%esp)
0x06ff9147:  8b 09                    movl     (%ecx), %ecx
0x06ff9149:  8b b1 84 00 00 00        movl     0x84(%ecx), %esi
0x06ff914f:  39 f7                    cmpl     %esi, %edi
0x06ff9151:  73 17                    jae      0x6ff916a

----------------
IN: 
0x06ff9153:  8b 4d 3c                 movl     0x3c(%ebp), %ecx
0x06ff9156:  8b 5d 40                 movl     0x40(%ebp), %ebx
0x06ff9159:  89 cf                    movl     %ecx, %edi
0x06ff915b:  31 d2                    xorl     %edx, %edx
0x06ff915d:  01 df                    addl     %ebx, %edi
0x06ff915f:  0f 92 c2                 setb     %dl
0x06ff9162:  39 fe                    cmpl     %edi, %esi
0x06ff9164:  72 04                    jb       0x6ff916a

----------------
IN: 
0x06ff9166:  85 d2                    testl    %edx, %edx
0x06ff9168:  74 0f                    je       0x6ff9179

----------------
IN: 
0x06ff9179:  8b 74 24 18              movl     0x18(%esp), %esi
0x06ff917d:  01 c6                    addl     %eax, %esi
0x06ff917f:  01 c8                    addl     %ecx, %eax
0x06ff9181:  89 da                    movl     %ebx, %edx
0x06ff9183:  e8 75 24 0f f9           calll    0xeb5fd

----------------
IN: 
0x06ff9188:  28 06                    subb     %al, (%esi)
0x06ff918a:  e9 a7 01 00 00           jmp      0x6ff9336

----------------
IN: 
0x06ff8fad:  83 f8 02                 cmpl     $2, %eax
0x06ff8fb0:  0f 84 d9 00 00 00        je       0x6ff908f

----------------
IN: 
0x06ff908f:  8b 7d 70                 movl     0x70(%ebp), %edi
0x06ff9092:  31 c0                    xorl     %eax, %eax
0x06ff9094:  89 44 24 68              movl     %eax, 0x68(%esp)
0x06ff9098:  89 44 24 6c              movl     %eax, 0x6c(%esp)
0x06ff909c:  8b 14 24                 movl     (%esp), %edx
0x06ff909f:  89 e8                    movl     %ebp, %eax
0x06ff90a1:  e8 81 38 ff ff           calll    0x6fec927

----------------
IN: 
0x06ff90a6:  89 c6                    movl     %eax, %esi
0x06ff90a8:  8d 45 38                 leal     0x38(%ebp), %eax
0x06ff90ab:  8b 14 24                 movl     (%esp), %edx
0x06ff90ae:  e8 74 38 ff ff           calll    0x6fec927

----------------
IN: 
0x06ff90b3:  89 c2                    movl     %eax, %edx
0x06ff90b5:  85 c0                    testl    %eax, %eax
0x06ff90b7:  74 39                    je       0x6ff90f2

----------------
IN: 
0x06ff90b9:  85 f6                    testl    %esi, %esi
0x06ff90bb:  74 35                    je       0x6ff90f2

----------------
IN: 
0x06ff90bd:  8b 46 04                 movl     4(%esi), %eax
0x06ff90c0:  85 c0                    testl    %eax, %eax
0x06ff90c2:  74 2e                    je       0x6ff90f2

----------------
IN: 
0x06ff90c4:  8b 5a 04                 movl     4(%edx), %ebx
0x06ff90c7:  89 5c 24 18              movl     %ebx, 0x18(%esp)
0x06ff90cb:  85 db                    testl    %ebx, %ebx
0x06ff90cd:  74 23                    je       0x6ff90f2

----------------
IN: 
0x06ff90cf:  0f b6 5d 74              movzbl   0x74(%ebp), %ebx
0x06ff90d3:  89 f9                    movl     %edi, %ecx
0x06ff90d5:  01 d9                    addl     %ebx, %ecx
0x06ff90d7:  72 19                    jb       0x6ff90f2

----------------
IN: 
0x06ff90d9:  8b 36                    movl     (%esi), %esi
0x06ff90db:  39 8e 84 00 00 00        cmpl     %ecx, 0x84(%esi)
0x06ff90e1:  72 0f                    jb       0x6ff90f2

----------------
IN: 
0x06ff90e3:  8d 4b ff                 leal     -1(%ebx), %ecx
0x06ff90e6:  80 f9 07                 cmpb     $7, %cl
0x06ff90e9:  77 07                    ja       0x6ff90f2

----------------
IN: 
0x06ff90eb:  8d 4b ff                 leal     -1(%ebx), %ecx
0x06ff90ee:  85 d9                    testl    %ebx, %ecx
0x06ff90f0:  74 0f                    je       0x6ff9101

----------------
IN: 
0x06ff9101:  01 f8                    addl     %edi, %eax
0x06ff9103:  8d 7c 24 68              leal     0x68(%esp), %edi
0x06ff9107:  89 c6                    movl     %eax, %esi
0x06ff9109:  89 d9                    movl     %ebx, %ecx
0x06ff910b:  f3 a4                    rep movsb (%esi), %es:(%edi)

----------------
IN: 
0x06ff910d:  8b 7c 24 18              movl     0x18(%esp), %edi
0x06ff9111:  01 7c 24 68              addl     %edi, 0x68(%esp)
0x06ff9115:  83 54 24 6c 00           adcl     $0, 0x6c(%esp)
0x06ff911a:  89 c7                    movl     %eax, %edi
0x06ff911c:  8d 74 24 68              leal     0x68(%esp), %esi
0x06ff9120:  89 d9                    movl     %ebx, %ecx
0x06ff9122:  f3 a4                    rep movsb (%esi), %es:(%edi)

----------------
IN: 
0x06ff9124:  e9 0d 02 00 00           jmp      0x6ff9336

----------------
IN: 
0x06ff8fb6:  e9 7b 03 00 00           jmp      0x6ff9336

----------------
IN: 
0x06ff933e:  8b 04 24                 movl     (%esp), %eax
0x06ff9341:  e8 0b 51 ff ff           calll    0x6fee451

----------------
IN: 
0x06ff9346:  8b 44 24 08              movl     8(%esp), %eax
0x06ff934a:  e8 02 51 ff ff           calll    0x6fee451

----------------
IN: 
0x06ff934f:  eb 11                    jmp      0x6ff9362

----------------
IN: 
0x06ff9362:  bd c0 55 0f 00           movl     $0xf55c0, %ebp
0x06ff9367:  bb cf 4d 0f 00           movl     $0xf4dcf, %ebx
0x06ff936c:  83 e3 f0                 andl     $0xfffffff0, %ebx
0x06ff936f:  89 ef                    movl     %ebp, %edi
0x06ff9371:  83 e7 f0                 andl     $0xfffffff0, %edi
0x06ff9374:  39 df                    cmpl     %ebx, %edi
0x06ff9376:  72 16                    jb       0x6ff938e

----------------
IN: 
0x06ff9378:  89 de                    movl     %ebx, %esi
0x06ff937a:  89 ea                    movl     %ebp, %edx
0x06ff937c:  29 da                    subl     %ebx, %edx
0x06ff937e:  89 d8                    movl     %ebx, %eax
0x06ff9380:  e8 23 40 ff ff           calll    0x6fed3a8

----------------
IN: 
0x06fed3a8:  57                       pushl    %edi
0x06fed3a9:  56                       pushl    %esi
0x06fed3aa:  53                       pushl    %ebx
0x06fed3ab:  89 d6                    movl     %edx, %esi
0x06fed3ad:  8b 10                    movl     (%eax), %edx
0x06fed3af:  81 f2 52 53 44 20        xorl     $0x20445352, %edx
0x06fed3b5:  8b 48 04                 movl     4(%eax), %ecx
0x06fed3b8:  81 f1 50 54 52 20        xorl     $0x20525450, %ecx
0x06fed3be:  09 ca                    orl      %ecx, %edx
0x06fed3c0:  75 44                    jne      0x6fed406

----------------
IN: 
0x06fed406:  b8 ff ff ff ff           movl     $0xffffffff, %eax
0x06fed40b:  5b                       popl     %ebx
0x06fed40c:  5e                       popl     %esi
0x06fed40d:  5f                       popl     %edi
0x06fed40e:  c3                       retl     

----------------
IN: 
0x06ff9385:  85 c0                    testl    %eax, %eax
0x06ff9387:  79 07                    jns      0x6ff9390

----------------
IN: 
0x06ff9389:  83 c3 10                 addl     $0x10, %ebx
0x06ff938c:  eb e6                    jmp      0x6ff9374

----------------
IN: 
0x06ff9374:  39 df                    cmpl     %ebx, %edi
0x06ff9376:  72 16                    jb       0x6ff938e

----------------
IN: 
0x06fed3c2:  83 fe 13                 cmpl     $0x13, %esi
0x06fed3c5:  76 3f                    jbe      0x6fed406

----------------
IN: 
0x06fed3c7:  89 c3                    movl     %eax, %ebx
0x06fed3c9:  ba 14 00 00 00           movl     $0x14, %edx
0x06fed3ce:  e8 2a e2 0f f9           calll    0xeb5fd

----------------
IN: 
0x06fed3d3:  84 c0                    testb    %al, %al
0x06fed3d5:  b8 ff ff ff ff           movl     $0xffffffff, %eax
0x06fed3da:  75 2f                    jne      0x6fed40b

----------------
IN: 
0x06fed3dc:  80 7b 0f 01              cmpb     $1, 0xf(%ebx)
0x06fed3e0:  76 1b                    jbe      0x6fed3fd

----------------
IN: 
0x06fed3fd:  bf 14 00 00 00           movl     $0x14, %edi
0x06fed402:  89 f8                    movl     %edi, %eax
0x06fed404:  eb 05                    jmp      0x6fed40b

----------------
IN: 
0x06fed40b:  5b                       popl     %ebx
0x06fed40c:  5e                       popl     %esi
0x06fed40d:  5f                       popl     %edi
0x06fed40e:  c3                       retl     

----------------
IN: 
0x06ff9390:  89 35 b8 4c 0f 00        movl     %esi, 0xf4cb8
0x06ff9396:  85 f6                    testl    %esi, %esi
0x06ff9398:  0f 84 49 01 00 00        je       0x6ff94e7

----------------
IN: 
0x06ff939e:  e8 40 9c ff ff           calll    0x6ff2fe3

----------------
IN: 
0x06ff2fe3:  56                       pushl    %esi
0x06ff2fe4:  53                       pushl    %ebx
0x06ff2fe5:  83 ec 2c                 subl     $0x2c, %esp
0x06ff2fe8:  b8 46 41 43 50           movl     $0x50434146, %eax
0x06ff2fed:  e8 c9 b4 0f f9           calll    0xee4bb

----------------
IN: 
0x000ee4bb:  56                       pushl    %esi
0x000ee4bc:  53                       pushl    %ebx
0x000ee4bd:  8b 1d b8 4c 0f 00        movl     0xf4cb8, %ebx
0x000ee4c3:  85 db                    testl    %ebx, %ebx
0x000ee4c5:  0f 84 a5 00 00 00        je       0xee570

----------------
IN: 
0x000ee4cb:  81 7b 04 50 54 52 20     cmpl     $0x20525450, 4(%ebx)
0x000ee4d2:  0f 85 96 00 00 00        jne      0xee56e

----------------
IN: 
0x000ee4d8:  81 3b 52 53 44 20        cmpl     $0x20445352, (%ebx)
0x000ee4de:  0f 85 8a 00 00 00        jne      0xee56e

----------------
IN: 
0x000ee4e4:  89 c2                    movl     %eax, %edx
0x000ee4e6:  8b 43 18                 movl     0x18(%ebx), %eax
0x000ee4e9:  83 7b 1c 00              cmpl     $0, 0x1c(%ebx)
0x000ee4ed:  74 0b                    je       0xee4fa

----------------
IN: 
0x000ee4fa:  85 c0                    testl    %eax, %eax
0x000ee4fc:  74 f1                    je       0xee4ef

----------------
IN: 
0x000ee4ef:  8b 43 10                 movl     0x10(%ebx), %eax
0x000ee4f2:  31 db                    xorl     %ebx, %ebx
0x000ee4f4:  85 c0                    testl    %eax, %eax
0x000ee4f6:  75 42                    jne      0xee53a

----------------
IN: 
0x000ee53a:  81 38 52 53 44 54        cmpl     $0x54445352, (%eax)
0x000ee540:  75 2e                    jne      0xee570

----------------
IN: 
0x000ee542:  8b 48 04                 movl     4(%eax), %ecx
0x000ee545:  01 c1                    addl     %eax, %ecx
0x000ee547:  83 c0 24                 addl     $0x24, %eax
0x000ee54a:  39 c8                    cmpl     %ecx, %eax
0x000ee54c:  73 20                    jae      0xee56e

----------------
IN: 
0x000ee54e:  8b 18                    movl     (%eax), %ebx
0x000ee550:  85 db                    testl    %ebx, %ebx
0x000ee552:  74 04                    je       0xee558

----------------
IN: 
0x000ee554:  39 13                    cmpl     %edx, (%ebx)
0x000ee556:  74 05                    je       0xee55d

----------------
IN: 
0x000ee55d:  53                       pushl    %ebx
0x000ee55e:  52                       pushl    %edx
0x000ee55f:  68 5d 12 0f 00           pushl    $0xf125d
0x000ee564:  e8 70 e9 ff ff           calll    0xeced9

----------------
IN: 
0x000ee569:  83 c4 0c                 addl     $0xc, %esp
0x000ee56c:  eb 02                    jmp      0xee570

----------------
IN: 
0x000ee570:  89 d8                    movl     %ebx, %eax
0x000ee572:  5b                       popl     %ebx
0x000ee573:  5e                       popl     %esi
0x000ee574:  c3                       retl     

----------------
IN: 
0x06ff2ff2:  85 c0                    testl    %eax, %eax
0x06ff2ff4:  74 36                    je       0x6ff302c

----------------
IN: 
0x06ff2ff6:  8b 58 28                 movl     0x28(%eax), %ebx
0x06ff2ff9:  85 db                    testl    %ebx, %ebx
0x06ff2ffb:  74 2f                    je       0x6ff302c

----------------
IN: 
0x06ff2ffd:  8b 73 04                 movl     4(%ebx), %esi

----------------
IN: 
0x06ff3000:  56                       pushl    %esi
0x06ff3001:  53                       pushl    %ebx
0x06ff3002:  68 14 1f 0f 00           pushl    $0xf1f14
0x06ff3007:  e8 cd 9e 0f f9           calll    0xeced9

----------------
IN: 
0x06ff300c:  b9 2c 00 00 00           movl     $0x2c, %ecx
0x06ff3011:  31 d2                    xorl     %edx, %edx
0x06ff3013:  8d 44 24 0c              leal     0xc(%esp), %eax
0x06ff3017:  e8 b4 86 0f f9           calll    0xeb6d0

----------------
IN: 
0x06ff301c:  56                       pushl    %esi
0x06ff301d:  b9 24 00 00 00           movl     $0x24, %ecx
0x06ff3022:  89 da                    movl     %ebx, %edx
0x06ff3024:  e8 5b ff ff ff           calll    0x6ff2f84

----------------
IN: 
0x06ff2f84:  55                       pushl    %ebp
0x06ff2f85:  57                       pushl    %edi
0x06ff2f86:  56                       pushl    %esi
0x06ff2f87:  53                       pushl    %ebx
0x06ff2f88:  89 c6                    movl     %eax, %esi
0x06ff2f8a:  89 d5                    movl     %edx, %ebp
0x06ff2f8c:  89 cb                    movl     %ecx, %ebx
0x06ff2f8e:  8b 7c 24 14              movl     0x14(%esp), %edi
0x06ff2f92:  8d 54 1d 00              leal     (%ebp, %ebx), %edx
0x06ff2f96:  89 f0                    movl     %esi, %eax
0x06ff2f98:  e8 fb fc ff ff           calll    0x6ff2c98

----------------
IN: 
0x06ff2c98:  55                       pushl    %ebp
0x06ff2c99:  57                       pushl    %edi
0x06ff2c9a:  56                       pushl    %esi
0x06ff2c9b:  53                       pushl    %ebx
0x06ff2c9c:  83 ec 10                 subl     $0x10, %esp
0x06ff2c9f:  89 c7                    movl     %eax, %edi
0x06ff2ca1:  8b 40 28                 movl     0x28(%eax), %eax
0x06ff2ca4:  83 f8 10                 cmpl     $0x10, %eax
0x06ff2ca7:  75 22                    jne      0x6ff2ccb

----------------
IN: 
0x06ff2ccb:  89 d3                    movl     %edx, %ebx
0x06ff2ccd:  40                       incl     %eax
0x06ff2cce:  89 47 28                 movl     %eax, 0x28(%edi)
0x06ff2cd1:  0f b6 0a                 movzbl   (%edx), %ecx
0x06ff2cd4:  80 f9 14                 cmpb     $0x14, %cl
0x06ff2cd7:  77 11                    ja       0x6ff2cea

----------------
IN: 
0x06ff2cd9:  ff 24 8d 94 f0 ff 06     jmpl     *0x6fff094(, %ecx, 4)

----------------
IN: 
0x06ff2d6c:  8d 54 24 08              leal     8(%esp), %edx
0x06ff2d70:  8d 43 01                 leal     1(%ebx), %eax
0x06ff2d73:  e8 32 9c ff ff           calll    0x6fec9aa

----------------
IN: 
0x06fec9aa:  56                       pushl    %esi
0x06fec9ab:  53                       pushl    %ebx
0x06fec9ac:  89 c1                    movl     %eax, %ecx
0x06fec9ae:  31 db                    xorl     %ebx, %ebx
0x06fec9b0:  89 1a                    movl     %ebx, (%edx)
0x06fec9b2:  0f b6 00                 movzbl   (%eax), %eax
0x06fec9b5:  88 c3                    movb     %al, %bl
0x06fec9b7:  c0 eb 06                 shrb     $6, %bl
0x06fec9ba:  80 fb 02                 cmpb     $2, %bl
0x06fec9bd:  74 22                    je       0x6fec9e1

----------------
IN: 
0x06fec9bf:  80 fb 03                 cmpb     $3, %bl
0x06fec9c2:  74 0d                    je       0x6fec9d1

----------------
IN: 
0x06fec9c4:  fe cb                    decb     %bl
0x06fec9c6:  75 40                    jne      0x6feca08

----------------
IN: 
0x06fec9c8:  31 c0                    xorl     %eax, %eax
0x06fec9ca:  bb 02 00 00 00           movl     $2, %ebx
0x06fec9cf:  eb 23                    jmp      0x6fec9f4

----------------
IN: 
0x06fec9f4:  0f b6 71 01              movzbl   1(%ecx), %esi
0x06fec9f8:  c1 e6 04                 shll     $4, %esi
0x06fec9fb:  09 c6                    orl      %eax, %esi
0x06fec9fd:  89 32                    movl     %esi, (%edx)
0x06fec9ff:  8a 01                    movb     (%ecx), %al
0x06feca01:  83 e0 0f                 andl     $0xf, %eax
0x06feca04:  09 f0                    orl      %esi, %eax
0x06feca06:  eb 05                    jmp      0x6feca0d

----------------
IN: 
0x06feca0d:  89 02                    movl     %eax, (%edx)
0x06feca0f:  89 d8                    movl     %ebx, %eax
0x06feca11:  5b                       popl     %ebx
0x06feca12:  5e                       popl     %esi
0x06feca13:  c3                       retl     

----------------
IN: 
0x06ff2d78:  89 c5                    movl     %eax, %ebp
0x06ff2d7a:  8d 54 03 01              leal     1(%ebx, %eax), %edx
0x06ff2d7e:  89 f8                    movl     %edi, %eax
0x06ff2d80:  e8 36 a8 ff ff           calll    0x6fed5bb

----------------
IN: 
0x06fed5bb:  55                       pushl    %ebp
0x06fed5bc:  57                       pushl    %edi
0x06fed5bd:  56                       pushl    %esi
0x06fed5be:  53                       pushl    %ebx
0x06fed5bf:  83 ec 08                 subl     $8, %esp
0x06fed5c2:  89 c1                    movl     %eax, %ecx
0x06fed5c4:  89 d5                    movl     %edx, %ebp
0x06fed5c6:  89 44 24 04              movl     %eax, 4(%esp)
0x06fed5ca:  bb 01 00 00 00           movl     $1, %ebx
0x06fed5cf:  8d 43 ff                 leal     -1(%ebx), %eax
0x06fed5d2:  8a 54 1d ff              movb     -1(%ebp, %ebx), %dl
0x06fed5d6:  80 fa 5a                 cmpb     $0x5a, %dl
0x06fed5d9:  77 29                    ja       0x6fed604

----------------
IN: 
0x06fed604:  80 fa 5e                 cmpb     $0x5e, %dl
0x06fed607:  0f 84 93 00 00 00        je       0x6fed6a0

----------------
IN: 
0x06fed60d:  80 fa 5f                 cmpb     $0x5f, %dl
0x06fed610:  0f 84 9d 00 00 00        je       0x6fed6b3

----------------
IN: 
0x06fed616:  80 fa 5c                 cmpb     $0x5c, %dl
0x06fed619:  0f 85 a4 00 00 00        jne      0x6fed6c3

----------------
IN: 
0x06fed61f:  8b 44 24 04              movl     4(%esp), %eax
0x06fed623:  8d 50 01                 leal     1(%eax), %edx
0x06fed626:  89 54 24 04              movl     %edx, 4(%esp)
0x06fed62a:  c6 00 5c                 movb     $0x5c, (%eax)
0x06fed62d:  43                       incl     %ebx
0x06fed62e:  eb 9f                    jmp      0x6fed5cf

----------------
IN: 
0x06fed5cf:  8d 43 ff                 leal     -1(%ebx), %eax
0x06fed5d2:  8a 54 1d ff              movb     -1(%ebp, %ebx), %dl
0x06fed5d6:  80 fa 5a                 cmpb     $0x5a, %dl
0x06fed5d9:  77 29                    ja       0x6fed604

----------------
IN: 
0x06fed5db:  80 fa 40                 cmpb     $0x40, %dl
0x06fed5de:  0f 87 cf 00 00 00        ja       0x6fed6b3

----------------
IN: 
0x06fed5e4:  80 fa 2e                 cmpb     $0x2e, %dl
0x06fed5e7:  74 47                    je       0x6fed630

----------------
IN: 
0x06fed5e9:  80 fa 2f                 cmpb     $0x2f, %dl
0x06fed5ec:  74 6f                    je       0x6fed65d

----------------
IN: 
0x06fed5ee:  84 d2                    testb    %dl, %dl
0x06fed5f0:  0f 85 cd 00 00 00        jne      0x6fed6c3

----------------
IN: 
0x06fed5f6:  89 d8                    movl     %ebx, %eax
0x06fed5f8:  8b 54 24 04              movl     4(%esp), %edx
0x06fed5fc:  c6 02 00                 movb     $0, (%edx)
0x06fed5ff:  e9 c6 00 00 00           jmp      0x6fed6ca

----------------
IN: 
0x06fed6ca:  83 c4 08                 addl     $8, %esp
0x06fed6cd:  5b                       popl     %ebx
0x06fed6ce:  5e                       popl     %esi
0x06fed6cf:  5f                       popl     %edi
0x06fed6d0:  5d                       popl     %ebp
0x06fed6d1:  c3                       retl     

----------------
IN: 
0x06ff2d85:  8b 74 24 08              movl     8(%esp), %esi
0x06ff2d89:  8d 4c 05 00              leal     (%ebp, %eax), %ecx
0x06ff2d8d:  56                       pushl    %esi
0x06ff2d8e:  8d 53 01                 leal     1(%ebx), %edx
0x06ff2d91:  89 f8                    movl     %edi, %eax
0x06ff2d93:  e8 ec 01 00 00           calll    0x6ff2f84

----------------
IN: 
0x06ff2cea:  80 f9 5b                 cmpb     $0x5b, %cl
0x06ff2ced:  0f 84 50 01 00 00        je       0x6ff2e43

----------------
IN: 
0x06ff2e43:  0f b6 4a 01              movzbl   1(%edx), %ecx
0x06ff2e47:  80 f9 81                 cmpb     $0x81, %cl
0x06ff2e4a:  74 66                    je       0x6ff2eb2

----------------
IN: 
0x06ff2e4c:  77 41                    ja       0x6ff2e8f

----------------
IN: 
0x06ff2e4e:  80 f9 01                 cmpb     $1, %cl
0x06ff2e51:  74 4d                    je       0x6ff2ea0

----------------
IN: 
0x06ff2e53:  80 f9 80                 cmpb     $0x80, %cl
0x06ff2e56:  0f 85 fa 00 00 00        jne      0x6ff2f56

----------------
IN: 
0x06ff2e5c:  8d 52 02                 leal     2(%edx), %edx
0x06ff2e5f:  89 f8                    movl     %edi, %eax
0x06ff2e61:  e8 55 a7 ff ff           calll    0x6fed5bb

----------------
IN: 
0x06fed6b3:  8d 54 24 04              leal     4(%esp), %edx
0x06fed6b7:  89 e8                    movl     %ebp, %eax
0x06fed6b9:  e8 b0 fe ff ff           calll    0x6fed56e

----------------
IN: 
0x06fed56e:  8b 0a                    movl     (%edx), %ecx
0x06fed570:  85 c9                    testl    %ecx, %ecx
0x06fed572:  74 46                    je       0x6fed5ba

----------------
IN: 
0x06fed574:  56                       pushl    %esi
0x06fed575:  53                       pushl    %ebx
0x06fed576:  8a 18                    movb     (%eax), %bl
0x06fed578:  8d 71 01                 leal     1(%ecx), %esi
0x06fed57b:  89 32                    movl     %esi, (%edx)
0x06fed57d:  88 19                    movb     %bl, (%ecx)
0x06fed57f:  8a 58 01                 movb     1(%eax), %bl
0x06fed582:  80 fb 5f                 cmpb     $0x5f, %bl
0x06fed585:  74 09                    je       0x6fed590

----------------
IN: 
0x06fed587:  8b 0a                    movl     (%edx), %ecx
0x06fed589:  8d 71 01                 leal     1(%ecx), %esi
0x06fed58c:  89 32                    movl     %esi, (%edx)
0x06fed58e:  88 19                    movb     %bl, (%ecx)
0x06fed590:  8a 58 02                 movb     2(%eax), %bl
0x06fed593:  80 fb 5f                 cmpb     $0x5f, %bl
0x06fed596:  74 09                    je       0x6fed5a1

----------------
IN: 
0x06fed598:  8b 0a                    movl     (%edx), %ecx
0x06fed59a:  8d 71 01                 leal     1(%ecx), %esi
0x06fed59d:  89 32                    movl     %esi, (%edx)
0x06fed59f:  88 19                    movb     %bl, (%ecx)
0x06fed5a1:  8a 48 03                 movb     3(%eax), %cl
0x06fed5a4:  80 f9 5f                 cmpb     $0x5f, %cl
0x06fed5a7:  74 09                    je       0x6fed5b2

----------------
IN: 
0x06fed5b2:  8b 02                    movl     (%edx), %eax
0x06fed5b4:  c6 00 00                 movb     $0, (%eax)
0x06fed5b7:  5b                       popl     %ebx
0x06fed5b8:  5e                       popl     %esi
0x06fed5b9:  c3                       retl     

----------------
IN: 
0x06fed6be:  8d 43 03                 leal     3(%ebx), %eax
0x06fed6c1:  eb 07                    jmp      0x6fed6ca

----------------
IN: 
0x06ff2e66:  89 c6                    movl     %eax, %esi
0x06ff2e68:  8d 6f 24                 leal     0x24(%edi), %ebp
0x06ff2e6b:  8d 44 03 03              leal     3(%ebx, %eax), %eax
0x06ff2e6f:  31 c9                    xorl     %ecx, %ecx
0x06ff2e71:  89 ea                    movl     %ebp, %edx
0x06ff2e73:  e8 67 a4 ff ff           calll    0x6fed2df

----------------
IN: 
0x06fed2df:  53                       pushl    %ebx
0x06fed2e0:  89 cb                    movl     %ecx, %ebx
0x06fed2e2:  80 38 0c                 cmpb     $0xc, (%eax)
0x06fed2e5:  77 30                    ja       0x6fed317

----------------
IN: 
0x06fed2e7:  0f b6 08                 movzbl   (%eax), %ecx
0x06fed2ea:  ff 24 8d 38 f0 ff 06     jmpl     *0x6fff038(, %ecx, 4)

----------------
IN: 
0x06fed2fe:  0f b7 40 01              movzwl   1(%eax), %eax
0x06fed302:  31 d2                    xorl     %edx, %edx
0x06fed304:  b9 03 00 00 00           movl     $3, %ecx
0x06fed309:  eb 2b                    jmp      0x6fed336

----------------
IN: 
0x06fed336:  85 db                    testl    %ebx, %ebx
0x06fed338:  74 05                    je       0x6fed33f

----------------
IN: 
0x06fed33f:  89 c8                    movl     %ecx, %eax
0x06fed341:  5b                       popl     %ebx
0x06fed342:  c3                       retl     

----------------
IN: 
0x06ff2e78:  8d 74 06 03              leal     3(%esi, %eax), %esi
0x06ff2e7c:  8d 04 33                 leal     (%ebx, %esi), %eax
0x06ff2e7f:  31 c9                    xorl     %ecx, %ecx
0x06ff2e81:  89 ea                    movl     %ebp, %edx
0x06ff2e83:  e8 57 a4 ff ff           calll    0x6fed2df

----------------
IN: 
0x06fed32a:  b9 01 00 00 00           movl     $1, %ecx
0x06fed32f:  b8 01 00 00 00           movl     $1, %eax
0x06fed334:  31 d2                    xorl     %edx, %edx
0x06fed336:  85 db                    testl    %ebx, %ebx
0x06fed338:  74 05                    je       0x6fed33f

----------------
IN: 
0x06ff2e88:  01 c6                    addl     %eax, %esi
0x06ff2e8a:  e9 e8 00 00 00           jmp      0x6ff2f77

----------------
IN: 
0x06ff2f77:  ff 4f 28                 decl     0x28(%edi)
0x06ff2f7a:  89 f0                    movl     %esi, %eax
0x06ff2f7c:  83 c4 10                 addl     $0x10, %esp
0x06ff2f7f:  5b                       popl     %ebx
0x06ff2f80:  5e                       popl     %esi
0x06ff2f81:  5f                       popl     %edi
0x06ff2f82:  5d                       popl     %ebp
0x06ff2f83:  c3                       retl     

----------------
IN: 
0x06ff2f9d:  01 c3                    addl     %eax, %ebx
0x06ff2f9f:  39 fb                    cmpl     %edi, %ebx
0x06ff2fa1:  74 3b                    je       0x6ff2fde

----------------
IN: 
0x06ff2fa3:  7e 1a                    jle      0x6ff2fbf

----------------
IN: 
0x06ff2fbf:  83 7e 24 00              cmpl     $0, 0x24(%esi)
0x06ff2fc3:  74 cd                    je       0x6ff2f92

----------------
IN: 
0x06ff2f92:  8d 54 1d 00              leal     (%ebp, %ebx), %edx
0x06ff2f96:  89 f0                    movl     %esi, %eax
0x06ff2f98:  e8 fb fc ff ff           calll    0x6ff2c98

----------------
IN: 
0x06ff2eb2:  80 cd 5b                 orb      $0x5b, %ch
0x06ff2eb5:  8d 53 02                 leal     2(%ebx), %edx
0x06ff2eb8:  6a 01                    pushl    $1
0x06ff2eba:  89 f8                    movl     %edi, %eax
0x06ff2ebc:  e8 95 fd ff ff           calll    0x6ff2c56

----------------
IN: 
0x06ff2c56:  56                       pushl    %esi
0x06ff2c57:  53                       pushl    %ebx
0x06ff2c58:  83 ec 0c                 subl     $0xc, %esp
0x06ff2c5b:  89 c6                    movl     %eax, %esi
0x06ff2c5d:  89 d3                    movl     %edx, %ebx
0x06ff2c5f:  51                       pushl    %ecx
0x06ff2c60:  68 b5 1e 0f 00           pushl    $0xf1eb5
0x06ff2c65:  6a 08                    pushl    $8
0x06ff2c67:  8d 44 24 10              leal     0x10(%esp), %eax
0x06ff2c6b:  50                       pushl    %eax
0x06ff2c6c:  e8 ac fc ff ff           calll    0x6ff291d

----------------
IN: 
0x06ff291d:  53                       pushl    %ebx
0x06ff291e:  83 ec 0c                 subl     $0xc, %esp
0x06ff2921:  8b 5c 24 14              movl     0x14(%esp), %ebx
0x06ff2925:  8b 54 24 18              movl     0x18(%esp), %edx
0x06ff2929:  31 c0                    xorl     %eax, %eax
0x06ff292b:  85 d2                    testl    %edx, %edx
0x06ff292d:  74 34                    je       0x6ff2963

----------------
IN: 
0x06ff292f:  c7 04 24 e2 bf fe 06     movl     $0x6febfe2, (%esp)
0x06ff2936:  89 5c 24 04              movl     %ebx, 4(%esp)
0x06ff293a:  01 da                    addl     %ebx, %edx
0x06ff293c:  89 54 24 08              movl     %edx, 8(%esp)
0x06ff2940:  8d 4c 24 20              leal     0x20(%esp), %ecx
0x06ff2944:  89 e0                    movl     %esp, %eax
0x06ff2946:  8b 54 24 1c              movl     0x1c(%esp), %edx
0x06ff294a:  e8 42 9d 0f f9           calll    0xec691

----------------
IN: 
0x06febfe2:  89 d1                    movl     %edx, %ecx
0x06febfe4:  8b 50 04                 movl     4(%eax), %edx
0x06febfe7:  3b 50 08                 cmpl     8(%eax), %edx
0x06febfea:  73 05                    jae      0x6febff1

----------------
IN: 
0x06febfec:  88 0a                    movb     %cl, (%edx)
0x06febfee:  ff 40 04                 incl     4(%eax)
0x06febff1:  c3                       retl     

----------------
IN: 
0x06ff294f:  8b 44 24 04              movl     4(%esp), %eax
0x06ff2953:  8b 54 24 08              movl     8(%esp), %edx
0x06ff2957:  39 d0                    cmpl     %edx, %eax
0x06ff2959:  72 03                    jb       0x6ff295e

----------------
IN: 
0x06ff295e:  c6 00 00                 movb     $0, (%eax)
0x06ff2961:  29 d8                    subl     %ebx, %eax
0x06ff2963:  83 c4 0c                 addl     $0xc, %esp
0x06ff2966:  5b                       popl     %ebx
0x06ff2967:  c3                       retl     

----------------
IN: 
0x06ff2c71:  8d 54 24 10              leal     0x10(%esp), %edx
0x06ff2c75:  89 d8                    movl     %ebx, %eax
0x06ff2c77:  e8 2e 9d ff ff           calll    0x6fec9aa

----------------
IN: 
0x06feca08:  bb 01 00 00 00           movl     $1, %ebx
0x06feca0d:  89 02                    movl     %eax, (%edx)
0x06feca0f:  89 d8                    movl     %ebx, %eax
0x06feca11:  5b                       popl     %ebx
0x06feca12:  5e                       popl     %esi
0x06feca13:  c3                       retl     

----------------
IN: 
0x06ff2c7c:  89 d4                    movl     %edx, %esp
0x06ff2c7e:  83 7c 24 18 00           cmpl     $0, 0x18(%esp)
0x06ff2c83:  74 0a                    je       0x6ff2c8f

----------------
IN: 
0x06ff2c85:  8d 14 03                 leal     (%ebx, %eax), %edx
0x06ff2c88:  89 f0                    movl     %esi, %eax
0x06ff2c8a:  e8 2c a9 ff ff           calll    0x6fed5bb

----------------
IN: 
0x06ff2c8f:  8b 04 24                 movl     (%esp), %eax
0x06ff2c92:  83 c4 0c                 addl     $0xc, %esp
0x06ff2c95:  5b                       popl     %ebx
0x06ff2c96:  5e                       popl     %esi
0x06ff2c97:  c3                       retl     

----------------
IN: 
0x06ff2ec1:  8d 70 02                 leal     2(%eax), %esi
0x06ff2ec4:  59                       popl     %ecx
0x06ff2ec5:  e9 ad 00 00 00           jmp      0x6ff2f77

----------------
IN: 
0x06ff2e07:  8d 52 01                 leal     1(%edx), %edx
0x06ff2e0a:  6a 01                    pushl    $1
0x06ff2e0c:  b9 14 00 00 00           movl     $0x14, %ecx
0x06ff2e11:  89 f8                    movl     %edi, %eax
0x06ff2e13:  e8 3e fe ff ff           calll    0x6ff2c56

----------------
IN: 
0x06fed5a9:  8b 02                    movl     (%edx), %eax
0x06fed5ab:  8d 58 01                 leal     1(%eax), %ebx
0x06fed5ae:  89 1a                    movl     %ebx, (%edx)
0x06fed5b0:  88 08                    movb     %cl, (%eax)
0x06fed5b2:  8b 02                    movl     (%edx), %eax
0x06fed5b4:  c6 00 00                 movb     $0, (%eax)
0x06fed5b7:  5b                       popl     %ebx
0x06fed5b8:  5e                       popl     %esi
0x06fed5b9:  c3                       retl     

----------------
IN: 
0x06ff2e18:  8d 70 01                 leal     1(%eax), %esi
0x06ff2e1b:  8b 6f 20                 movl     0x20(%edi), %ebp
0x06ff2e1e:  58                       popl     %eax
0x06ff2e1f:  85 ed                    testl    %ebp, %ebp
0x06ff2e21:  0f 84 50 01 00 00        je       0x6ff2f77

----------------
IN: 
0x06ff2fde:  5b                       popl     %ebx
0x06ff2fdf:  5e                       popl     %esi
0x06ff2fe0:  5f                       popl     %edi
0x06ff2fe1:  5d                       popl     %ebp
0x06ff2fe2:  c3                       retl     

----------------
IN: 
0x06ff2d98:  46                       incl     %esi
0x06ff2d99:  e9 26 01 00 00           jmp      0x6ff2ec4

----------------
IN: 
0x06ff2ec4:  59                       popl     %ecx
0x06ff2ec5:  e9 ad 00 00 00           jmp      0x6ff2f77

----------------
IN: 
0x06ff2e8f:  80 f9 82                 cmpb     $0x82, %cl
0x06ff2e92:  74 36                    je       0x6ff2eca

----------------
IN: 
0x06ff2eca:  8d 54 24 08              leal     8(%esp), %edx
0x06ff2ece:  8d 43 02                 leal     2(%ebx), %eax
0x06ff2ed1:  e8 d4 9a ff ff           calll    0x6fec9aa

----------------
IN: 
0x06ff2ed6:  89 c5                    movl     %eax, %ebp
0x06ff2ed8:  8d 54 03 02              leal     2(%ebx, %eax), %edx
0x06ff2edc:  89 f8                    movl     %edi, %eax
0x06ff2ede:  e8 d8 a6 ff ff           calll    0x6fed5bb

----------------
IN: 
0x06ff2ee3:  89 04 24                 movl     %eax, (%esp)
0x06ff2ee6:  b8 28 00 00 00           movl     $0x28, %eax
0x06ff2eeb:  e8 c0 ba ff ff           calll    0x6fee9b0

----------------
IN: 
0x06ff2ef0:  89 47 20                 movl     %eax, 0x20(%edi)
0x06ff2ef3:  8b 74 24 08              movl     8(%esp), %esi
0x06ff2ef7:  85 c0                    testl    %eax, %eax
0x06ff2ef9:  75 18                    jne      0x6ff2f13

----------------
IN: 
0x06ff2f13:  03 2c 24                 addl     (%esp), %ebp
0x06ff2f16:  b9 28 00 00 00           movl     $0x28, %ecx
0x06ff2f1b:  31 d2                    xorl     %edx, %edx
0x06ff2f1d:  e8 ae 87 0f f9           calll    0xeb6d0

----------------
IN: 
0x06ff2f22:  8b 47 20                 movl     0x20(%edi), %eax
0x06ff2f25:  ba 30 fd ff 06           movl     $0x6fffd30, %edx
0x06ff2f2a:  e8 a2 90 ff ff           calll    0x6febfd1

----------------
IN: 
0x06ff2f2f:  83 c0 08                 addl     $8, %eax
0x06ff2f32:  b9 20 00 00 00           movl     $0x20, %ecx
0x06ff2f37:  89 fa                    movl     %edi, %edx
0x06ff2f39:  e8 b4 90 ff ff           calll    0x6febff2

----------------
IN: 
0x06ff2f3e:  56                       pushl    %esi
0x06ff2f3f:  89 e9                    movl     %ebp, %ecx
0x06ff2f41:  8d 53 02                 leal     2(%ebx), %edx
0x06ff2f44:  89 f8                    movl     %edi, %eax
0x06ff2f46:  e8 39 00 00 00           calll    0x6ff2f84

----------------
IN: 
0x06ff2d18:  8d 52 01                 leal     1(%edx), %edx
0x06ff2d1b:  89 f8                    movl     %edi, %eax
0x06ff2d1d:  e8 99 a8 ff ff           calll    0x6fed5bb

----------------
IN: 
0x06ff2d22:  89 c6                    movl     %eax, %esi
0x06ff2d24:  8d 54 03 01              leal     1(%ebx, %eax), %edx
0x06ff2d28:  89 f8                    movl     %edi, %eax
0x06ff2d2a:  e8 69 ff ff ff           calll    0x6ff2c98

----------------
IN: 
0x06ff2f72:  be 05 00 00 00           movl     $5, %esi
0x06ff2f77:  ff 4f 28                 decl     0x28(%edi)
0x06ff2f7a:  89 f0                    movl     %esi, %eax
0x06ff2f7c:  83 c4 10                 addl     $0x10, %esp
0x06ff2f7f:  5b                       popl     %ebx
0x06ff2f80:  5e                       popl     %esi
0x06ff2f81:  5f                       popl     %edi
0x06ff2f82:  5d                       popl     %ebp
0x06ff2f83:  c3                       retl     

----------------
IN: 
0x06ff2d2f:  8d 74 06 01              leal     1(%esi, %eax), %esi
0x06ff2d33:  8b 6f 20                 movl     0x20(%edi), %ebp
0x06ff2d36:  85 ed                    testl    %ebp, %ebp
0x06ff2d38:  0f 84 39 02 00 00        je       0x6ff2f77

----------------
IN: 
0x06ff2d3e:  ba cf 1e 0f 00           movl     $0xf1ecf, %edx
0x06ff2d43:  89 f8                    movl     %edi, %eax
0x06ff2d45:  e8 84 76 0f f9           calll    0xea3ce

----------------
IN: 
0x06ff2d4a:  85 c0                    testl    %eax, %eax
0x06ff2d4c:  0f 85 d5 00 00 00        jne      0x6ff2e27

----------------
IN: 
0x06ff2d52:  89 5d 18                 movl     %ebx, 0x18(%ebp)
0x06ff2d55:  e9 cd 00 00 00           jmp      0x6ff2e27

----------------
IN: 
0x06ff2e27:  ba d4 1e 0f 00           movl     $0xf1ed4, %edx
0x06ff2e2c:  89 f8                    movl     %edi, %eax
0x06ff2e2e:  e8 9b 75 0f f9           calll    0xea3ce

----------------
IN: 
0x06ff2e33:  85 c0                    testl    %eax, %eax
0x06ff2e35:  0f 85 3c 01 00 00        jne      0x6ff2f77

----------------
IN: 
0x06ff2f6b:  be 01 00 00 00           movl     $1, %esi
0x06ff2f70:  eb 05                    jmp      0x6ff2f77

----------------
IN: 
0x06ff2f4b:  31 c0                    xorl     %eax, %eax
0x06ff2f4d:  89 47 20                 movl     %eax, 0x20(%edi)
0x06ff2f50:  5a                       popl     %edx
0x06ff2f51:  83 c6 02                 addl     $2, %esi
0x06ff2f54:  eb 21                    jmp      0x6ff2f77

----------------
IN: 
0x06fed630:  8d 44 1d 00              leal     (%ebp, %ebx), %eax
0x06fed634:  8d 54 24 04              leal     4(%esp), %edx
0x06fed638:  e8 31 ff ff ff           calll    0x6fed56e

----------------
IN: 
0x06fed63d:  8b 44 24 04              movl     4(%esp), %eax
0x06fed641:  8d 50 01                 leal     1(%eax), %edx
0x06fed644:  89 54 24 04              movl     %edx, 4(%esp)
0x06fed648:  c6 00 2e                 movb     $0x2e, (%eax)
0x06fed64b:  8d 44 1d 04              leal     4(%ebp, %ebx), %eax
0x06fed64f:  8d 54 24 04              leal     4(%esp), %edx
0x06fed653:  e8 16 ff ff ff           calll    0x6fed56e

----------------
IN: 
0x06fed658:  8d 43 08                 leal     8(%ebx), %eax
0x06fed65b:  eb 6d                    jmp      0x6fed6ca

----------------
IN: 
0x06fed2f1:  0f b6 40 01              movzbl   1(%eax), %eax
0x06fed2f5:  31 d2                    xorl     %edx, %edx
0x06fed2f7:  b9 02 00 00 00           movl     $2, %ecx
0x06fed2fc:  eb 38                    jmp      0x6fed336

----------------
IN: 
0x06ff2ea0:  8d 52 02                 leal     2(%edx), %edx
0x06ff2ea3:  89 f8                    movl     %edi, %eax
0x06ff2ea5:  e8 11 a7 ff ff           calll    0x6fed5bb

----------------
IN: 
0x06ff2eaa:  8d 70 03                 leal     3(%eax), %esi
0x06ff2ead:  e9 c5 00 00 00           jmp      0x6ff2f77

----------------
IN: 
0x06ff2d9e:  8d 54 24 04              leal     4(%esp), %edx
0x06ff2da2:  8d 43 01                 leal     1(%ebx), %eax
0x06ff2da5:  e8 00 9c ff ff           calll    0x6fec9aa

----------------
IN: 
0x06ff2daa:  89 c6                    movl     %eax, %esi
0x06ff2dac:  8d 4c 24 08              leal     8(%esp), %ecx
0x06ff2db0:  8d 57 24                 leal     0x24(%edi), %edx
0x06ff2db3:  8d 44 03 01              leal     1(%ebx, %eax), %eax
0x06ff2db7:  e8 23 a5 ff ff           calll    0x6fed2df

----------------
IN: 
0x06fed33a:  89 03                    movl     %eax, (%ebx)
0x06fed33c:  89 53 04                 movl     %edx, 4(%ebx)
0x06fed33f:  89 c8                    movl     %ecx, %eax
0x06fed341:  5b                       popl     %ebx
0x06fed342:  c3                       retl     

----------------
IN: 
0x06ff2dbc:  89 04 24                 movl     %eax, (%esp)
0x06ff2dbf:  8b 6f 20                 movl     0x20(%edi), %ebp
0x06ff2dc2:  85 ed                    testl    %ebp, %ebp
0x06ff2dc4:  74 21                    je       0x6ff2de7

----------------
IN: 
0x06ff2dc6:  ba d9 1e 0f 00           movl     $0xf1ed9, %edx
0x06ff2dcb:  89 f8                    movl     %edi, %eax
0x06ff2dcd:  e8 fc 75 0f f9           calll    0xea3ce

----------------
IN: 
0x06ff2dd2:  85 c0                    testl    %eax, %eax
0x06ff2dd4:  75 11                    jne      0x6ff2de7

----------------
IN: 
0x06ff2de7:  8b 44 24 04              movl     4(%esp), %eax
0x06ff2deb:  8d 70 01                 leal     1(%eax), %esi
0x06ff2dee:  e9 84 01 00 00           jmp      0x6ff2f77

----------------
IN: 
0x06ff2e3b:  89 5d 1c                 movl     %ebx, 0x1c(%ebp)
0x06ff2e3e:  e9 34 01 00 00           jmp      0x6ff2f77

----------------
IN: 
0x06ff2f5d:  be 02 00 00 00           movl     $2, %esi
0x06ff2f62:  eb 13                    jmp      0x6ff2f77

----------------
IN: 
0x06fed30b:  8b 40 01                 movl     1(%eax), %eax
0x06fed30e:  31 d2                    xorl     %edx, %edx
0x06fed310:  b9 05 00 00 00           movl     $5, %ecx
0x06fed315:  eb 1f                    jmp      0x6fed336

----------------
IN: 
0x06ff2dd6:  03 34 24                 addl     (%esp), %esi
0x06ff2dd9:  8d 5c 33 01              leal     1(%ebx, %esi), %ebx
0x06ff2ddd:  89 5d 20                 movl     %ebx, 0x20(%ebp)
0x06ff2de0:  8b 44 24 08              movl     8(%esp), %eax
0x06ff2de4:  89 45 24                 movl     %eax, 0x24(%ebp)
0x06ff2de7:  8b 44 24 04              movl     4(%esp), %eax
0x06ff2deb:  8d 70 01                 leal     1(%eax), %esi
0x06ff2dee:  e9 84 01 00 00           jmp      0x6ff2f77

----------------
IN: 
0x06ff2d5a:  be 01 00 00 00           movl     $1, %esi
0x06ff2d5f:  8a 04 33                 movb     (%ebx, %esi), %al
0x06ff2d62:  46                       incl     %esi
0x06ff2d63:  84 c0                    testb    %al, %al
0x06ff2d65:  75 f8                    jne      0x6ff2d5f

----------------
IN: 
0x06ff2d5f:  8a 04 33                 movb     (%ebx, %esi), %al
0x06ff2d62:  46                       incl     %esi
0x06ff2d63:  84 c0                    testb    %al, %al
0x06ff2d65:  75 f8                    jne      0x6ff2d5f

----------------
IN: 
0x06ff2d67:  e9 0b 02 00 00           jmp      0x6ff2f77

----------------
IN: 
0x06fed65d:  0f b6 7c 1d 00           movzbl   (%ebp, %ebx), %edi
0x06fed662:  89 f9                    movl     %edi, %ecx
0x06fed664:  88 4c 24 03              movb     %cl, 3(%esp)
0x06fed668:  43                       incl     %ebx
0x06fed669:  8d 74 05 02              leal     2(%ebp, %eax), %esi
0x06fed66d:  31 ed                    xorl     %ebp, %ebp
0x06fed66f:  39 ef                    cmpl     %ebp, %edi
0x06fed671:  7e 23                    jle      0x6fed696

----------------
IN: 
0x06fed673:  85 ed                    testl    %ebp, %ebp
0x06fed675:  74 0e                    je       0x6fed685

----------------
IN: 
0x06fed685:  8d 54 24 04              leal     4(%esp), %edx
0x06fed689:  89 f0                    movl     %esi, %eax
0x06fed68b:  e8 de fe ff ff           calll    0x6fed56e

----------------
IN: 
0x06fed690:  45                       incl     %ebp
0x06fed691:  83 c6 04                 addl     $4, %esi
0x06fed694:  eb d9                    jmp      0x6fed66f

----------------
IN: 
0x06fed66f:  39 ef                    cmpl     %ebp, %edi
0x06fed671:  7e 23                    jle      0x6fed696

----------------
IN: 
0x06fed677:  8b 54 24 04              movl     4(%esp), %edx
0x06fed67b:  8d 4a 01                 leal     1(%edx), %ecx
0x06fed67e:  89 4c 24 04              movl     %ecx, 4(%esp)
0x06fed682:  c6 02 2e                 movb     $0x2e, (%edx)
0x06fed685:  8d 54 24 04              leal     4(%esp), %edx
0x06fed689:  89 f0                    movl     %esi, %eax
0x06fed68b:  e8 de fe ff ff           calll    0x6fed56e

----------------
IN: 
0x06fed696:  0f b6 74 24 03           movzbl   3(%esp), %esi
0x06fed69b:  8d 04 b3                 leal     (%ebx, %esi, 4), %eax
0x06fed69e:  eb 2a                    jmp      0x6fed6ca

----------------
IN: 
0x06ff2e94:  8d 41 7d                 leal     0x7d(%ecx), %eax
0x06ff2e97:  3c 02                    cmpb     $2, %al
0x06ff2e99:  76 17                    jbe      0x6ff2eb2

----------------
IN: 
0x06ff2df3:  8d 52 01                 leal     1(%edx), %edx
0x06ff2df6:  6a 00                    pushl    $0
0x06ff2df8:  89 f8                    movl     %edi, %eax
0x06ff2dfa:  e8 57 fe ff ff           calll    0x6ff2c56

----------------
IN: 
0x06ff2dff:  8d 70 01                 leal     1(%eax), %esi
0x06ff2e02:  e9 bd 00 00 00           jmp      0x6ff2ec4

----------------
IN: 
0x06fed590:  8a 58 02                 movb     2(%eax), %bl
0x06fed593:  80 fb 5f                 cmpb     $0x5f, %bl
0x06fed596:  74 09                    je       0x6fed5a1

----------------
IN: 
0x06ff3029:  83 c4 10                 addl     $0x10, %esp
0x06ff302c:  83 c4 2c                 addl     $0x2c, %esp
0x06ff302f:  5b                       popl     %ebx
0x06ff3030:  5e                       popl     %esi
0x06ff3031:  c3                       retl     

----------------
IN: 
0x06ff93a3:  ba e4 2d 0f 00           movl     $0xf2de4, %edx
0x06ff93a8:  31 c0                    xorl     %eax, %eax
0x06ff93aa:  e8 d6 97 ff ff           calll    0x6ff2b85

----------------
IN: 
0x06ff2b85:  57                       pushl    %edi
0x06ff2b86:  56                       pushl    %esi
0x06ff2b87:  53                       pushl    %ebx
0x06ff2b88:  83 ec 0c                 subl     $0xc, %esp
0x06ff2b8b:  89 c3                    movl     %eax, %ebx
0x06ff2b8d:  52                       pushl    %edx
0x06ff2b8e:  68 a8 1e 0f 00           pushl    $0xf1ea8
0x06ff2b93:  6a 0a                    pushl    $0xa
0x06ff2b95:  8d 74 24 0e              leal     0xe(%esp), %esi
0x06ff2b99:  56                       pushl    %esi
0x06ff2b9a:  e8 7e fd ff ff           calll    0x6ff291d

----------------
IN: 
0x06ff2b9f:  89 c7                    movl     %eax, %edi
0x06ff2ba1:  83 c4 10                 addl     $0x10, %esp
0x06ff2ba4:  85 db                    testl    %ebx, %ebx
0x06ff2ba6:  75 11                    jne      0x6ff2bb9

----------------
IN: 
0x06ff2ba8:  8b 1d 30 fd ff 06        movl     0x6fffd30, %ebx
0x06ff2bae:  85 db                    testl    %ebx, %ebx
0x06ff2bb0:  74 1b                    je       0x6ff2bcd

----------------
IN: 
0x06ff2bb2:  8b 43 18                 movl     0x18(%ebx), %eax
0x06ff2bb5:  85 c0                    testl    %eax, %eax
0x06ff2bb7:  75 04                    jne      0x6ff2bbd

----------------
IN: 
0x06ff2bb9:  8b 1b                    movl     (%ebx), %ebx
0x06ff2bbb:  eb f1                    jmp      0x6ff2bae

----------------
IN: 
0x06ff2bae:  85 db                    testl    %ebx, %ebx
0x06ff2bb0:  74 1b                    je       0x6ff2bcd

----------------
IN: 
0x06ff2bbd:  83 c0 05                 addl     $5, %eax
0x06ff2bc0:  89 f9                    movl     %edi, %ecx
0x06ff2bc2:  89 f2                    movl     %esi, %edx
0x06ff2bc4:  e8 e4 77 0f f9           calll    0xea3ad

----------------
IN: 
0x06ff2bc9:  85 c0                    testl    %eax, %eax
0x06ff2bcb:  75 ec                    jne      0x6ff2bb9

----------------
IN: 
0x06ff2bcd:  89 d8                    movl     %ebx, %eax
0x06ff2bcf:  83 c4 0c                 addl     $0xc, %esp
0x06ff2bd2:  5b                       popl     %ebx
0x06ff2bd3:  5e                       popl     %esi
0x06ff2bd4:  5f                       popl     %edi
0x06ff2bd5:  c3                       retl     

----------------
IN: 
0x06ff93af:  89 c3                    movl     %eax, %ebx
0x06ff93b1:  85 c0                    testl    %eax, %eax
0x06ff93b3:  0f 84 4f 01 00 00        je       0x6ff9508

----------------
IN: 
0x06ff9508:  66 83 3d 78 60 0f 00 40  cmpw     $0x40, 0xf6078
0x06ff9510:  74 4b                    je       0x6ff955d

----------------
IN: 
0x06ff9512:  b0 34                    movb     $0x34, %al
0x06ff9514:  e6 43                    outb     %al, $0x43

----------------
IN: 
0x06ff9516:  31 c0                    xorl     %eax, %eax
0x06ff9518:  e6 40                    outb     %al, $0x40

----------------
IN: 
0x06ff951a:  e6 40                    outb     %al, $0x40

----------------
IN: 
0x06ff951c:  b0 8a                    movb     $0x8a, %al
0x06ff951e:  e6 70                    outb     %al, $0x70

----------------
IN: 
0x06ff9520:  b0 26                    movb     $0x26, %al
0x06ff9522:  e6 71                    outb     %al, $0x71

----------------
IN: 
0x06ff9524:  b0 8b                    movb     $0x8b, %al
0x06ff9526:  e6 70                    outb     %al, $0x70

----------------
IN: 
0x06ff9528:  e4 71                    inb      $0x71, %al

----------------
IN: 
0x06ff952a:  83 e0 01                 andl     $1, %eax
0x06ff952d:  83 c8 02                 orl      $2, %eax
0x06ff9530:  e6 71                    outb     %al, $0x71

----------------
IN: 
0x06ff9532:  b0 8c                    movb     $0x8c, %al
0x06ff9534:  e6 70                    outb     %al, $0x70

----------------
IN: 
0x06ff9536:  e4 71                    inb      $0x71, %al

----------------
IN: 
0x06ff9538:  b0 8d                    movb     $0x8d, %al
0x06ff953a:  e6 70                    outb     %al, $0x70

----------------
IN: 
0x06ff953c:  e4 71                    inb      $0x71, %al

----------------
IN: 
0x06ff953e:  b0 8a                    movb     $0x8a, %al
0x06ff9540:  e6 70                    outb     %al, $0x70

----------------
IN: 
0x06ff9542:  e4 71                    inb      $0x71, %al

----------------
IN: 
0x06ff9544:  84 c0                    testb    %al, %al
0x06ff9546:  0f 89 41 01 00 00        jns      0x6ff968d

----------------
IN: 
0x06ff968d:  b0 80                    movb     $0x80, %al
0x06ff968f:  e6 70                    outb     %al, $0x70

----------------
IN: 
0x06ff9691:  e4 71                    inb      $0x71, %al

----------------
IN: 
0x06ff9693:  88 c1                    movb     %al, %cl
0x06ff9695:  b0 82                    movb     $0x82, %al
0x06ff9697:  e6 70                    outb     %al, $0x70

----------------
IN: 
0x06ff9699:  e4 71                    inb      $0x71, %al

----------------
IN: 
0x06ff969b:  88 c3                    movb     %al, %bl
0x06ff969d:  b0 84                    movb     $0x84, %al
0x06ff969f:  e6 70                    outb     %al, $0x70

----------------
IN: 
0x06ff96a1:  e4 71                    inb      $0x71, %al

----------------
IN: 
0x06ff96a3:  88 c2                    movb     %al, %dl
0x06ff96a5:  c0 ea 04                 shrb     $4, %dl
0x06ff96a8:  0f b6 d2                 movzbl   %dl, %edx
0x06ff96ab:  6b d2 0a                 imull    $0xa, %edx, %edx
0x06ff96ae:  83 e0 0f                 andl     $0xf, %eax
0x06ff96b1:  01 d0                    addl     %edx, %eax
0x06ff96b3:  6b c0 3c                 imull    $0x3c, %eax, %eax
0x06ff96b6:  88 da                    movb     %bl, %dl
0x06ff96b8:  c0 ea 04                 shrb     $4, %dl
0x06ff96bb:  0f b6 d2                 movzbl   %dl, %edx
0x06ff96be:  6b d2 0a                 imull    $0xa, %edx, %edx
0x06ff96c1:  83 e3 0f                 andl     $0xf, %ebx
0x06ff96c4:  01 da                    addl     %ebx, %edx
0x06ff96c6:  01 d0                    addl     %edx, %eax
0x06ff96c8:  6b c0 3c                 imull    $0x3c, %eax, %eax
0x06ff96cb:  88 ca                    movb     %cl, %dl
0x06ff96cd:  c0 ea 04                 shrb     $4, %dl
0x06ff96d0:  0f b6 d2                 movzbl   %dl, %edx
0x06ff96d3:  6b d2 0a                 imull    $0xa, %edx, %edx
0x06ff96d6:  83 e1 0f                 andl     $0xf, %ecx
0x06ff96d9:  01 ca                    addl     %ecx, %edx
0x06ff96db:  01 d0                    addl     %edx, %eax
0x06ff96dd:  69 c0 e8 03 00 00        imull    $0x3e8, %eax, %eax
0x06ff96e3:  ba 99 9e 36 00           movl     $0x369e99, %edx
0x06ff96e8:  f7 e2                    mull     %edx
0x06ff96ea:  05 ff ff 00 00           addl     $0xffff, %eax
0x06ff96ef:  83 d2 00                 adcl     $0, %edx
0x06ff96f2:  0f ac d0 10              shrdl    $0x10, %edx, %eax
0x06ff96f6:  c1 ea 10                 shrl     $0x10, %edx
0x06ff96f9:  05 b7 0b 00 00           addl     $0xbb7, %eax
0x06ff96fe:  b9 b8 0b 00 00           movl     $0xbb8, %ecx
0x06ff9703:  31 d2                    xorl     %edx, %edx
0x06ff9705:  f7 f1                    divl     %ecx
0x06ff9707:  a3 6c 04 00 00           movl     %eax, 0x46c
0x06ff970c:  b0 b2                    movb     $0xb2, %al
0x06ff970e:  e6 70                    outb     %al, $0x70

----------------
IN: 
0x06ff9710:  e4 71                    inb      $0x71, %al

----------------
IN: 
0x06ff9712:  a2 58 99 0e 00           movb     %al, 0xe9958
0x06ff9717:  ba a5 fe 0f 00           movl     $0xffea5, %edx
0x06ff971c:  0f b7 d2                 movzwl   %dx, %edx
0x06ff971f:  81 ca 00 00 00 f0        orl      $0xf0000000, %edx
0x06ff9725:  31 c0                    xorl     %eax, %eax
0x06ff9727:  e8 e3 3c ff ff           calll    0x6fed40f

----------------
IN: 
0x06fed43d:  89 1c 85 00 00 00 00     movl     %ebx, (, %eax, 4)
0x06fed444:  5b                       popl     %ebx
0x06fed445:  5e                       popl     %esi
0x06fed446:  c3                       retl     

----------------
IN: 
0x06ff972c:  ba 22 d4 0f 00           movl     $0xfd422, %edx
0x06ff9731:  0f b7 d2                 movzwl   %dx, %edx
0x06ff9734:  81 ca 00 00 00 f0        orl      $0xf0000000, %edx
0x06ff973a:  b8 08 00 00 00           movl     $8, %eax
0x06ff973f:  e8 cb 3c ff ff           calll    0x6fed40f

----------------
IN: 
0x06ff9744:  b8 54 50 4d 32           movl     $0x324d5054, %eax
0x06ff9749:  e8 6d 4d 0f f9           calll    0xee4bb

----------------
IN: 
0x000ee558:  83 c0 04                 addl     $4, %eax
0x000ee55b:  eb ed                    jmp      0xee54a

----------------
IN: 
0x000ee54a:  39 c8                    cmpl     %ecx, %eax
0x000ee54c:  73 20                    jae      0xee56e

----------------
IN: 
0x000ee56e:  31 db                    xorl     %ebx, %ebx
0x000ee570:  89 d8                    movl     %ebx, %eax
0x000ee572:  5b                       popl     %ebx
0x000ee573:  5e                       popl     %esi
0x000ee574:  c3                       retl     

----------------
IN: 
0x06ff974e:  85 c0                    testl    %eax, %eax
0x06ff9750:  75 13                    jne      0x6ff9765

----------------
IN: 
0x06ff9752:  b8 54 43 50 41           movl     $0x41504354, %eax
0x06ff9757:  e8 5f 4d 0f f9           calll    0xee4bb

----------------
IN: 
0x06ff975c:  85 c0                    testl    %eax, %eax
0x06ff975e:  75 1c                    jne      0x6ff977c

----------------
IN: 
0x06ff9760:  e9 0f 01 00 00           jmp      0x6ff9874

----------------
IN: 
0x06ff9874:  81 c4 88 00 00 00        addl     $0x88, %esp
0x06ff987a:  5b                       popl     %ebx
0x06ff987b:  5e                       popl     %esi
0x06ff987c:  5f                       popl     %edi
0x06ff987d:  5d                       popl     %ebp
0x06ff987e:  c3                       retl     

----------------
IN: 
0x06ffbafe:  e8 02 e7 0e f9           calll    0xea205

----------------
IN: 
0x000ea205:  31 c0                    xorl     %eax, %eax
0x000ea207:  80 3d a0 4d 0f 00 02     cmpb     $2, 0xf4da0
0x000ea20e:  75 0c                    jne      0xea21c

----------------
IN: 
0x000ea21c:  c3                       retl     

----------------
IN: 
0x06ffbb03:  85 c0                    testl    %eax, %eax
0x06ffbb05:  74 05                    je       0x6ffbb0c

----------------
IN: 
0x06ffbb0c:  68 f2 36 0f 00           pushl    $0xf36f2
0x06ffbb11:  e8 c3 13 0f f9           calll    0xeced9

----------------
IN: 
0x06ffbb16:  ba 01 00 00 00           movl     $1, %edx
0x06ffbb1b:  31 c9                    xorl     %ecx, %ecx
0x06ffbb1d:  b8 0b 37 0f 00           movl     $0xf370b, %eax
0x06ffbb22:  e8 f8 25 ff ff           calll    0x6fee11f

----------------
IN: 
0x06ffbb27:  a3 90 4d 0f 00           movl     %eax, 0xf4d90
0x06ffbb2c:  ba 01 00 00 00           movl     $1, %edx
0x06ffbb31:  31 c9                    xorl     %ecx, %ecx
0x06ffbb33:  b8 23 37 0f 00           movl     $0xf3723, %eax
0x06ffbb38:  e8 e2 25 ff ff           calll    0x6fee11f

----------------
IN: 
0x06ffbb3d:  a3 8c 4d 0f 00           movl     %eax, 0xf4d8c
0x06ffbb42:  ba 02 00 00 00           movl     $2, %edx
0x06ffbb47:  31 c9                    xorl     %ecx, %ecx
0x06ffbb49:  b8 3a 37 0f 00           movl     $0xf373a, %eax
0x06ffbb4e:  e8 cc 25 ff ff           calll    0x6fee11f

----------------
IN: 
0x06ffbb53:  a3 4c ff ff 06           movl     %eax, 0x6ffff4c
0x06ffbb58:  ba 01 00 00 00           movl     $1, %edx
0x06ffbb5d:  31 c9                    xorl     %ecx, %ecx
0x06ffbb5f:  b8 51 37 0f 00           movl     $0xf3751, %eax
0x06ffbb64:  e8 b6 25 ff ff           calll    0x6fee11f

----------------
IN: 
0x06ffbb69:  a3 88 4d 0f 00           movl     %eax, 0xf4d88
0x06ffbb6e:  e8 0e ea 0e f9           calll    0xea581

----------------
IN: 
0x000ea581:  a1 94 4d 0f 00           movl     0xf4d94, %eax
0x000ea586:  8b 40 0c                 movl     0xc(%eax), %eax
0x000ea589:  83 e8 10                 subl     $0x10, %eax
0x000ea58c:  25 00 f8 ff ff           andl     $0xfffff800, %eax
0x000ea591:  c3                       retl     

----------------
IN: 
0x06ffbb73:  8d 88 00 00 f4 ff        leal     -0xc0000(%eax), %ecx
0x06ffbb79:  31 d2                    xorl     %edx, %edx
0x06ffbb7b:  b8 00 00 0c 00           movl     $0xc0000, %eax
0x06ffbb80:  e8 4b fb 0e f9           calll    0xeb6d0

----------------
IN: 
0x06ffbb85:  a1 f8 fd ff 06           movl     0x6fffdf8, %eax
0x06ffbb8a:  8d 58 fc                 leal     -4(%eax), %ebx
0x06ffbb8d:  5d                       popl     %ebp
0x06ffbb8e:  83 fb fc                 cmpl     $-4, %ebx
0x06ffbb91:  0f 84 e2 01 00 00        je       0x6ffbd79

----------------
IN: 
0x06ffbb97:  89 d8                    movl     %ebx, %eax
0x06ffbb99:  e8 b6 08 ff ff           calll    0x6fec454

----------------
IN: 
0x06ffbb9e:  85 c0                    testl    %eax, %eax
0x06ffbba0:  75 08                    jne      0x6ffbbaa

----------------
IN: 
0x06ffbba2:  8b 5b 04                 movl     4(%ebx), %ebx
0x06ffbba5:  83 eb 04                 subl     $4, %ebx
0x06ffbba8:  eb e4                    jmp      0x6ffbb8e

----------------
IN: 
0x06ffbb8e:  83 fb fc                 cmpl     $-4, %ebx
0x06ffbb91:  0f 84 e2 01 00 00        je       0x6ffbd79

----------------
IN: 
0x06ffbbaa:  ba 66 37 0f 00           movl     $0xf3766, %edx
0x06ffbbaf:  b8 93 1b 0f 00           movl     $0xf1b93, %eax
0x06ffbbb4:  e8 15 e8 0e f9           calll    0xea3ce

----------------
IN: 
0x06ffbbb9:  85 c0                    testl    %eax, %eax
0x06ffbbbb:  75 29                    jne      0x6ffbbe6

----------------
IN: 
0x06ffbbe6:  ba 77 37 0f 00           movl     $0xf3777, %edx
0x06ffbbeb:  b8 93 1b 0f 00           movl     $0xf1b93, %eax
0x06ffbbf0:  e8 d9 e7 0e f9           calll    0xea3ce

----------------
IN: 
0x06ffbbf5:  85 c0                    testl    %eax, %eax
0x06ffbbf7:  75 17                    jne      0x6ffbc10

----------------
IN: 
0x06ffbc10:  ba 82 37 0f 00           movl     $0xf3782, %edx
0x06ffbc15:  b8 93 1b 0f 00           movl     $0xf1b93, %eax
0x06ffbc1a:  e8 af e7 0e f9           calll    0xea3ce

----------------
IN: 
0x06ffbc1f:  85 c0                    testl    %eax, %eax
0x06ffbc21:  75 29                    jne      0x6ffbc4c

----------------
IN: 
0x06ffbc4c:  ba 8f 37 0f 00           movl     $0xf378f, %edx
0x06ffbc51:  b8 93 1b 0f 00           movl     $0xf1b93, %eax
0x06ffbc56:  e8 73 e7 0e f9           calll    0xea3ce

----------------
IN: 
0x06ffbc5b:  85 c0                    testl    %eax, %eax
0x06ffbc5d:  75 29                    jne      0x6ffbc88

----------------
IN: 
0x06ffbc88:  8b 43 10                 movl     0x10(%ebx), %eax
0x06ffbc8b:  66 3d 06 11              cmpw     $0x1106, %ax
0x06ffbc8f:  0f 85 b6 00 00 00        jne      0x6ffbd4b

----------------
IN: 
0x06ffbd4b:  66 3d 86 80              cmpw     $0x8086, %ax
0x06ffbd4f:  75 18                    jne      0x6ffbd69

----------------
IN: 
0x06ffbd69:  31 c9                    xorl     %ecx, %ecx
0x06ffbd6b:  ba 01 00 00 00           movl     $1, %edx
0x06ffbd70:  89 d8                    movl     %ebx, %eax
0x06ffbd72:  e8 8a 98 ff ff           calll    0x6ff5601

----------------
IN: 
0x06ff5601:  55                       pushl    %ebp
0x06ff5602:  57                       pushl    %edi
0x06ff5603:  56                       pushl    %esi
0x06ff5604:  53                       pushl    %ebx
0x06ff5605:  83 ec 24                 subl     $0x24, %esp
0x06ff5608:  89 c3                    movl     %eax, %ebx
0x06ff560a:  89 14 24                 movl     %edx, (%esp)
0x06ff560d:  89 4c 24 04              movl     %ecx, 4(%esp)
0x06ff5611:  0f b7 40 12              movzwl   0x12(%eax), %eax
0x06ff5615:  50                       pushl    %eax
0x06ff5616:  0f b7 43 10              movzwl   0x10(%ebx), %eax
0x06ff561a:  50                       pushl    %eax
0x06ff561b:  68 85 25 0f 00           pushl    $0xf2585
0x06ff5620:  6a 11                    pushl    $0x11
0x06ff5622:  8d 74 24 23              leal     0x23(%esp), %esi
0x06ff5626:  56                       pushl    %esi
0x06ff5627:  e8 f1 d2 ff ff           calll    0x6ff291d

----------------
IN: 
0x06ff562c:  89 f0                    movl     %esi, %eax
0x06ff562e:  e8 bb 8a ff ff           calll    0x6fee0ee

----------------
IN: 
0x06ff5633:  89 c5                    movl     %eax, %ebp
0x06ff5635:  83 c4 14                 addl     $0x14, %esp
0x06ff5638:  85 c0                    testl    %eax, %eax
0x06ff563a:  74 07                    je       0x6ff5643

----------------
IN: 
0x06ff5643:  83 3d 4c ff ff 06 01     cmpl     $1, 0x6ffff4c
0x06ff564a:  7f 10                    jg       0x6ff565c

----------------
IN: 
0x06ff565c:  89 d8                    movl     %ebx, %eax
0x06ff565e:  e8 20 a6 ff ff           calll    0x6fefc83

----------------
IN: 
0x06fefc83:  55                       pushl    %ebp
0x06fefc84:  57                       pushl    %edi
0x06fefc85:  56                       pushl    %esi
0x06fefc86:  53                       pushl    %ebx
0x06fefc87:  51                       pushl    %ecx
0x06fefc88:  f6 40 18 7f              testb    $0x7f, 0x18(%eax)
0x06fefc8c:  0f 85 2b 01 00 00        jne      0x6fefdbd

----------------
IN: 
0x06fefc92:  89 c7                    movl     %eax, %edi
0x06fefc94:  0f b7 30                 movzwl   (%eax), %esi
0x06fefc97:  ba 30 00 00 00           movl     $0x30, %edx
0x06fefc9c:  89 f0                    movl     %esi, %eax
0x06fefc9e:  e8 0e a8 0f f9           calll    0xea4b1

----------------
IN: 
0x06fefca3:  89 c3                    movl     %eax, %ebx
0x06fefca5:  b9 fe ff ff ff           movl     $0xfffffffe, %ecx
0x06fefcaa:  ba 30 00 00 00           movl     $0x30, %edx
0x06fefcaf:  89 f0                    movl     %esi, %eax
0x06fefcb1:  e8 3e a7 0f f9           calll    0xea3f4

----------------
IN: 
0x06fefcb6:  ba 30 00 00 00           movl     $0x30, %edx
0x06fefcbb:  89 f0                    movl     %esi, %eax
0x06fefcbd:  e8 ef a7 0f f9           calll    0xea4b1

----------------
IN: 
0x06fefcc2:  89 dd                    movl     %ebx, %ebp
0x06fefcc4:  83 e5 fe                 andl     $0xfffffffe, %ebp
0x06fefcc7:  8d 50 ff                 leal     -1(%eax), %edx
0x06fefcca:  83 fa fd                 cmpl     $-3, %edx
0x06fefccd:  0f 87 dc 00 00 00        ja       0x6fefdaf

----------------
IN: 
0x06fefcd3:  39 e8                    cmpl     %ebp, %eax
0x06fefcd5:  0f 84 d4 00 00 00        je       0x6fefdaf

----------------
IN: 
0x06fefcdb:  8d 85 00 00 40 00        leal     0x400000(%ebp), %eax
0x06fefce1:  3d ff ff 3f 01           cmpl     $0x13fffff, %eax
0x06fefce6:  0f 86 c3 00 00 00        jbe      0x6fefdaf

----------------
IN: 
0x06fefcec:  89 d9                    movl     %ebx, %ecx
0x06fefcee:  83 c9 01                 orl      $1, %ecx
0x06fefcf1:  ba 30 00 00 00           movl     $0x30, %edx
0x06fefcf6:  89 f0                    movl     %esi, %eax
0x06fefcf8:  e8 f7 a6 0f f9           calll    0xea3f4

----------------
IN: 
0x06fefcfd:  89 ea                    movl     %ebp, %edx
0x06fefcff:  66 81 3a 55 aa           cmpw     $0xaa55, (%edx)
0x06fefd04:  0f 85 a5 00 00 00        jne      0x6fefdaf

----------------
IN: 
0x06fefd0a:  0f b7 5a 18              movzwl   0x18(%edx), %ebx
0x06fefd0e:  89 d8                    movl     %ebx, %eax
0x06fefd10:  01 d3                    addl     %edx, %ebx
0x06fefd12:  81 3b 50 43 49 52        cmpl     $0x52494350, (%ebx)
0x06fefd18:  0f 85 91 00 00 00        jne      0x6fefdaf

----------------
IN: 
0x06fefd1e:  a8 03                    testb    $3, %al
0x06fefd20:  74 1d                    je       0x6fefd3f

----------------
IN: 
0x06fefd3f:  85 db                    testl    %ebx, %ebx
0x06fefd41:  74 6c                    je       0x6fefdaf

----------------
IN: 
0x06fefd43:  8b 47 10                 movl     0x10(%edi), %eax
0x06fefd46:  66 39 43 04              cmpw     %ax, 4(%ebx)
0x06fefd4a:  75 10                    jne      0x6fefd5c

----------------
IN: 
0x06fefd4c:  66 8b 47 12              movw     0x12(%edi), %ax
0x06fefd50:  66 39 43 06              cmpw     %ax, 6(%ebx)
0x06fefd54:  75 06                    jne      0x6fefd5c

----------------
IN: 
0x06fefd56:  80 7b 14 00              cmpb     $0, 0x14(%ebx)
0x06fefd5a:  74 11                    je       0x6fefd6d

----------------
IN: 
0x06fefd6d:  0f b6 7a 02              movzbl   2(%edx), %edi
0x06fefd71:  89 14 24                 movl     %edx, (%esp)
0x06fefd74:  c1 e7 09                 shll     $9, %edi
0x06fefd77:  89 f8                    movl     %edi, %eax
0x06fefd79:  e8 14 c6 ff ff           calll    0x6fec392

----------------
IN: 
0x06fec392:  53                       pushl    %ebx
0x06fec393:  8b 15 60 fe ff 06        movl     0x6fffe60, %edx
0x06fec399:  8d 8c 02 ff 07 00 00     leal     0x7ff(%edx, %eax), %ecx
0x06fec3a0:  81 e1 00 f8 ff ff        andl     $0xfffff800, %ecx
0x06fec3a6:  e8 d6 e1 0f f9           calll    0xea581

----------------
IN: 
0x06fec3ab:  39 c8                    cmpl     %ecx, %eax
0x06fec3ad:  72 1b                    jb       0x6fec3ca

----------------
IN: 
0x06fec3af:  8b 1d 94 4d 0f 00        movl     0xf4d94, %ebx
0x06fec3b5:  b8 00 a8 0d 00           movl     $0xda800, %eax
0x06fec3ba:  39 c8                    cmpl     %ecx, %eax
0x06fec3bc:  73 02                    jae      0x6fec3c0

----------------
IN: 
0x06fec3c0:  83 c0 10                 addl     $0x10, %eax
0x06fec3c3:  89 43 08                 movl     %eax, 8(%ebx)
0x06fec3c6:  89 d0                    movl     %edx, %eax
0x06fec3c8:  eb 02                    jmp      0x6fec3cc

----------------
IN: 
0x06fec3cc:  5b                       popl     %ebx
0x06fec3cd:  c3                       retl     

----------------
IN: 
0x06fefd7e:  89 c3                    movl     %eax, %ebx
0x06fefd80:  85 c0                    testl    %eax, %eax
0x06fefd82:  8b 14 24                 movl     (%esp), %edx
0x06fefd85:  75 11                    jne      0x6fefd98

----------------
IN: 
0x06fefd98:  89 f9                    movl     %edi, %ecx
0x06fefd9a:  e8 3a e4 ff ff           calll    0x6fee1d9

----------------
IN: 
0x06fee1d9:  55                       pushl    %ebp
0x06fee1da:  57                       pushl    %edi
0x06fee1db:  56                       pushl    %esi
0x06fee1dc:  53                       pushl    %ebx
0x06fee1dd:  89 c3                    movl     %eax, %ebx
0x06fee1df:  89 d6                    movl     %edx, %esi
0x06fee1e1:  89 cd                    movl     %ecx, %ebp
0x06fee1e3:  e8 03 e9 0f f9           calll    0xecaeb

----------------
IN: 
0x000ffea5:  66 68 fc f0 00 00        pushl    $0xf0fc
0x000ffeab:  e9 33 d4                 jmp      0xfd2e1

----------------
IN: 
0x000fd2e1:  fa                       cli      
0x000fd2e2:  fc                       cld      
0x000fd2e3:  1e                       pushw    %ds
0x000fd2e4:  66 50                    pushl    %eax
0x000fd2e6:  66 b8 80 da 00 00        movl     $0xda80, %eax
0x000fd2ec:  8e d8                    movw     %ax, %ds
0x000fd2ee:  66 a1 b0 f1              movl     0xf1b0, %eax
0x000fd2f2:  66 83 e8 28              subl     $0x28, %eax
0x000fd2f6:  67 66 8f 40 1c           popl     0x1c(%eax)
0x000fd2fb:  67 8f 00                 popw     (%eax)
0x000fd2fe:  67 66 89 78 04           movl     %edi, 4(%eax)
0x000fd303:  67 66 89 70 08           movl     %esi, 8(%eax)
0x000fd308:  67 66 89 68 0c           movl     %ebp, 0xc(%eax)
0x000fd30d:  67 66 89 58 10           movl     %ebx, 0x10(%eax)
0x000fd312:  67 66 89 50 14           movl     %edx, 0x14(%eax)
0x000fd317:  67 66 89 48 18           movl     %ecx, 0x18(%eax)
0x000fd31c:  67 8c 40 02              movw     %es, 2(%eax)
0x000fd320:  66 59                    popl     %ecx
0x000fd322:  67 66 89 60 20           movl     %esp, 0x20(%eax)
0x000fd327:  67 8c 50 24              movw     %ss, 0x24(%eax)
0x000fd32b:  8c da                    movw     %ds, %dx
0x000fd32d:  8e d2                    movw     %dx, %ss

----------------
IN: 
0x000fd32f:  66 89 c4                 movl     %eax, %esp

----------------
IN: 
0x000fd332:  66 ff d1                 calll    *%ecx

----------------
IN: 
0x000ff0fc:  66 55                    pushl    %ebp
0x000ff0fe:  66 57                    pushl    %edi
0x000ff100:  66 56                    pushl    %esi
0x000ff102:  66 53                    pushl    %ebx
0x000ff104:  66 83 ec 3c              subl     $0x3c, %esp
0x000ff108:  66 b8 40 00 00 00        movl     $0x40, %eax
0x000ff10e:  8e c0                    movw     %ax, %es
0x000ff110:  26 66 a1 6c 00           movl     %es:0x6c, %eax
0x000ff115:  66 40                    incl     %eax
0x000ff117:  66 3d af 00 18 00        cmpl     $0x1800af, %eax
0x000ff11d:  76 0d                    jbe      0xff12c

----------------
IN: 
0x000ff12c:  66 ba 40 00 00 00        movl     $0x40, %edx
0x000ff132:  8e c2                    movw     %dx, %es
0x000ff134:  26 66 a3 6c 00           movl     %eax, %es:0x6c
0x000ff139:  8e c2                    movw     %dx, %es
0x000ff13b:  26 a0 40 00              movb     %es:0x40, %al
0x000ff13f:  84 c0                    testb    %al, %al
0x000ff141:  74 19                    je       0xff15c

----------------
IN: 
0x000ff15c:  2e 66 8b 36 70 60        movl     %cs:0x6070, %esi
0x000ff162:  66 85 f6                 testl    %esi, %esi
0x000ff165:  0f 84 ac 01              je       0xff315

----------------
IN: 
0x000ff315:  2e 66 8b 2e 6c 60        movl     %cs:0x606c, %ebp
0x000ff31b:  66 85 ed                 testl    %ebp, %ebp
0x000ff31e:  0f 84 81 00              je       0xff3a3

----------------
IN: 
0x000ff3a3:  66 be 80 da 00 00        movl     $0xda80, %esi
0x000ff3a9:  8e c6                    movw     %si, %es
0x000ff3ab:  26 8b 1e 74 f1           movw     %es:0xf174, %bx
0x000ff3b0:  85 db                    testw    %bx, %bx
0x000ff3b2:  0f 84 4e 01              je       0xff504

----------------
IN: 
0x000ff504:  66 b9 26 00 00 00        movl     $0x26, %ecx
0x000ff50a:  66 31 d2                 xorl     %edx, %edx
0x000ff50d:  67 66 8d 44 24 16        leal     0x16(%esp), %eax
0x000ff513:  66 e8 27 7c ff ff        calll    0xf7140

----------------
IN: 
0x000f7140:  66 49                    decl     %ecx
0x000f7142:  67 88 14 08              movb     %dl, (%eax, %ecx)
0x000f7146:  75 f8                    jne      0xf7140

----------------
IN: 
0x000f7148:  66 c3                    retl     

----------------
IN: 
0x000ff519:  67 c7 44 24 3a 00 02     movw     $0x200, 0x3a(%esp)
0x000ff520:  66 ba 50 ff 00 00        movl     $0xff50, %edx
0x000ff526:  66 0f b7 d2              movzwl   %dx, %edx
0x000ff52a:  66 e8 62 8c ff ff        calll    0xf8192

----------------
IN: 
0x000f8192:  67 89 50 20              movw     %dx, 0x20(%eax)
0x000f8196:  8c ca                    movw     %cs, %dx
0x000f8198:  67 89 50 22              movw     %dx, 0x22(%eax)
0x000f819c:  8c d2                    movw     %ss, %dx
0x000f819e:  66 0f b7 d2              movzwl   %dx, %edx
0x000f81a2:  e9 ac ff                 jmp      0xf8151

----------------
IN: 
0x000f8151:  66 57                    pushl    %edi
0x000f8153:  66 56                    pushl    %esi
0x000f8155:  66 53                    pushl    %ebx
0x000f8157:  66 89 c3                 movl     %eax, %ebx
0x000f815a:  66 89 d1                 movl     %edx, %ecx
0x000f815d:  66 e8 ab ea ff ff        calll    0xf6c0e

----------------
IN: 
0x000f6c1f:  66 89 e0                 movl     %esp, %eax
0x000f6c22:  66 31 d2                 xorl     %edx, %edx
0x000f6c25:  66 3d b8 f1 00 00        cmpl     $0xf1b8, %eax
0x000f6c2b:  0f 97 c2                 seta     %dl
0x000f6c2e:  66 89 d0                 movl     %edx, %eax
0x000f6c31:  66 c3                    retl     

----------------
IN: 
0x000f8163:  66 85 c0                 testl    %eax, %eax
0x000f8166:  74 16                    je       0xf817e

----------------
IN: 
0x000f8168:  66 0f b7 d1              movzwl   %cx, %edx
0x000f816c:  66 b9 51 81 00 00        movl     $0x8151, %ecx
0x000f8172:  66 89 d8                 movl     %ebx, %eax
0x000f8175:  66 5b                    popl     %ebx
0x000f8177:  66 5e                    popl     %esi
0x000f8179:  66 5f                    popl     %edi
0x000f817b:  e9 cc ef                 jmp      0xf714a

----------------
IN: 
0x000f714a:  66 57                    pushl    %edi
0x000f714c:  66 56                    pushl    %esi
0x000f714e:  66 53                    pushl    %ebx
0x000f7150:  66 89 c6                 movl     %eax, %esi
0x000f7153:  66 89 d3                 movl     %edx, %ebx
0x000f7156:  66 e8 b2 fa ff ff        calll    0xf6c0e

----------------
IN: 
0x000f715c:  66 85 c0                 testl    %eax, %eax
0x000f715f:  75 0f                    jne      0xf7170

----------------
IN: 
0x000f7170:  66 89 f0                 movl     %esi, %eax
0x000f7173:  66 89 da                 movl     %ebx, %edx
0x000f7176:  66 8b 36 b0 f1           movl     0xf1b0, %esi
0x000f717b:  8c d3                    movw     %ss, %bx
0x000f717d:  66 89 26 b0 f1           movl     %esp, 0xf1b0
0x000f7182:  67 66 8b 7e fc           movl     -4(%esi), %edi
0x000f7187:  8e d7                    movw     %di, %ss

----------------
IN: 
0x000f7189:  67 8b 66 f8              movw     -8(%esi), %sp

----------------
IN: 
0x000f718d:  8e df                    movw     %di, %ds
0x000f718f:  66 ff d1                 calll    *%ecx

----------------
IN: 
0x000f817e:  66 89 d8                 movl     %ebx, %eax
0x000f8181:  66 89 ca                 movl     %ecx, %edx
0x000f8184:  66 e8 37 4e 00 00        calll    0xfcfc1

----------------
IN: 
0x000fcfc1:  66 55                    pushl    %ebp
0x000fcfc3:  66 50                    pushl    %eax
0x000fcfc5:  66 52                    pushl    %edx
0x000fcfc7:  8e da                    movw     %dx, %ds
0x000fcfc9:  0e                       pushw    %cs
0x000fcfca:  68 03 d0                 pushw    $0xd003
0x000fcfcd:  67 ff 70 24              pushw    0x24(%eax)
0x000fcfd1:  67 66 ff 70 20           pushl    0x20(%eax)
0x000fcfd6:  67 66 8b 78 04           movl     4(%eax), %edi
0x000fcfdb:  67 66 8b 70 08           movl     8(%eax), %esi
0x000fcfe0:  67 66 8b 68 0c           movl     0xc(%eax), %ebp
0x000fcfe5:  67 66 8b 58 10           movl     0x10(%eax), %ebx
0x000fcfea:  67 66 8b 50 14           movl     0x14(%eax), %edx
0x000fcfef:  67 66 8b 48 18           movl     0x18(%eax), %ecx
0x000fcff4:  67 8e 40 02              movw     2(%eax), %es
0x000fcff8:  67 66 ff 70 1c           pushl    0x1c(%eax)
0x000fcffd:  67 8e 18                 movw     (%eax), %ds

----------------
IN: 
0x000fd000:  66 58                    popl     %eax
0x000fd002:  cf                       iretw    

----------------
IN: 
0x000fff50:  cd 1c                    int      $0x1c

----------------
IN: 
0x000fff53:  cf                       iretw    

----------------
IN: 
0x000fff52:  cb                       lretw    

----------------
IN: 
0x000fd003:  9c                       pushfw   
0x000fd004:  fa                       cli      
0x000fd005:  fc                       cld      
0x000fd006:  1e                       pushw    %ds
0x000fd007:  66 50                    pushl    %eax
0x000fd009:  67 8e 5c 24 08           movw     8(%esp), %ds
0x000fd00e:  67 66 8b 44 24 0c        movl     0xc(%esp), %eax
0x000fd014:  67 66 8f 40 1c           popl     0x1c(%eax)
0x000fd019:  67 8f 00                 popw     (%eax)
0x000fd01c:  67 66 89 78 04           movl     %edi, 4(%eax)
0x000fd021:  67 66 89 70 08           movl     %esi, 8(%eax)
0x000fd026:  67 66 89 68 0c           movl     %ebp, 0xc(%eax)
0x000fd02b:  67 66 89 58 10           movl     %ebx, 0x10(%eax)
0x000fd030:  67 66 89 50 14           movl     %edx, 0x14(%eax)
0x000fd035:  67 66 89 48 18           movl     %ecx, 0x18(%eax)
0x000fd03a:  67 8c 40 02              movw     %es, 2(%eax)
0x000fd03e:  67 8f 40 24              popw     0x24(%eax)
0x000fd042:  8c d1                    movw     %ss, %cx
0x000fd044:  8e d9                    movw     %cx, %ds
0x000fd046:  66 5a                    popl     %edx
0x000fd048:  66 58                    popl     %eax
0x000fd04a:  66 5d                    popl     %ebp
0x000fd04c:  66 c3                    retl     

----------------
IN: 
0x000f818a:  66 5b                    popl     %ebx
0x000f818c:  66 5e                    popl     %esi
0x000f818e:  66 5f                    popl     %edi
0x000f8190:  66 c3                    retl     

----------------
IN: 
0x000f7192:  8e db                    movw     %bx, %ds
0x000f7194:  8e d3                    movw     %bx, %ss

----------------
IN: 
0x000f7196:  66 8b 26 b0 f1           movl     0xf1b0, %esp

----------------
IN: 
0x000f719b:  66 89 36 b0 f1           movl     %esi, 0xf1b0
0x000f71a0:  66 5b                    popl     %ebx
0x000f71a2:  66 5e                    popl     %esi
0x000f71a4:  66 5f                    popl     %edi
0x000f71a6:  66 c3                    retl     

----------------
IN: 
0x000ff530:  b0 20                    movb     $0x20, %al
0x000ff532:  e6 20                    outb     %al, $0x20

----------------
IN: 
0x000ff534:  66 83 c4 3c              addl     $0x3c, %esp
0x000ff538:  66 5b                    popl     %ebx
0x000ff53a:  66 5e                    popl     %esi
0x000ff53c:  66 5f                    popl     %edi
0x000ff53e:  66 5d                    popl     %ebp
0x000ff540:  66 c3                    retl     

----------------
IN: 
0x000fd335:  66 89 e0                 movl     %esp, %eax
0x000fd338:  67 8e 50 24              movw     0x24(%eax), %ss

----------------
IN: 
0x000fd33c:  67 66 8b 60 20           movl     0x20(%eax), %esp

----------------
IN: 
0x000fd341:  67 66 8b 78 04           movl     4(%eax), %edi
0x000fd346:  67 66 8b 70 08           movl     8(%eax), %esi
0x000fd34b:  67 66 8b 68 0c           movl     0xc(%eax), %ebp
0x000fd350:  67 66 8b 58 10           movl     0x10(%eax), %ebx
0x000fd355:  67 66 8b 50 14           movl     0x14(%eax), %edx
0x000fd35a:  67 66 8b 48 18           movl     0x18(%eax), %ecx
0x000fd35f:  67 8e 40 02              movw     2(%eax), %es
0x000fd363:  67 66 ff 70 1c           pushl    0x1c(%eax)
0x000fd368:  67 8e 18                 movw     (%eax), %ds
0x000fd36b:  66 58                    popl     %eax
0x000fd36d:  cf                       iretw    

----------------
IN: 
0x06fee1e8:  83 fd 03                 cmpl     $3, %ebp
0x06fee1eb:  76 21                    jbe      0x6fee20e

----------------
IN: 
0x06fee1ed:  89 e8                    movl     %ebp, %eax
0x06fee1ef:  81 fd 00 08 00 00        cmpl     $0x800, %ebp
0x06fee1f5:  76 05                    jbe      0x6fee1fc

----------------
IN: 
0x06fee1f7:  b8 00 08 00 00           movl     $0x800, %eax
0x06fee1fc:  89 c1                    movl     %eax, %ecx
0x06fee1fe:  c1 e9 02                 shrl     $2, %ecx
0x06fee201:  83 e0 fc                 andl     $0xfffffffc, %eax
0x06fee204:  29 c5                    subl     %eax, %ebp
0x06fee206:  89 df                    movl     %ebx, %edi
0x06fee208:  f3 a5                    rep movsl (%esi), %es:(%edi)

----------------
IN: 
0x06fee20a:  89 fb                    movl     %edi, %ebx
0x06fee20c:  eb d5                    jmp      0x6fee1e3

----------------
IN: 
0x06fee1e3:  e8 03 e9 0f f9           calll    0xecaeb

----------------
IN: 
0x06fee1fc:  89 c1                    movl     %eax, %ecx
0x06fee1fe:  c1 e9 02                 shrl     $2, %ecx
0x06fee201:  83 e0 fc                 andl     $0xfffffffc, %eax
0x06fee204:  29 c5                    subl     %eax, %ebp
0x06fee206:  89 df                    movl     %ebx, %edi
0x06fee208:  f3 a5                    rep movsl (%esi), %es:(%edi)

----------------
IN: 
0x06fee20e:  85 ed                    testl    %ebp, %ebp
0x06fee210:  74 06                    je       0x6fee218

----------------
IN: 
0x06fee218:  5b                       popl     %ebx
0x06fee219:  5e                       popl     %esi
0x06fee21a:  5f                       popl     %edi
0x06fee21b:  5d                       popl     %ebp
0x06fee21c:  c3                       retl     

----------------
IN: 
0x06fefd9f:  89 e9                    movl     %ebp, %ecx
0x06fefda1:  ba 30 00 00 00           movl     $0x30, %edx
0x06fefda6:  89 f0                    movl     %esi, %eax
0x06fefda8:  e8 47 a6 0f f9           calll    0xea3f4

----------------
IN: 
0x06fefdad:  eb 10                    jmp      0x6fefdbf

----------------
IN: 
0x06fefdbf:  89 d8                    movl     %ebx, %eax
0x06fefdc1:  5a                       popl     %edx
0x06fefdc2:  5b                       popl     %ebx
0x06fefdc3:  5e                       popl     %esi
0x06fefdc4:  5f                       popl     %edi
0x06fefdc5:  5d                       popl     %ebp
0x06fefdc6:  c3                       retl     

----------------
IN: 
0x06ff5663:  85 c0                    testl    %eax, %eax
0x06ff5665:  0f 84 b5 00 00 00        je       0x6ff5720

----------------
IN: 
0x06ff566b:  8b 3d 64 00 00 00        movl     0x64, %edi
0x06ff5671:  89 7c 24 08              movl     %edi, 8(%esp)
0x06ff5675:  bf f2 e6 0f 00           movl     $0xfe6f2, %edi
0x06ff567a:  0f b7 d7                 movzwl   %di, %edx
0x06ff567d:  81 ca 00 00 00 f0        orl      $0xf0000000, %edx
0x06ff5683:  89 54 24 0c              movl     %edx, 0xc(%esp)
0x06ff5687:  0f b7 70 1a              movzwl   0x1a(%eax), %esi
0x06ff568b:  01 c6                    addl     %eax, %esi
0x06ff568d:  81 3e 24 50 6e 50        cmpl     $0x506e5024, (%esi)
0x06ff5693:  74 02                    je       0x6ff5697

----------------
IN: 
0x06ff5695:  31 f6                    xorl     %esi, %esi
0x06ff5697:  83 7c 24 04 00           cmpl     $0, 4(%esp)
0x06ff569c:  74 18                    je       0x6ff56b6

----------------
IN: 
0x06ff56b6:  0f b7 13                 movzwl   (%ebx), %edx
0x06ff56b9:  8b 0c 24                 movl     (%esp), %ecx
0x06ff56bc:  89 44 24 04              movl     %eax, 4(%esp)
0x06ff56c0:  e8 e9 fd ff ff           calll    0x6ff54ae

----------------
IN: 
0x06ff54ae:  55                       pushl    %ebp
0x06ff54af:  57                       pushl    %edi
0x06ff54b0:  56                       pushl    %esi
0x06ff54b1:  53                       pushl    %ebx
0x06ff54b2:  83 ec 24                 subl     $0x24, %esp
0x06ff54b5:  89 c7                    movl     %eax, %edi
0x06ff54b7:  89 d6                    movl     %edx, %esi
0x06ff54b9:  89 cd                    movl     %ecx, %ebp
0x06ff54bb:  e8 49 8f 0f f9           calll    0xee409

----------------
IN: 
0x000ee409:  66 81 38 55 aa           cmpw     $0xaa55, (%eax)
0x000ee40e:  75 44                    jne      0xee454

----------------
IN: 
0x000ee410:  56                       pushl    %esi
0x000ee411:  53                       pushl    %ebx
0x000ee412:  89 c6                    movl     %eax, %esi
0x000ee414:  0f b6 58 02              movzbl   2(%eax), %ebx
0x000ee418:  31 c0                    xorl     %eax, %eax
0x000ee41a:  84 db                    testb    %bl, %bl
0x000ee41c:  74 39                    je       0xee457

----------------
IN: 
0x000ee41e:  c1 e3 09                 shll     $9, %ebx
0x000ee421:  89 da                    movl     %ebx, %edx
0x000ee423:  89 f0                    movl     %esi, %eax
0x000ee425:  e8 d3 d1 ff ff           calll    0xeb5fd

----------------
IN: 
0x000ee42a:  0f b6 d0                 movzbl   %al, %edx
0x000ee42d:  b8 01 00 00 00           movl     $1, %eax
0x000ee432:  84 d2                    testb    %dl, %dl
0x000ee434:  74 21                    je       0xee457

----------------
IN: 
0x000ee457:  5b                       popl     %ebx
0x000ee458:  5e                       popl     %esi
0x000ee459:  c3                       retl     

----------------
IN: 
0x06ff54c0:  85 c0                    testl    %eax, %eax
0x06ff54c2:  0f 84 e7 00 00 00        je       0x6ff55af

----------------
IN: 
0x06ff54c8:  0f b6 4f 02              movzbl   2(%edi), %ecx
0x06ff54cc:  c1 e1 09                 shll     $9, %ecx
0x06ff54cf:  89 c8                    movl     %ecx, %eax
0x06ff54d1:  89 0c 24                 movl     %ecx, (%esp)
0x06ff54d4:  e8 b9 6e ff ff           calll    0x6fec392

----------------
IN: 
0x06ff54d9:  89 c3                    movl     %eax, %ebx
0x06ff54db:  85 c0                    testl    %eax, %eax
0x06ff54dd:  8b 0c 24                 movl     (%esp), %ecx
0x06ff54e0:  75 0f                    jne      0x6ff54f1

----------------
IN: 
0x06ff54f1:  39 c7                    cmpl     %eax, %edi
0x06ff54f3:  74 07                    je       0x6ff54fc

----------------
IN: 
0x06ff54fc:  80 3d 21 99 0e 00 00     cmpb     $0, 0xe9921
0x06ff5503:  74 4c                    je       0x6ff5551

----------------
IN: 
0x06ff5551:  85 ed                    testl    %ebp, %ebp
0x06ff5553:  75 0d                    jne      0x6ff5562

----------------
IN: 
0x06ff5562:  0f b7 ce                 movzwl   %si, %ecx
0x06ff5565:  ba 03 00 00 00           movl     $3, %edx
0x06ff556a:  89 d8                    movl     %ebx, %eax
0x06ff556c:  e8 d5 99 0f f9           calll    0xeef46

----------------
IN: 
0x000eef46:  57                       pushl    %edi
0x000eef47:  56                       pushl    %esi
0x000eef48:  53                       pushl    %ebx
0x000eef49:  83 ec 28                 subl     $0x28, %esp
0x000eef4c:  89 d6                    movl     %edx, %esi
0x000eef4e:  89 cf                    movl     %ecx, %edi
0x000eef50:  c1 e8 04                 shrl     $4, %eax
0x000eef53:  89 c3                    movl     %eax, %ebx
0x000eef55:  0f b7 c2                 movzwl   %dx, %eax
0x000eef58:  50                       pushl    %eax
0x000eef59:  0f b7 c3                 movzwl   %bx, %eax
0x000eef5c:  50                       pushl    %eax
0x000eef5d:  68 64 25 0f 00           pushl    $0xf2564
0x000eef62:  e8 72 df ff ff           calll    0xeced9

----------------
IN: 
0x000eef67:  b9 26 00 00 00           movl     $0x26, %ecx
0x000eef6c:  31 d2                    xorl     %edx, %edx
0x000eef6e:  8d 44 24 0e              leal     0xe(%esp), %eax
0x000eef72:  e8 59 c7 ff ff           calll    0xeb6d0

----------------
IN: 
0x000eef77:  66 c7 44 24 32 00 02     movw     $0x200, 0x32(%esp)
0x000eef7e:  66 89 7c 24 2a           movw     %di, 0x2a(%esp)
0x000eef83:  66 c7 44 24 1e ff ff     movw     $0xffff, 0x1e(%esp)
0x000eef8a:  66 c7 44 24 22 ff ff     movw     $0xffff, 0x22(%esp)
0x000eef91:  66 c7 44 24 10 00 f0     movw     $0xf000, 0x10(%esp)
0x000eef98:  b8 a0 60 0f 00           movl     $0xf60a0, %eax
0x000eef9d:  66 89 44 24 12           movw     %ax, 0x12(%esp)
0x000eefa2:  66 89 74 24 2e           movw     %si, 0x2e(%esp)
0x000eefa7:  66 89 5c 24 30           movw     %bx, 0x30(%esp)
0x000eefac:  e8 9c ce ff ff           calll    0xebe4d

----------------
IN: 
0x000ebe4d:  e8 b3 e3 ff ff           calll    0xea205

----------------
IN: 
0x000ebe52:  85 c0                    testl    %eax, %eax
0x000ebe54:  74 2e                    je       0xebe84

----------------
IN: 
0x000ebe84:  c3                       retl     

----------------
IN: 
0x000eefb1:  b8 01 00 00 00           movl     $1, %eax
0x000eefb6:  e8 4d d9 ff ff           calll    0xec908

----------------
IN: 
0x000eefbb:  b9 51 81 0f 00           movl     $0xf8151, %ecx
0x000eefc0:  31 d2                    xorl     %edx, %edx
0x000eefc2:  8d 44 24 0e              leal     0xe(%esp), %eax
0x000eefc6:  e8 7e da ff ff           calll    0xeca49

----------------
IN: 
0x000c0003:  e9 c9 55                 jmp      0xc55cf

----------------
IN: 
0x000c55cf:  fa                       cli      
0x000c55d0:  fc                       cld      
0x000c55d1:  66 50                    pushl    %eax
0x000c55d3:  66 51                    pushl    %ecx
0x000c55d5:  66 52                    pushl    %edx
0x000c55d7:  66 53                    pushl    %ebx
0x000c55d9:  66 55                    pushl    %ebp
0x000c55db:  66 56                    pushl    %esi
0x000c55dd:  66 57                    pushl    %edi
0x000c55df:  06                       pushw    %es
0x000c55e0:  1e                       pushw    %ds
0x000c55e1:  8c d0                    movw     %ss, %ax
0x000c55e3:  8e d8                    movw     %ax, %ds
0x000c55e5:  66 89 e3                 movl     %esp, %ebx
0x000c55e8:  66 0f b7 e4              movzwl   %sp, %esp
0x000c55ec:  66 89 e0                 movl     %esp, %eax
0x000c55ef:  50                       pushw    %ax
0x000c55f0:  e8 87 df                 callw    0xc357a

----------------
IN: 
0x000c357a:  66 55                    pushl    %ebp
0x000c357c:  66 89 e5                 movl     %esp, %ebp
0x000c357f:  66 57                    pushl    %edi
0x000c3581:  66 56                    pushl    %esi
0x000c3583:  66 53                    pushl    %ebx
0x000c3585:  66 83 ec 1c              subl     $0x1c, %esp
0x000c3589:  66 89 c3                 movl     %eax, %ebx
0x000c358c:  66 68 e8 98 00 00        pushl    $0x98e8
0x000c3592:  66 68 b8 57 00 00        pushl    $0x57b8
0x000c3598:  50                       pushw    %ax
0x000c3599:  e8 e3 ee                 callw    0xc247f

----------------
IN: 
0x000c247f:  66 55                    pushl    %ebp
0x000c2481:  66 89 e5                 movl     %esp, %ebp
0x000c2484:  66 57                    pushl    %edi
0x000c2486:  66 56                    pushl    %esi
0x000c2488:  66 53                    pushl    %ebx
0x000c248a:  66 83 ec 0c              subl     $0xc, %esp
0x000c248e:  67 66 8b 7d 08           movl     8(%ebp), %edi
0x000c2493:  66 89 eb                 movl     %ebp, %ebx
0x000c2496:  9c                       pushfw   
0x000c2497:  66 83 c3 0c              addl     $0xc, %ebx
0x000c249b:  9d                       popfw    

----------------
IN: 
0x000c249c:  2e 67 8a 07              movb     %cs:(%edi), %al
0x000c24a0:  84 c0                    testb    %al, %al
0x000c24a2:  0f 84 94 02              je       0xc273a

----------------
IN: 
0x000c24a6:  3c 25                    cmpb     $0x25, %al
0x000c24a8:  75 13                    jne      0xc24bd

----------------
IN: 
0x000c24bd:  66 0f be c0              movsbl   %al, %eax
0x000c24c1:  e9 5e 02                 jmp      0xc2722

----------------
IN: 
0x000c2722:  50                       pushw    %ax
0x000c2723:  e8 fc d8                 callw    0xc0022

----------------
IN: 
0x000c0022:  2e 8b 16 00 99           movw     %cs:0x9900, %dx
0x000c0027:  85 d2                    testw    %dx, %dx
0x000c0029:  74 01                    je       0xc002c

----------------
IN: 
0x000c002b:  ee                       outb     %al, %dx

----------------
IN: 
0x000c002c:  c2 02 00                 retw     $2

----------------
IN: 
0x000c2726:  66 89 fe                 movl     %edi, %esi
0x000c2729:  eb 03                    jmp      0xc272e

----------------
IN: 
0x000c272e:  66 89 f7                 movl     %esi, %edi
0x000c2731:  9c                       pushfw   
0x000c2732:  66 83 c7 01              addl     $1, %edi
0x000c2736:  9d                       popfw    

----------------
IN: 
0x000c2737:  e9 62 fd                 jmp      0xc249c

----------------
IN: 
0x000c24aa:  66 89 fe                 movl     %edi, %esi
0x000c24ad:  9c                       pushfw   
0x000c24ae:  66 83 c6 01              addl     $1, %esi
0x000c24b2:  9d                       popfw    

----------------
IN: 
0x000c24b3:  67 c6 45 e8 20           movb     $0x20, -0x18(%ebp)
0x000c24b8:  66 31 c0                 xorl     %eax, %eax
0x000c24bb:  eb 21                    jmp      0xc24de

----------------
IN: 
0x000c24de:  2e 67 8a 0e              movb     %cs:(%esi), %cl
0x000c24e2:  67 88 4d f0              movb     %cl, -0x10(%ebp)
0x000c24e6:  88 ca                    movb     %cl, %dl
0x000c24e8:  66 83 e9 30              subl     $0x30, %ecx
0x000c24ec:  80 f9 09                 cmpb     $9, %cl
0x000c24ef:  76 d3                    jbe      0xc24c4

----------------
IN: 
0x000c24f1:  eb 0f                    jmp      0xc2502

----------------
IN: 
0x000c2502:  66 31 c9                 xorl     %ecx, %ecx
0x000c2505:  80 fa 6c                 cmpb     $0x6c, %dl
0x000c2508:  75 18                    jne      0xc2522

----------------
IN: 
0x000c2522:  80 fa 64                 cmpb     $0x64, %dl
0x000c2525:  0f 84 81 00              je       0xc25aa

----------------
IN: 
0x000c2529:  7f 37                    jg       0xc2562

----------------
IN: 
0x000c2562:  80 fa 73                 cmpb     $0x73, %dl
0x000c2565:  0f 84 92 01              je       0xc26fb

----------------
IN: 
0x000c26fb:  66 89 d9                 movl     %ebx, %ecx
0x000c26fe:  9c                       pushfw   
0x000c26ff:  66 83 c1 04              addl     $4, %ecx
0x000c2703:  9d                       popfw    

----------------
IN: 
0x000c2704:  67 66 8b 1b              movl     (%ebx), %ebx
0x000c2708:  2e 67 8a 03              movb     %cs:(%ebx), %al
0x000c270c:  84 c0                    testb    %al, %al
0x000c270e:  74 1b                    je       0xc272b

----------------
IN: 
0x000c2710:  66 0f be c0              movsbl   %al, %eax
0x000c2714:  50                       pushw    %ax
0x000c2715:  e8 0a d9                 callw    0xc0022

----------------
IN: 
0x000c2718:  66 43                    incl     %ebx
0x000c271a:  eb ec                    jmp      0xc2708

----------------
IN: 
0x000c2708:  2e 67 8a 03              movb     %cs:(%ebx), %al
0x000c270c:  84 c0                    testb    %al, %al
0x000c270e:  74 1b                    je       0xc272b

----------------
IN: 
0x000c272b:  66 89 cb                 movl     %ecx, %ebx
0x000c272e:  66 89 f7                 movl     %esi, %edi
0x000c2731:  9c                       pushfw   
0x000c2732:  66 83 c7 01              addl     $1, %edi
0x000c2736:  9d                       popfw    

----------------
IN: 
0x000c273a:  66 83 c4 0c              addl     $0xc, %esp
0x000c273e:  66 5b                    popl     %ebx
0x000c2740:  66 5e                    popl     %esi
0x000c2742:  66 5f                    popl     %edi
0x000c2744:  66 5d                    popl     %ebp
0x000c2746:  c2 02 00                 retw     $2

----------------
IN: 
0x000c359c:  66 58                    popl     %eax
0x000c359e:  66 5a                    popl     %edx
0x000c35a0:  66 68 a0 98 00 00        pushl    $0x98a0
0x000c35a6:  66 68 d7 57 00 00        pushl    $0x57d7
0x000c35ac:  50                       pushw    %ax
0x000c35ad:  e8 cf ee                 callw    0xc247f

----------------
IN: 
0x000c35b0:  66 59                    popl     %ecx
0x000c35b2:  66 5e                    popl     %esi
0x000c35b4:  66 68 cc 5a 00 00        pushl    $0x5acc
0x000c35ba:  66 68 e5 57 00 00        pushl    $0x57e5
0x000c35c0:  50                       pushw    %ax
0x000c35c1:  e8 bb ee                 callw    0xc247f

----------------
IN: 
0x000c35c4:  66 5f                    popl     %edi
0x000c35c6:  66 58                    popl     %eax
0x000c35c8:  66 89 d8                 movl     %ebx, %eax
0x000c35cb:  50                       pushw    %ax
0x000c35cc:  e8 7a f1                 callw    0xc2749

----------------
IN: 
0x000c2749:  66 55                    pushl    %ebp
0x000c274b:  66 89 e5                 movl     %esp, %ebp
0x000c274e:  66 53                    pushl    %ebx
0x000c2750:  66 85 c0                 testl    %eax, %eax
0x000c2753:  75 0e                    jne      0xc2763

----------------
IN: 
0x000c2763:  66 89 c3                 movl     %eax, %ebx
0x000c2766:  8c d0                    movw     %ss, %ax
0x000c2768:  66 0f b7 c0              movzwl   %ax, %eax
0x000c276c:  66 50                    pushl    %eax
0x000c276e:  67 66 0f b7 43 02        movzwl   2(%ebx), %eax
0x000c2774:  66 50                    pushl    %eax
0x000c2776:  67 66 0f b7 03           movzwl   (%ebx), %eax
0x000c277b:  66 50                    pushl    %eax
0x000c277d:  67 66 ff 73 14           pushl    0x14(%ebx)
0x000c2782:  67 66 ff 73 18           pushl    0x18(%ebx)
0x000c2787:  67 66 ff 73 10           pushl    0x10(%ebx)
0x000c278c:  67 66 ff 73 1c           pushl    0x1c(%ebx)
0x000c2791:  66 68 f7 56 00 00        pushl    $0x56f7
0x000c2797:  50                       pushw    %ax
0x000c2798:  e8 e4 fc                 callw    0xc247f

----------------
IN: 
0x000c24c4:  66 85 c0                 testl    %eax, %eax
0x000c24c7:  74 2a                    je       0xc24f3

----------------
IN: 
0x000c24f3:  80 fa 30                 cmpb     $0x30, %dl
0x000c24f6:  75 d1                    jne      0xc24c9

----------------
IN: 
0x000c24f8:  67 c6 45 e8 30           movb     $0x30, -0x18(%ebp)
0x000c24fd:  66 31 c0                 xorl     %eax, %eax
0x000c2500:  eb da                    jmp      0xc24dc

----------------
IN: 
0x000c24dc:  66 46                    incl     %esi
0x000c24de:  2e 67 8a 0e              movb     %cs:(%esi), %cl
0x000c24e2:  67 88 4d f0              movb     %cl, -0x10(%ebp)
0x000c24e6:  88 ca                    movb     %cl, %dl
0x000c24e8:  66 83 e9 30              subl     $0x30, %ecx
0x000c24ec:  80 f9 09                 cmpb     $9, %cl
0x000c24ef:  76 d3                    jbe      0xc24c4

----------------
IN: 
0x000c24c9:  66 6b c0 0a              imull    $0xa, %eax, %eax
0x000c24cd:  67 66 0f b6 4d f0        movzbl   -0x10(%ebp), %ecx
0x000c24d3:  9c                       pushfw   
0x000c24d4:  66 01 c8                 addl     %ecx, %eax
0x000c24d7:  66 83 c0 d0              addl     $-0x30, %eax
0x000c24db:  9d                       popfw    

----------------
IN: 
0x000c2569:  7f 32                    jg       0xc259d

----------------
IN: 
0x000c259d:  80 fa 75                 cmpb     $0x75, %dl
0x000c25a0:  74 31                    je       0xc25d3

----------------
IN: 
0x000c25a2:  80 fa 78                 cmpb     $0x78, %dl
0x000c25a5:  74 45                    je       0xc25ec

----------------
IN: 
0x000c25ec:  80 fa 58                 cmpb     $0x58, %dl
0x000c25ef:  0f 94 c2                 sete     %dl
0x000c25f2:  66 0f b6 d2              movzbl   %dl, %edx
0x000c25f6:  67 66 89 55 f0           movl     %edx, -0x10(%ebp)
0x000c25fb:  67 66 8b 3b              movl     (%ebx), %edi
0x000c25ff:  67 66 89 7d ec           movl     %edi, -0x14(%ebp)
0x000c2604:  84 c9                    testb    %cl, %cl
0x000c2606:  74 68                    je       0xc2670

----------------
IN: 
0x000c2670:  66 89 df                 movl     %ebx, %edi
0x000c2673:  9c                       pushfw   
0x000c2674:  66 83 c7 04              addl     $4, %edi
0x000c2678:  9d                       popfw    

----------------
IN: 
0x000c2679:  67 66 8b 55 ec           movl     -0x14(%ebp), %edx
0x000c267e:  66 bb 01 00 00 00        movl     $1, %ebx
0x000c2684:  66 c1 ea 04              shrl     $4, %edx
0x000c2688:  74 04                    je       0xc268e

----------------
IN: 
0x000c268a:  66 43                    incl     %ebx
0x000c268c:  eb f6                    jmp      0xc2684

----------------
IN: 
0x000c2684:  66 c1 ea 04              shrl     $4, %edx
0x000c2688:  74 04                    je       0xc268e

----------------
IN: 
0x000c268e:  66 29 d8                 subl     %ebx, %eax
0x000c2691:  66 89 c1                 movl     %eax, %ecx
0x000c2694:  67 66 0f be 45 e8        movsbl   -0x18(%ebp), %eax
0x000c269a:  66 85 c9                 testl    %ecx, %ecx
0x000c269d:  7e 08                    jle      0xc26a7

----------------
IN: 
0x000c269f:  66 49                    decl     %ecx
0x000c26a1:  50                       pushw    %ax
0x000c26a2:  e8 7d d9                 callw    0xc0022

----------------
IN: 
0x000c26a5:  eb f3                    jmp      0xc269a

----------------
IN: 
0x000c269a:  66 85 c9                 testl    %ecx, %ecx
0x000c269d:  7e 08                    jle      0xc26a7

----------------
IN: 
0x000c26a7:  67 66 8b 4d f0           movl     -0x10(%ebp), %ecx
0x000c26ac:  66 89 da                 movl     %ebx, %edx
0x000c26af:  67 66 8b 45 ec           movl     -0x14(%ebp), %eax
0x000c26b4:  50                       pushw    %ax
0x000c26b5:  e8 91 e6                 callw    0xc0d49

----------------
IN: 
0x000c0d49:  66 55                    pushl    %ebp
0x000c0d4b:  66 89 e5                 movl     %esp, %ebp
0x000c0d4e:  66 56                    pushl    %esi
0x000c0d50:  66 53                    pushl    %ebx
0x000c0d52:  66 89 c3                 movl     %eax, %ebx
0x000c0d55:  66 89 ce                 movl     %ecx, %esi
0x000c0d58:  66 83 fa 04              cmpl     $4, %edx
0x000c0d5c:  74 67                    je       0xc0dc5

----------------
IN: 
0x000c0d5e:  7f 12                    jg       0xc0d72

----------------
IN: 
0x000c0d60:  66 83 fa 02              cmpl     $2, %edx
0x000c0d64:  0f 84 81 00              je       0xc0de9

----------------
IN: 
0x000c0de9:  66 89 d8                 movl     %ebx, %eax
0x000c0dec:  66 c1 e8 04              shrl     $4, %eax
0x000c0df0:  66 83 e0 0f              andl     $0xf, %eax
0x000c0df4:  66 89 f2                 movl     %esi, %edx
0x000c0df7:  50                       pushw    %ax
0x000c0df8:  e8 21 ff                 callw    0xc0d1c

----------------
IN: 
0x000c0d1c:  66 89 c1                 movl     %eax, %ecx
0x000c0d1f:  9c                       pushfw   
0x000c0d20:  66 83 c0 30              addl     $0x30, %eax
0x000c0d24:  9d                       popfw    

----------------
IN: 
0x000c0d25:  66 83 f9 09              cmpl     $9, %ecx
0x000c0d29:  76 17                    jbe      0xc0d42

----------------
IN: 
0x000c0d42:  66 0f be c0              movsbl   %al, %eax
0x000c0d46:  e9 d9 f2                 jmp      0xc0022

----------------
IN: 
0x000c0dfb:  66 89 d8                 movl     %ebx, %eax
0x000c0dfe:  66 83 e0 0f              andl     $0xf, %eax
0x000c0e02:  66 89 f2                 movl     %esi, %edx
0x000c0e05:  66 5b                    popl     %ebx
0x000c0e07:  66 5e                    popl     %esi
0x000c0e09:  66 5d                    popl     %ebp
0x000c0e0b:  e9 0e ff                 jmp      0xc0d1c

----------------
IN: 
0x000c26b8:  66 89 fb                 movl     %edi, %ebx
0x000c26bb:  eb 71                    jmp      0xc272e

----------------
IN: 
0x000c0dc5:  66 89 d8                 movl     %ebx, %eax
0x000c0dc8:  66 c1 e8 0c              shrl     $0xc, %eax
0x000c0dcc:  66 83 e0 0f              andl     $0xf, %eax
0x000c0dd0:  66 89 f2                 movl     %esi, %edx
0x000c0dd3:  50                       pushw    %ax
0x000c0dd4:  e8 45 ff                 callw    0xc0d1c

----------------
IN: 
0x000c0d2b:  66 89 c8                 movl     %ecx, %eax
0x000c0d2e:  9c                       pushfw   
0x000c0d2f:  66 83 c0 57              addl     $0x57, %eax
0x000c0d33:  9d                       popfw    

----------------
IN: 
0x000c0d34:  66 85 d2                 testl    %edx, %edx
0x000c0d37:  74 09                    je       0xc0d42

----------------
IN: 
0x000c0dd7:  66 89 d8                 movl     %ebx, %eax
0x000c0dda:  66 c1 e8 08              shrl     $8, %eax
0x000c0dde:  66 83 e0 0f              andl     $0xf, %eax
0x000c0de2:  66 89 f2                 movl     %esi, %edx
0x000c0de5:  50                       pushw    %ax
0x000c0de6:  e8 33 ff                 callw    0xc0d1c

----------------
IN: 
0x000c0d68:  66 83 fa 03              cmpl     $3, %edx
0x000c0d6c:  0f 85 8b 00              jne      0xc0dfb

----------------
IN: 
0x000c279b:  66 83 c4 20              addl     $0x20, %esp
0x000c279f:  67 66 0f b7 43 24        movzwl   0x24(%ebx), %eax
0x000c27a5:  66 50                    pushl    %eax
0x000c27a7:  67 66 0f b7 43 20        movzwl   0x20(%ebx), %eax
0x000c27ad:  66 50                    pushl    %eax
0x000c27af:  67 66 0f b7 43 22        movzwl   0x22(%ebx), %eax
0x000c27b5:  66 50                    pushl    %eax
0x000c27b7:  66 89 d8                 movl     %ebx, %eax
0x000c27ba:  9c                       pushfw   
0x000c27bb:  66 83 c0 26              addl     $0x26, %eax
0x000c27bf:  9d                       popfw    

----------------
IN: 
0x000c27c0:  66 50                    pushl    %eax
0x000c27c2:  67 66 ff 73 0c           pushl    0xc(%ebx)
0x000c27c7:  67 66 ff 73 04           pushl    4(%ebx)
0x000c27cc:  67 66 ff 73 08           pushl    8(%ebx)
0x000c27d1:  66 68 32 57 00 00        pushl    $0x5732
0x000c27d7:  50                       pushw    %ax
0x000c27d8:  e8 a4 fc                 callw    0xc247f

----------------
IN: 
0x000c27db:  66 83 c4 20              addl     $0x20, %esp
0x000c27df:  67 66 8b 5d fc           movl     -4(%ebp), %ebx
0x000c27e4:  66 89 ec                 movl     %ebp, %esp
0x000c27e7:  66 5d                    popl     %ebp
0x000c27e9:  c2 02 00                 retw     $2

----------------
IN: 
0x000c35cf:  2e 66 a1 70 98           movl     %cs:0x9870, %eax
0x000c35d4:  66 85 c0                 testl    %eax, %eax
0x000c35d7:  75 54                    jne      0xc362d

----------------
IN: 
0x000c35d9:  67 66 0f b7 5b 1c        movzwl   0x1c(%ebx), %ebx
0x000c35df:  66 89 d9                 movl     %ebx, %ecx
0x000c35e2:  66 c1 e1 08              shll     $8, %ecx
0x000c35e6:  66 81 c9 00 00 00 80     orl      $0x80000000, %ecx
0x000c35ed:  66 89 c8                 movl     %ecx, %eax
0x000c35f0:  66 ba f8 0c 00 00        movl     $0xcf8, %edx
0x000c35f6:  66 ef                    outl     %eax, %dx

----------------
IN: 
0x000c35f8:  66 ba fc 0c 00 00        movl     $0xcfc, %edx
0x000c35fe:  ed                       inw      %dx, %ax

----------------
IN: 
0x000c35ff:  2e 8b 16 80 98           movw     %cs:0x9880, %dx
0x000c3604:  39 c2                    cmpw     %ax, %dx
0x000c3606:  75 25                    jne      0xc362d

----------------
IN: 
0x000c3608:  66 89 c8                 movl     %ecx, %eax
0x000c360b:  66 ba f8 0c 00 00        movl     $0xcf8, %edx
0x000c3611:  66 ef                    outl     %eax, %dx

----------------
IN: 
0x000c3613:  66 ba fe 0c 00 00        movl     $0xcfe, %edx
0x000c3619:  ed                       inw      %dx, %ax

----------------
IN: 
0x000c361a:  2e 8b 16 82 98           movw     %cs:0x9882, %dx
0x000c361f:  39 c2                    cmpw     %ax, %dx
0x000c3621:  75 0a                    jne      0xc362d

----------------
IN: 
0x000c3623:  8c c8                    movw     %cs, %ax
0x000c3625:  8e c0                    movw     %ax, %es
0x000c3627:  26 66 89 1e 74 98        movl     %ebx, %es:0x9874
0x000c362d:  b0 c3                    movb     $0xc3, %al
0x000c362f:  66 ba c2 03 00 00        movl     $0x3c2, %edx
0x000c3635:  ee                       outb     %al, %dx

----------------
IN: 
0x000c3636:  66 b8 04 02 00 00        movl     $0x204, %eax
0x000c363c:  66 ba c4 03 00 00        movl     $0x3c4, %edx
0x000c3642:  ef                       outw     %ax, %dx

----------------
IN: 
0x000c3643:  66 31 c0                 xorl     %eax, %eax
0x000c3646:  66 ba ce 01 00 00        movl     $0x1ce, %edx
0x000c364c:  ef                       outw     %ax, %dx

----------------
IN: 
0x000c364d:  66 b8 c0 b0 ff ff        movl     $0xffffb0c0, %eax
0x000c3653:  66 ba cf 01 00 00        movl     $0x1cf, %edx
0x000c3659:  ef                       outw     %ax, %dx

----------------
IN: 
0x000c365a:  66 31 c0                 xorl     %eax, %eax
0x000c365d:  66 ba ce 01 00 00        movl     $0x1ce, %edx
0x000c3663:  ef                       outw     %ax, %dx

----------------
IN: 
0x000c3664:  66 ba cf 01 00 00        movl     $0x1cf, %edx
0x000c366a:  ed                       inw      %dx, %ax

----------------
IN: 
0x000c366b:  3d c0 b0                 cmpw     $0xb0c0, %ax
0x000c366e:  74 0f                    je       0xc367f

----------------
IN: 
0x000c367f:  66 31 c0                 xorl     %eax, %eax
0x000c3682:  66 ba ce 01 00 00        movl     $0x1ce, %edx
0x000c3688:  ef                       outw     %ax, %dx

----------------
IN: 
0x000c3689:  66 b8 c5 b0 ff ff        movl     $0xffffb0c5, %eax
0x000c368f:  66 ba cf 01 00 00        movl     $0x1cf, %edx
0x000c3695:  ef                       outw     %ax, %dx

----------------
IN: 
0x000c3696:  8c c8                    movw     %cs, %ax
0x000c3698:  8e c0                    movw     %ax, %es
0x000c369a:  66 b8 01 00 00 00        movl     $1, %eax
0x000c36a0:  26 66 a3 d8 5a           movl     %eax, %es:0x5ad8
0x000c36a5:  2e 66 a1 70 98           movl     %cs:0x9870, %eax
0x000c36aa:  66 89 c7                 movl     %eax, %edi
0x000c36ad:  66 85 c0                 testl    %eax, %eax
0x000c36b0:  0f 85 a5 02              jne      0xc3959

----------------
IN: 
0x000c36b4:  2e 66 8b 0e 74 98        movl     %cs:0x9874, %ecx
0x000c36ba:  66 85 c9                 testl    %ecx, %ecx
0x000c36bd:  0f 88 c1 00              js       0xc3782

----------------
IN: 
0x000c36c1:  66 89 cb                 movl     %ecx, %ebx
0x000c36c4:  66 c1 e3 08              shll     $8, %ebx
0x000c36c8:  66 81 e3 00 ff ff 00     andl     $0xffff00, %ebx
0x000c36cf:  66 89 d8                 movl     %ebx, %eax
0x000c36d2:  66 0d 00 00 00 80        orl      $0x80000000, %eax
0x000c36d8:  66 ba f8 0c 00 00        movl     $0xcf8, %edx
0x000c36de:  66 ef                    outl     %eax, %dx

----------------
IN: 
0x000c36e0:  66 ba fc 0c 00 00        movl     $0xcfc, %edx
0x000c36e6:  ed                       inw      %dx, %ax

----------------
IN: 
0x000c36e7:  3d 34 12                 cmpw     $0x1234, %ax
0x000c36ea:  74 17                    je       0xc3703

----------------
IN: 
0x000c3703:  66 89 d8                 movl     %ebx, %eax
0x000c3706:  66 0d 18 00 00 80        orl      $0x80000018, %eax
0x000c370c:  66 ba f8 0c 00 00        movl     $0xcf8, %edx
0x000c3712:  66 ef                    outl     %eax, %dx

----------------
IN: 
0x000c3714:  66 ba fc 0c 00 00        movl     $0xcfc, %edx
0x000c371a:  66 ed                    inl      %dx, %eax

----------------
IN: 
0x000c371c:  66 83 e0 fc              andl     $0xfffffffc, %eax
0x000c3720:  67 66 89 45 f0           movl     %eax, -0x10(%ebp)
0x000c3725:  66 31 f6                 xorl     %esi, %esi
0x000c3728:  66 89 f0                 movl     %esi, %eax
0x000c372b:  9c                       pushfw   
0x000c372c:  66 c1 e0 02              shll     $2, %eax
0x000c3730:  66 83 c0 10              addl     $0x10, %eax
0x000c3734:  9d                       popfw    

----------------
IN: 
0x000c3735:  66 09 d8                 orl      %ebx, %eax
0x000c3738:  66 0d 00 00 00 80        orl      $0x80000000, %eax
0x000c373e:  66 ba f8 0c 00 00        movl     $0xcf8, %edx
0x000c3744:  66 ef                    outl     %eax, %dx

----------------
IN: 
0x000c3746:  66 ba fc 0c 00 00        movl     $0xcfc, %edx
0x000c374c:  66 ed                    inl      %dx, %eax

----------------
IN: 
0x000c374e:  66 83 e0 f0              andl     $0xfffffff0, %eax
0x000c3752:  66 89 c3                 movl     %eax, %ebx
0x000c3755:  66 56                    pushl    %esi
0x000c3757:  66 89 c8                 movl     %ecx, %eax
0x000c375a:  66 83 e0 07              andl     $7, %eax
0x000c375e:  66 50                    pushl    %eax
0x000c3760:  66 89 c8                 movl     %ecx, %eax
0x000c3763:  c1 e8 03                 shrw     $3, %ax
0x000c3766:  66 83 e0 1f              andl     $0x1f, %eax
0x000c376a:  66 50                    pushl    %eax
0x000c376c:  66 0f b6 cd              movzbl   %ch, %ecx
0x000c3770:  66 51                    pushl    %ecx
0x000c3772:  66 68 29 58 00 00        pushl    $0x5829
0x000c3778:  50                       pushw    %ax
0x000c3779:  e8 03 ed                 callw    0xc247f

----------------
IN: 
0x000c25aa:  67 66 8b 3b              movl     (%ebx), %edi
0x000c25ae:  84 c9                    testb    %cl, %cl
0x000c25b0:  75 06                    jne      0xc25b8

----------------
IN: 
0x000c25b2:  66 83 c3 04              addl     $4, %ebx
0x000c25b6:  eb 04                    jmp      0xc25bc

----------------
IN: 
0x000c25bc:  66 85 ff                 testl    %edi, %edi
0x000c25bf:  79 0d                    jns      0xc25ce

----------------
IN: 
0x000c25ce:  66 89 f8                 movl     %edi, %eax
0x000c25d1:  eb 12                    jmp      0xc25e5

----------------
IN: 
0x000c25e5:  50                       pushw    %ax
0x000c25e6:  e8 0e fa                 callw    0xc1ff7

----------------
IN: 
0x000c1ff7:  66 55                    pushl    %ebp
0x000c1ff9:  66 89 e5                 movl     %esp, %ebp
0x000c1ffc:  66 56                    pushl    %esi
0x000c1ffe:  66 53                    pushl    %ebx

----------------
IN: 
0x000c2000:  66 83 ec 0c              subl     $0xc, %esp
0x000c2004:  66 89 c3                 movl     %eax, %ebx
0x000c2007:  67 c6 45 f7 00           movb     $0, -9(%ebp)
0x000c200c:  66 89 e9                 movl     %ebp, %ecx
0x000c200f:  9c                       pushfw   
0x000c2010:  66 83 c1 f6              addl     $-0xa, %ecx
0x000c2014:  9d                       popfw    

----------------
IN: 
0x000c2015:  66 be 0a 00 00 00        movl     $0xa, %esi
0x000c201b:  66 89 d8                 movl     %ebx, %eax
0x000c201e:  66 31 d2                 xorl     %edx, %edx
0x000c2021:  66 f7 f6                 divl     %esi
0x000c2024:  66 83 c2 30              addl     $0x30, %edx
0x000c2028:  67 88 11                 movb     %dl, (%ecx)
0x000c202b:  66 83 fb 09              cmpl     $9, %ebx
0x000c202f:  76 07                    jbe      0xc2038

----------------
IN: 
0x000c2038:  67 66 0f be 01           movsbl   (%ecx), %eax
0x000c203d:  84 c0                    testb    %al, %al
0x000c203f:  74 08                    je       0xc2049

----------------
IN: 
0x000c2041:  50                       pushw    %ax
0x000c2042:  e8 dd df                 callw    0xc0022

----------------
IN: 
0x000c2045:  66 41                    incl     %ecx
0x000c2047:  eb ef                    jmp      0xc2038

----------------
IN: 
0x000c2049:  66 83 c4 0c              addl     $0xc, %esp
0x000c204d:  66 5b                    popl     %ebx
0x000c204f:  66 5e                    popl     %esi
0x000c2051:  66 5d                    popl     %ebp
0x000c2053:  c2 02 00                 retw     $2

----------------
IN: 
0x000c25e9:  e9 42 01                 jmp      0xc272e

----------------
IN: 
0x000c377c:  66 83 c4 14              addl     $0x14, %esp
0x000c3780:  eb 0e                    jmp      0xc3790

----------------
IN: 
0x000c3790:  8c c8                    movw     %cs, %ax
0x000c3792:  8e c0                    movw     %ax, %es
0x000c3794:  26 66 89 1e 44 72        movl     %ebx, %es:0x7244
0x000c379a:  66 b8 0a 00 00 00        movl     $0xa, %eax
0x000c37a0:  66 ba ce 01 00 00        movl     $0x1ce, %edx
0x000c37a6:  ef                       outw     %ax, %dx

----------------
IN: 
0x000c37a7:  66 ba cf 01 00 00        movl     $0x1cf, %edx
0x000c37ad:  ed                       inw      %dx, %ax

----------------
IN: 
0x000c37ae:  66 c1 e0 10              shll     $0x10, %eax
0x000c37b2:  67 66 89 45 ec           movl     %eax, -0x14(%ebp)
0x000c37b7:  26 66 a3 4c 72           movl     %eax, %es:0x724c
0x000c37bc:  66 b8 40 00 00 00        movl     $0x40, %eax
0x000c37c2:  26 a3 40 72              movw     %ax, %es:0x7240
0x000c37c6:  66 b8 01 00 00 00        movl     $1, %eax
0x000c37cc:  26 66 a3 48 72           movl     %eax, %es:0x7248
0x000c37d1:  67 66 8b 45 ec           movl     -0x14(%ebp), %eax
0x000c37d6:  66 c1 e8 14              shrl     $0x14, %eax
0x000c37da:  66 50                    pushl    %eax
0x000c37dc:  66 53                    pushl    %ebx
0x000c37de:  66 68 4e 58 00 00        pushl    $0x584e
0x000c37e4:  50                       pushw    %ax
0x000c37e5:  e8 97 ec                 callw    0xc247f

----------------
IN: 
0x000c0d72:  66 83 fa 06              cmpl     $6, %edx
0x000c0d76:  74 29                    je       0xc0da1

----------------
IN: 
0x000c0d78:  66 83 fa 07              cmpl     $7, %edx
0x000c0d7c:  74 11                    je       0xc0d8f

----------------
IN: 
0x000c0d7e:  66 83 fa 05              cmpl     $5, %edx
0x000c0d82:  74 2f                    je       0xc0db3

----------------
IN: 
0x000c0d84:  66 c1 e8 1c              shrl     $0x1c, %eax
0x000c0d88:  66 89 ca                 movl     %ecx, %edx
0x000c0d8b:  50                       pushw    %ax
0x000c0d8c:  e8 8d ff                 callw    0xc0d1c

----------------
IN: 
0x000c0d8f:  66 89 d8                 movl     %ebx, %eax
0x000c0d92:  66 c1 e8 18              shrl     $0x18, %eax
0x000c0d96:  66 83 e0 0f              andl     $0xf, %eax
0x000c0d9a:  66 89 f2                 movl     %esi, %edx
0x000c0d9d:  50                       pushw    %ax
0x000c0d9e:  e8 7b ff                 callw    0xc0d1c

----------------
IN: 
0x000c0da1:  66 89 d8                 movl     %ebx, %eax
0x000c0da4:  66 c1 e8 14              shrl     $0x14, %eax
0x000c0da8:  66 83 e0 0f              andl     $0xf, %eax
0x000c0dac:  66 89 f2                 movl     %esi, %edx
0x000c0daf:  50                       pushw    %ax
0x000c0db0:  e8 69 ff                 callw    0xc0d1c

----------------
IN: 
0x000c0db3:  66 89 d8                 movl     %ebx, %eax
0x000c0db6:  66 c1 e8 10              shrl     $0x10, %eax
0x000c0dba:  66 83 e0 0f              andl     $0xf, %eax
0x000c0dbe:  66 89 f2                 movl     %esi, %edx
0x000c0dc1:  50                       pushw    %ax
0x000c0dc2:  e8 57 ff                 callw    0xc0d1c

----------------
IN: 
0x000c2031:  66 89 c3                 movl     %eax, %ebx
0x000c2034:  66 49                    decl     %ecx
0x000c2036:  eb e3                    jmp      0xc201b

----------------
IN: 
0x000c201b:  66 89 d8                 movl     %ebx, %eax
0x000c201e:  66 31 d2                 xorl     %edx, %edx
0x000c2021:  66 f7 f6                 divl     %esi
0x000c2024:  66 83 c2 30              addl     $0x30, %edx
0x000c2028:  67 88 11                 movb     %dl, (%ecx)
0x000c202b:  66 83 fb 09              cmpl     $9, %ebx
0x000c202f:  76 07                    jbe      0xc2038

----------------
IN: 
0x000c37e8:  66 83 c4 0c              addl     $0xc, %esp
0x000c37ec:  66 b8 04 00 00 00        movl     $4, %eax
0x000c37f2:  66 ba ce 01 00 00        movl     $0x1ce, %edx
0x000c37f8:  ef                       outw     %ax, %dx

----------------
IN: 
0x000c37f9:  66 ba cf 01 00 00        movl     $0x1cf, %edx
0x000c37ff:  ed                       inw      %dx, %ax

----------------
IN: 
0x000c3800:  66 89 c3                 movl     %eax, %ebx
0x000c3803:  66 b8 04 00 00 00        movl     $4, %eax
0x000c3809:  66 ba ce 01 00 00        movl     $0x1ce, %edx
0x000c380f:  ef                       outw     %ax, %dx

----------------
IN: 
0x000c3810:  66 89 d8                 movl     %ebx, %eax
0x000c3813:  66 83 c8 02              orl      $2, %eax
0x000c3817:  66 ba cf 01 00 00        movl     $0x1cf, %edx
0x000c381d:  ef                       outw     %ax, %dx

----------------
IN: 
0x000c381e:  66 b8 01 00 00 00        movl     $1, %eax
0x000c3824:  66 ba ce 01 00 00        movl     $0x1ce, %edx
0x000c382a:  ef                       outw     %ax, %dx

----------------
IN: 
0x000c382b:  66 ba cf 01 00 00        movl     $0x1cf, %edx
0x000c3831:  ed                       inw      %dx, %ax

----------------
IN: 
0x000c3832:  67 89 45 e2              movw     %ax, -0x1e(%ebp)
0x000c3836:  66 b8 03 00 00 00        movl     $3, %eax
0x000c383c:  66 ba ce 01 00 00        movl     $0x1ce, %edx
0x000c3842:  ef                       outw     %ax, %dx

----------------
IN: 
0x000c3843:  66 ba cf 01 00 00        movl     $0x1cf, %edx
0x000c3849:  ed                       inw      %dx, %ax

----------------
IN: 
0x000c384a:  67 89 45 e0              movw     %ax, -0x20(%ebp)
0x000c384e:  66 b8 04 00 00 00        movl     $4, %eax
0x000c3854:  66 ba ce 01 00 00        movl     $0x1ce, %edx
0x000c385a:  ef                       outw     %ax, %dx

----------------
IN: 
0x000c385b:  66 89 d8                 movl     %ebx, %eax
0x000c385e:  66 ba cf 01 00 00        movl     $0x1cf, %edx
0x000c3864:  ef                       outw     %ax, %dx

----------------
IN: 
0x000c3865:  2e 66 a1 dc 5a           movl     %cs:0x5adc, %eax
0x000c386a:  66 6b c0 0e              imull    $0xe, %eax, %eax
0x000c386e:  66 05 e0 5a 00 00        addl     $0x5ae0, %eax
0x000c3874:  67 66 89 45 e4           movl     %eax, -0x1c(%ebp)
0x000c3879:  66 bb e0 5a 00 00        movl     $0x5ae0, %ebx
0x000c387f:  67 66 3b 5d e4           cmpl     -0x1c(%ebp), %ebx
0x000c3884:  0f 83 a7 00              jae      0xc392f

----------------
IN: 
0x000c3888:  2e 67 8b 43 04           movw     %cs:4(%ebx), %ax
0x000c388d:  67 89 45 e8              movw     %ax, -0x18(%ebp)
0x000c3891:  2e 67 8b 73 06           movw     %cs:6(%ebx), %si
0x000c3896:  2e 67 8a 43 08           movb     %cs:8(%ebx), %al
0x000c389b:  67 88 45 df              movb     %al, -0x21(%ebp)
0x000c389f:  66 89 da                 movl     %ebx, %edx
0x000c38a2:  9c                       pushfw   
0x000c38a3:  66 83 c2 02              addl     $2, %edx
0x000c38a7:  9d                       popfw    

----------------
IN: 
0x000c38a8:  66 89 d0                 movl     %edx, %eax
0x000c38ab:  67 66 89 55 d8           movl     %edx, -0x28(%ebp)
0x000c38b0:  50                       pushw    %ax
0x000c38b1:  e8 8d d2                 callw    0xc0b41

----------------
IN: 
0x000c0b41:  66 89 c2                 movl     %eax, %edx
0x000c0b44:  2e 67 8a 08              movb     %cs:(%eax), %cl
0x000c0b48:  84 c9                    testb    %cl, %cl
0x000c0b4a:  74 24                    je       0xc0b70

----------------
IN: 
0x000c0b4c:  66 b8 01 00 00 00        movl     $1, %eax
0x000c0b52:  80 f9 03                 cmpb     $3, %cl
0x000c0b55:  74 1f                    je       0xc0b76

----------------
IN: 
0x000c0b57:  2e 67 8a 52 06           movb     %cs:6(%edx), %dl
0x000c0b5c:  66 0f b6 c2              movzbl   %dl, %eax
0x000c0b60:  80 fa 08                 cmpb     $8, %dl
0x000c0b63:  76 11                    jbe      0xc0b76

----------------
IN: 
0x000c0b76:  c2 02 00                 retw     $2

----------------
IN: 
0x000c38b4:  66 89 c1                 movl     %eax, %ecx
0x000c38b7:  67 66 0f b7 45 e8        movzwl   -0x18(%ebp), %eax
0x000c38bd:  66 0f af c1              imull    %ecx, %eax
0x000c38c1:  66 83 c0 07              addl     $7, %eax
0x000c38c5:  66 c1 f8 03              sarl     $3, %eax
0x000c38c9:  66 0f b7 f6              movzwl   %si, %esi
0x000c38cd:  66 0f af f0              imull    %eax, %esi
0x000c38d1:  67 66 8b 45 d8           movl     -0x28(%ebp), %eax
0x000c38d6:  50                       pushw    %ax
0x000c38d7:  e8 f3 cf                 callw    0xc08cd

----------------
IN: 
0x000c08cd:  2e 67 8a 10              movb     %cs:(%eax), %dl
0x000c08d1:  80 fa 01                 cmpb     $1, %dl
0x000c08d4:  74 1e                    je       0xc08f4

----------------
IN: 
0x000c08d6:  66 b8 04 00 00 00        movl     $4, %eax
0x000c08dc:  80 fa 03                 cmpb     $3, %dl
0x000c08df:  74 27                    je       0xc0908

----------------
IN: 
0x000c08e1:  66 b8 02 00 00 00        movl     $2, %eax
0x000c08e7:  84 d2                    testb    %dl, %dl
0x000c08e9:  74 1d                    je       0xc0908

----------------
IN: 
0x000c08eb:  66 b8 01 00 00 00        movl     $1, %eax
0x000c08f1:  c2 02 00                 retw     $2

----------------
IN: 
0x000c38da:  67 66 8b 55 e8           movl     -0x18(%ebp), %edx
0x000c38df:  67 39 55 e2              cmpw     %dx, -0x1e(%ebp)
0x000c38e3:  0f 92 c2                 setb     %dl
0x000c38e6:  67 66 0f b6 4d df        movzbl   -0x21(%ebp), %ecx
0x000c38ec:  67 39 4d e0              cmpw     %cx, -0x20(%ebp)
0x000c38f0:  0f 92 c1                 setb     %cl
0x000c38f3:  08 d1                    orb      %dl, %cl
0x000c38f5:  75 0b                    jne      0xc3902

----------------
IN: 
0x000c38f7:  66 0f af f0              imull    %eax, %esi
0x000c38fb:  67 66 39 75 ec           cmpl     %esi, -0x14(%ebp)
0x000c3900:  73 26                    jae      0xc3928

----------------
IN: 
0x000c3928:  66 83 c3 0e              addl     $0xe, %ebx
0x000c392c:  e9 50 ff                 jmp      0xc387f

----------------
IN: 
0x000c387f:  67 66 3b 5d e4           cmpl     -0x1c(%ebp), %ebx
0x000c3884:  0f 83 a7 00              jae      0xc392f

----------------
IN: 
0x000c0908:  c2 02 00                 retw     $2

----------------
IN: 
0x000c0b65:  66 83 c0 07              addl     $7, %eax
0x000c0b69:  66 83 e0 f8              andl     $0xfffffff8, %eax
0x000c0b6d:  c2 02 00                 retw     $2

----------------
IN: 
0x000c3902:  2e 67 8b 03              movw     %cs:(%ebx), %ax
0x000c3906:  66 0f b7 c0              movzwl   %ax, %eax
0x000c390a:  66 50                    pushl    %eax
0x000c390c:  66 68 72 58 00 00        pushl    $0x5872
0x000c3912:  50                       pushw    %ax
0x000c3913:  e8 69 eb                 callw    0xc247f

----------------
IN: 
0x000c0d70:  eb 65                    jmp      0xc0dd7

----------------
IN: 
0x000c3916:  66 59                    popl     %ecx
0x000c3918:  66 5e                    popl     %esi
0x000c391a:  8c c8                    movw     %cs, %ax
0x000c391c:  8e c0                    movw     %ax, %es
0x000c391e:  66 b8 ff ff ff ff        movl     $0xffffffff, %eax
0x000c3924:  26 67 89 03              movw     %ax, %es:(%ebx)
0x000c3928:  66 83 c3 0e              addl     $0xe, %ebx
0x000c392c:  e9 50 ff                 jmp      0xc387f

----------------
IN: 
0x000c392f:  67 66 83 7d f0 00        cmpl     $0, -0x10(%ebp)
0x000c3935:  74 22                    je       0xc3959

----------------
IN: 
0x000c3937:  67 66 8b 45 f0           movl     -0x10(%ebp), %eax
0x000c393c:  66 01 f8                 addl     %edi, %eax
0x000c393f:  67 8a 00                 movb     (%eax), %al
0x000c3942:  8c ca                    movw     %cs, %dx
0x000c3944:  8e c2                    movw     %dx, %es
0x000c3946:  26 67 88 87 40 71 00 00  movb     %al, %es:0x7140(%edi)
0x000c394e:  66 47                    incl     %edi
0x000c3950:  66 81 ff 00 01 00 00     cmpl     $0x100, %edi
0x000c3957:  eb dc                    jmp      0xc3935

----------------
IN: 
0x000c393f:  67 8a 00                 movb     (%eax), %al

----------------
IN: 
0x000c3942:  8c ca                    movw     %cs, %dx
0x000c3944:  8e c2                    movw     %dx, %es
0x000c3946:  26 67 88 87 40 71 00 00  movb     %al, %es:0x7140(%edi)
0x000c394e:  66 47                    incl     %edi
0x000c3950:  66 81 ff 00 01 00 00     cmpl     $0x100, %edi
0x000c3957:  eb dc                    jmp      0xc3935

----------------
IN: 
0x000c3935:  74 22                    je       0xc3959

----------------
IN: 
0x000c3959:  2e 66 a1 70 98           movl     %cs:0x9870, %eax
0x000c395e:  66 85 c0                 testl    %eax, %eax
0x000c3961:  0f 85 d2 03              jne      0xc3d37

----------------
IN: 
0x000c3965:  66 b8 40 00 00 00        movl     $0x40, %eax
0x000c396b:  8e c0                    movw     %ax, %es
0x000c396d:  26 8b 16 10 00           movw     %es:0x10, %dx
0x000c3972:  66 83 e2 cf              andl     $0xffffffcf, %edx
0x000c3976:  66 83 ca 20              orl      $0x20, %edx
0x000c397a:  26 89 16 10 00           movw     %dx, %es:0x10
0x000c397f:  8e c0                    movw     %ax, %es
0x000c3981:  b2 51                    movb     $0x51, %dl
0x000c3983:  26 88 16 89 00           movb     %dl, %es:0x89
0x000c3988:  8e c0                    movw     %ax, %es
0x000c398a:  b2 08                    movb     $8, %dl
0x000c398c:  26 88 16 8a 00           movb     %dl, %es:0x8a
0x000c3991:  8e c0                    movw     %ax, %es
0x000c3993:  66 31 d2                 xorl     %edx, %edx
0x000c3996:  26 88 16 65 00           movb     %dl, %es:0x65
0x000c399b:  8e c0                    movw     %ax, %es
0x000c399d:  26 88 16 66 00           movb     %dl, %es:0x66
0x000c39a2:  8c c9                    movw     %cs, %cx
0x000c39a4:  66 c1 e1 10              shll     $0x10, %ecx
0x000c39a8:  66 ba c0 66 00 00        movl     $0x66c0, %edx
0x000c39ae:  66 0f b7 d2              movzwl   %dx, %edx
0x000c39b2:  66 09 ca                 orl      %ecx, %edx
0x000c39b5:  8e c0                    movw     %ax, %es
0x000c39b7:  26 66 89 16 a8 00        movl     %edx, %es:0xa8
0x000c39bd:  8c ca                    movw     %cs, %dx
0x000c39bf:  66 89 d1                 movl     %edx, %ecx
0x000c39c2:  66 c1 e1 10              shll     $0x10, %ecx
0x000c39c6:  66 b8 80 5f 00 00        movl     $0x5f80, %eax
0x000c39cc:  66 0f b7 c0              movzwl   %ax, %eax
0x000c39d0:  66 09 c8                 orl      %ecx, %eax
0x000c39d3:  8e c2                    movw     %dx, %es
0x000c39d5:  26 66 a3 c0 66           movl     %eax, %es:0x66c0
0x000c39da:  67 66 c7 45 ec 5c 5f 00  movl     $0x5f5c, -0x14(%ebp)
0x000c39e2:  00
0x000c39e3:  66 bb 80 5f 00 00        movl     $0x5f80, %ebx
0x000c39e9:  67 66 8b 45 ec           movl     -0x14(%ebp), %eax
0x000c39ee:  2e 67 8a 10              movb     %cs:(%eax), %dl
0x000c39f2:  66 0f b6 d2              movzbl   %dl, %edx
0x000c39f6:  66 85 d2                 testl    %edx, %edx
0x000c39f9:  0f 84 86 01              je       0xc3b83

----------------
IN: 
0x000c3b83:  67 66 ff 45 ec           incl     -0x14(%ebp)
0x000c3b88:  66 83 c3 40              addl     $0x40, %ebx
0x000c3b8c:  66 b8 c0 66 00 00        movl     $0x66c0, %eax
0x000c3b92:  66 39 d8                 cmpl     %ebx, %eax
0x000c3b95:  0f 85 50 fe              jne      0xc39e9

----------------
IN: 
0x000c39e9:  67 66 8b 45 ec           movl     -0x14(%ebp), %eax
0x000c39ee:  2e 67 8a 10              movb     %cs:(%eax), %dl
0x000c39f2:  66 0f b6 d2              movzbl   %dl, %edx
0x000c39f6:  66 85 d2                 testl    %edx, %edx
0x000c39f9:  0f 84 86 01              je       0xc3b83

----------------
IN: 
0x000c39fd:  66 31 c0                 xorl     %eax, %eax
0x000c3a00:  2e 67 8b 88 e0 66 00 00  movw     %cs:0x66e0(%eax), %cx
0x000c3a08:  66 0f b7 c9              movzwl   %cx, %ecx
0x000c3a0c:  66 39 ca                 cmpl     %ecx, %edx
0x000c3a0f:  75 62                    jne      0xc3a73

----------------
IN: 
0x000c3a73:  66 83 c0 2c              addl     $0x2c, %eax
0x000c3a77:  66 3d c0 02 00 00        cmpl     $0x2c0, %eax
0x000c3a7d:  75 81                    jne      0xc3a00

----------------
IN: 
0x000c3a00:  2e 67 8b 88 e0 66 00 00  movw     %cs:0x66e0(%eax), %cx
0x000c3a08:  66 0f b7 c9              movzwl   %cx, %ecx
0x000c3a0c:  66 39 ca                 cmpl     %ecx, %edx
0x000c3a0f:  75 62                    jne      0xc3a73

----------------
IN: 
0x000c3a11:  66 89 c7                 movl     %eax, %edi
0x000c3a14:  9c                       pushfw   
0x000c3a15:  66 81 c7 e2 66 00 00     addl     $0x66e2, %edi
0x000c3a1c:  9d                       popfw    

----------------
IN: 
0x000c3a1d:  67 66 89 7d f0           movl     %edi, -0x10(%ebp)
0x000c3a22:  2e 67 8b b0 e4 66 00 00  movw     %cs:0x66e4(%eax), %si
0x000c3a2a:  66 0f b7 fe              movzwl   %si, %edi
0x000c3a2e:  67 66 89 7d e8           movl     %edi, -0x18(%ebp)
0x000c3a33:  2e 67 8b b8 e6 66 00 00  movw     %cs:0x66e6(%eax), %di
0x000c3a3b:  67 89 7d e4              movw     %di, -0x1c(%ebp)
0x000c3a3f:  66 0f b7 ff              movzwl   %di, %edi
0x000c3a43:  2e 67 8a 88 e2 66 00 00  movb     %cs:0x66e2(%eax), %cl
0x000c3a4b:  2e 67 8a 90 ea 66 00 00  movb     %cs:0x66ea(%eax), %dl
0x000c3a53:  67 88 55 e2              movb     %dl, -0x1e(%ebp)
0x000c3a57:  84 c9                    testb    %cl, %cl
0x000c3a59:  75 27                    jne      0xc3a82

----------------
IN: 
0x000c3a82:  2e 67 8a 90 e9 66 00 00  movb     %cs:0x66e9(%eax), %dl
0x000c3a8a:  8c c8                    movw     %cs, %ax
0x000c3a8c:  8e c0                    movw     %ax, %es
0x000c3a8e:  66 0f b6 f2              movzbl   %dl, %esi
0x000c3a92:  67 66 8b 45 e8           movl     -0x18(%ebp), %eax
0x000c3a97:  66 99                    cltd     
0x000c3a99:  66 f7 fe                 idivl    %esi
0x000c3a9c:  26 67 88 03              movb     %al, %es:(%ebx)
0x000c3aa0:  67 66 0f b6 75 e2        movzbl   -0x1e(%ebp), %esi
0x000c3aa6:  66 89 f8                 movl     %edi, %eax
0x000c3aa9:  66 99                    cltd     
0x000c3aab:  66 f7 fe                 idivl    %esi
0x000c3aae:  66 48                    decl     %eax
0x000c3ab0:  26 67 88 43 01           movb     %al, %es:1(%ebx)
0x000c3ab5:  67 8c 4d e4              movw     %cs, -0x1c(%ebp)
0x000c3ab9:  67 8e 45 e4              movw     -0x1c(%ebp), %es
0x000c3abd:  67 8a 45 e2              movb     -0x1e(%ebp), %al
0x000c3ac1:  26 67 88 43 02           movb     %al, %es:2(%ebx)
0x000c3ac6:  66 0f b6 c1              movzbl   %cl, %eax
0x000c3aca:  66 89 f9                 movl     %edi, %ecx
0x000c3acd:  67 66 8b 55 e8           movl     -0x18(%ebp), %edx
0x000c3ad2:  50                       pushw    %ax
0x000c3ad3:  e8 59 c5                 callw    0xc002f

----------------
IN: 
0x000c002f:  84 c0                    testb    %al, %al
0x000c0031:  74 2b                    je       0xc005e

----------------
IN: 
0x000c0033:  fe c8                    decb     %al
0x000c0035:  66 b8 00 40 00 00        movl     $0x4000, %eax
0x000c003b:  74 38                    je       0xc0075

----------------
IN: 
0x000c0075:  c2 02 00                 retw     $2

----------------
IN: 
0x000c3ad6:  26 67 89 43 03           movw     %ax, %es:3(%ebx)
0x000c3adb:  67 66 8b 45 f0           movl     -0x10(%ebp), %eax
0x000c3ae0:  2e 67 66 8b 70 16        movl     %cs:0x16(%eax), %esi
0x000c3ae6:  66 89 df                 movl     %ebx, %edi
0x000c3ae9:  9c                       pushfw   
0x000c3aea:  66 83 c7 05              addl     $5, %edi
0x000c3aee:  9d                       popfw    

----------------
IN: 
0x000c3aef:  66 b9 04 00 00 00        movl     $4, %ecx
0x000c3af5:  67 66 8b 55 e4           movl     -0x1c(%ebp), %edx
0x000c3afa:  8c d8                    movw     %ds, %ax
0x000c3afc:  8e da                    movw     %dx, %ds
0x000c3afe:  f3 a4                    rep movsb (%si), %es:(%di)

----------------
IN: 
0x000c3b00:  8e d8                    movw     %ax, %ds
0x000c3b02:  67 66 8b 45 f0           movl     -0x10(%ebp), %eax
0x000c3b07:  2e 67 8a 40 1a           movb     %cs:0x1a(%eax), %al
0x000c3b0c:  8c ca                    movw     %cs, %dx
0x000c3b0e:  8e c2                    movw     %dx, %es
0x000c3b10:  26 67 88 43 09           movb     %al, %es:9(%ebx)
0x000c3b15:  67 66 8b 45 f0           movl     -0x10(%ebp), %eax
0x000c3b1a:  2e 67 66 8b 70 1e        movl     %cs:0x1e(%eax), %esi
0x000c3b20:  66 89 df                 movl     %ebx, %edi
0x000c3b23:  9c                       pushfw   
0x000c3b24:  66 83 c7 0a              addl     $0xa, %edi
0x000c3b28:  9d                       popfw    

----------------
IN: 
0x000c3b29:  66 b9 19 00 00 00        movl     $0x19, %ecx
0x000c3b2f:  8c d8                    movw     %ds, %ax
0x000c3b31:  8e da                    movw     %dx, %ds
0x000c3b33:  f3 a4                    rep movsb (%si), %es:(%di)

----------------
IN: 
0x000c3b35:  8e d8                    movw     %ax, %ds
0x000c3b37:  67 66 8b 45 f0           movl     -0x10(%ebp), %eax
0x000c3b3c:  2e 67 66 8b 70 22        movl     %cs:0x22(%eax), %esi
0x000c3b42:  8c ca                    movw     %cs, %dx
0x000c3b44:  8e c2                    movw     %dx, %es
0x000c3b46:  66 89 df                 movl     %ebx, %edi
0x000c3b49:  9c                       pushfw   
0x000c3b4a:  66 83 c7 23              addl     $0x23, %edi
0x000c3b4e:  9d                       popfw    

----------------
IN: 
0x000c3b4f:  66 b9 14 00 00 00        movl     $0x14, %ecx
0x000c3b55:  8c d8                    movw     %ds, %ax
0x000c3b57:  8e da                    movw     %dx, %ds
0x000c3b59:  f3 a4                    rep movsb (%si), %es:(%di)

----------------
IN: 
0x000c3b5b:  8e d8                    movw     %ax, %ds
0x000c3b5d:  67 66 8b 45 f0           movl     -0x10(%ebp), %eax
0x000c3b62:  2e 67 66 8b 70 26        movl     %cs:0x26(%eax), %esi
0x000c3b68:  8c ca                    movw     %cs, %dx
0x000c3b6a:  8e c2                    movw     %dx, %es
0x000c3b6c:  66 89 df                 movl     %ebx, %edi
0x000c3b6f:  9c                       pushfw   
0x000c3b70:  66 83 c7 37              addl     $0x37, %edi
0x000c3b74:  9d                       popfw    

----------------
IN: 
0x000c3b75:  66 b9 09 00 00 00        movl     $9, %ecx
0x000c3b7b:  8c d8                    movw     %ds, %ax
0x000c3b7d:  8e da                    movw     %dx, %ds
0x000c3b7f:  f3 a4                    rep movsb (%si), %es:(%di)

----------------
IN: 
0x000c3b81:  8e d8                    movw     %ax, %ds
0x000c3b83:  67 66 ff 45 ec           incl     -0x14(%ebp)
0x000c3b88:  66 83 c3 40              addl     $0x40, %ebx
0x000c3b8c:  66 b8 c0 66 00 00        movl     $0x66c0, %eax
0x000c3b92:  66 39 d8                 cmpl     %ebx, %eax
0x000c3b95:  0f 85 50 fe              jne      0xc39e9

----------------
IN: 
0x000c3a5b:  8c c8                    movw     %cs, %ax
0x000c3a5d:  8e c0                    movw     %ax, %es
0x000c3a5f:  66 89 f0                 movl     %esi, %eax
0x000c3a62:  26 67 88 03              movb     %al, %es:(%ebx)
0x000c3a66:  67 8a 55 e4              movb     -0x1c(%ebp), %dl
0x000c3a6a:  66 4a                    decl     %edx
0x000c3a6c:  26 67 88 53 01           movb     %dl, %es:1(%ebx)
0x000c3a71:  eb 42                    jmp      0xc3ab5

----------------
IN: 
0x000c3ab5:  67 8c 4d e4              movw     %cs, -0x1c(%ebp)
0x000c3ab9:  67 8e 45 e4              movw     -0x1c(%ebp), %es
0x000c3abd:  67 8a 45 e2              movb     -0x1e(%ebp), %al
0x000c3ac1:  26 67 88 43 02           movb     %al, %es:2(%ebx)
0x000c3ac6:  66 0f b6 c1              movzbl   %cl, %eax
0x000c3aca:  66 89 f9                 movl     %edi, %ecx
0x000c3acd:  67 66 8b 55 e8           movl     -0x18(%ebp), %edx
0x000c3ad2:  50                       pushw    %ax
0x000c3ad3:  e8 59 c5                 callw    0xc002f

----------------
IN: 
0x000c005e:  0f af ca                 imulw    %dx, %cx
0x000c0061:  66 89 c8                 movl     %ecx, %eax
0x000c0064:  9c                       pushfw   
0x000c0065:  66 d1 e0                 shll     $1, %eax
0x000c0068:  66 05 ff 07 00 00        addl     $0x7ff, %eax
0x000c006e:  9d                       popfw    

----------------
IN: 
0x000c006f:  25 00 f8                 andw     $0xf800, %ax
0x000c0072:  c2 02 00                 retw     $2

----------------
IN: 
0x000c003d:  66 0f b7 d2              movzwl   %dx, %edx
0x000c0041:  66 0f b7 c9              movzwl   %cx, %ecx
0x000c0045:  66 0f af d1              imull    %ecx, %edx
0x000c0049:  66 c1 fa 03              sarl     $3, %edx
0x000c004d:  66 89 d0                 movl     %edx, %eax
0x000c0050:  9c                       pushfw   
0x000c0051:  66 05 ff 1f 00 00        addl     $0x1fff, %eax
0x000c0057:  9d                       popfw    

----------------
IN: 
0x000c0058:  25 00 e0                 andw     $0xe000, %ax
0x000c005b:  c2 02 00                 retw     $2

----------------
IN: 
0x000c3b99:  66 b8 e0 66 00 00        movl     $0x66e0, %eax
0x000c3b9f:  66 31 d2                 xorl     %edx, %edx
0x000c3ba2:  2e 67 8b 08              movw     %cs:(%eax), %cx
0x000c3ba6:  83 f9 13                 cmpw     $0x13, %cx
0x000c3ba9:  77 0c                    ja       0xc3bb7

----------------
IN: 
0x000c3bab:  66 bf 01 00 00 00        movl     $1, %edi
0x000c3bb1:  66 d3 e7                 shll     %cl, %edi
0x000c3bb4:  66 09 fa                 orl      %edi, %edx
0x000c3bb7:  66 83 c0 2c              addl     $0x2c, %eax
0x000c3bbb:  66 3d a0 69 00 00        cmpl     $0x69a0, %eax
0x000c3bc1:  75 df                    jne      0xc3ba2

----------------
IN: 
0x000c3ba2:  2e 67 8b 08              movw     %cs:(%eax), %cx
0x000c3ba6:  83 f9 13                 cmpw     $0x13, %cx
0x000c3ba9:  77 0c                    ja       0xc3bb7

----------------
IN: 
0x000c3bb7:  66 83 c0 2c              addl     $0x2c, %eax
0x000c3bbb:  66 3d a0 69 00 00        cmpl     $0x69a0, %eax
0x000c3bc1:  75 df                    jne      0xc3ba2

----------------
IN: 
0x000c3bc3:  8c c8                    movw     %cs, %ax
0x000c3bc5:  8e c0                    movw     %ax, %es
0x000c3bc7:  26 66 89 16 60 98        movl     %edx, %es:0x9860
0x000c3bcd:  66 89 c2                 movl     %eax, %edx
0x000c3bd0:  66 c1 e2 10              shll     $0x10, %edx
0x000c3bd4:  66 b8 07 56 00 00        movl     $0x5607, %eax
0x000c3bda:  66 0f b7 c0              movzwl   %ax, %eax
0x000c3bde:  66 09 d0                 orl      %edx, %eax
0x000c3be1:  66 31 d2                 xorl     %edx, %edx
0x000c3be4:  8e c2                    movw     %dx, %es
0x000c3be6:  26 66 a3 40 00           movl     %eax, %es:0x40
0x000c3beb:  66 31 c0                 xorl     %eax, %eax
0x000c3bee:  66 be 00 f0 ff ff        movl     $0xfffff000, %esi
0x000c3bf4:  8e c6                    movw     %si, %es
0x000c3bf6:  26 67 66 8b 10           movl     %es:(%eax), %edx
0x000c3bfb:  66 81 fa 24 50 4d 4d     cmpl     $0x4d4d5024, %edx
0x000c3c02:  0f 85 e2 00              jne      0xc3ce8

----------------
IN: 
0x000c3ce8:  66 83 c0 10              addl     $0x10, %eax
0x000c3cec:  66 3d 00 00 01 00        cmpl     $0x10000, %eax
0x000c3cf2:  0f 85 fe fe              jne      0xc3bf4

----------------
IN: 
0x000c3bf4:  8e c6                    movw     %si, %es
0x000c3bf6:  26 67 66 8b 10           movl     %es:(%eax), %edx
0x000c3bfb:  66 81 fa 24 50 4d 4d     cmpl     $0x4d4d5024, %edx
0x000c3c02:  0f 85 e2 00              jne      0xc3ce8

----------------
IN: 
0x000c3c06:  26 67 8a 58 05           movb     %es:5(%eax), %bl
0x000c3c0b:  66 0f b6 fb              movzbl   %bl, %edi
0x000c3c0f:  67 66 89 7d f0           movl     %edi, -0x10(%ebp)
0x000c3c14:  66 31 c9                 xorl     %ecx, %ecx
0x000c3c17:  66 31 d2                 xorl     %edx, %edx
0x000c3c1a:  67 66 3b 55 f0           cmpl     -0x10(%ebp), %edx
0x000c3c1f:  73 0c                    jae      0xc3c2d

----------------
IN: 
0x000c3c21:  26 67 8a 1c 10           movb     %es:(%eax, %edx), %bl
0x000c3c26:  66 01 d9                 addl     %ebx, %ecx
0x000c3c29:  66 42                    incl     %edx
0x000c3c2b:  eb ed                    jmp      0xc3c1a

----------------
IN: 
0x000c3c1a:  67 66 3b 55 f0           cmpl     -0x10(%ebp), %edx
0x000c3c1f:  73 0c                    jae      0xc3c2d

----------------
IN: 
0x000c3c2d:  84 c9                    testb    %cl, %cl
0x000c3c2f:  0f 85 b5 00              jne      0xc3ce8

----------------
IN: 
0x000c3c33:  66 ba 00 f0 ff ff        movl     $0xfffff000, %edx
0x000c3c39:  8e c2                    movw     %dx, %es
0x000c3c3b:  26 67 66 8b 58 07        movl     %es:7(%eax), %ebx
0x000c3c41:  66 0f b7 c3              movzwl   %bx, %eax
0x000c3c45:  66 50                    pushl    %eax
0x000c3c47:  66 89 d8                 movl     %ebx, %eax
0x000c3c4a:  66 c1 e8 10              shrl     $0x10, %eax
0x000c3c4e:  66 50                    pushl    %eax
0x000c3c50:  66 68 84 58 00 00        pushl    $0x5884
0x000c3c56:  66 68 00 02 00 00        pushl    $0x200
0x000c3c5c:  66 68 8b 58 00 00        pushl    $0x588b
0x000c3c62:  50                       pushw    %ax
0x000c3c63:  e8 19 e8                 callw    0xc247f

----------------
IN: 
0x000c25d3:  67 66 8b 03              movl     (%ebx), %eax
0x000c25d7:  84 c9                    testb    %cl, %cl
0x000c25d9:  75 06                    jne      0xc25e1

----------------
IN: 
0x000c25db:  66 83 c3 04              addl     $4, %ebx
0x000c25df:  eb 04                    jmp      0xc25e5

----------------
IN: 
0x000c3c66:  66 83 c4 14              addl     $0x14, %esp
0x000c3c6a:  66 89 d9                 movl     %ebx, %ecx
0x000c3c6d:  66 bb 20 00 00 00        movl     $0x20, %ebx
0x000c3c73:  66 be 09 00 00 00        movl     $9, %esi
0x000c3c79:  66 51                    pushl    %ecx
0x000c3c7b:  56                       pushw    %si
0x000c3c7c:  66 6a ff                 pushl    $-1
0x000c3c7f:  66 53                    pushl    %ebx
0x000c3c81:  6a 00                    pushw    $0
0x000c3c83:  67 ff 5c 24 0c           lcallw   *0xc(%esp)

----------------
IN: 
0x000fd0c0:  66 54                    pushl    %esp
0x000fd0c2:  66 0f b7 e4              movzwl   %sp, %esp
0x000fd0c6:  66 9c                    pushfl   
0x000fd0c8:  fa                       cli      
0x000fd0c9:  fc                       cld      
0x000fd0ca:  66 50                    pushl    %eax
0x000fd0cc:  66 51                    pushl    %ecx
0x000fd0ce:  66 52                    pushl    %edx
0x000fd0d0:  66 53                    pushl    %ebx
0x000fd0d2:  66 55                    pushl    %ebp
0x000fd0d4:  66 56                    pushl    %esi
0x000fd0d6:  66 57                    pushl    %edi
0x000fd0d8:  06                       pushw    %es
0x000fd0d9:  1e                       pushw    %ds
0x000fd0da:  66 8c d1                 movl     %ss, %ecx
0x000fd0dd:  8e d9                    movw     %cx, %ds
0x000fd0df:  66 c1 e1 04              shll     $4, %ecx
0x000fd0e3:  66 b8 66 ee ff 06        movl     $0x6ffee66, %eax
0x000fd0e9:  67 66 8d 54 0c 2c        leal     0x2c(%esp, %ecx), %edx
0x000fd0ef:  66 b9 ff ff ff ff        movl     $0xffffffff, %ecx
0x000fd0f5:  66 e8 f2 ab ff ff        calll    0xf7ced

----------------
IN: 
0x000f7ced:  66 55                    pushl    %ebp
0x000f7cef:  66 57                    pushl    %edi
0x000f7cf1:  66 56                    pushl    %esi
0x000f7cf3:  66 53                    pushl    %ebx
0x000f7cf5:  66 89 c7                 movl     %eax, %edi
0x000f7cf8:  66 89 d3                 movl     %edx, %ebx
0x000f7cfb:  2e 66 a1 b4 61           movl     %cs:0x61b4, %eax
0x000f7d00:  66 85 c0                 testl    %eax, %eax
0x000f7d03:  74 52                    je       0xf7d57

----------------
IN: 
0x000f7d05:  66 b8 02 00 00 00        movl     $2, %eax
0x000f7d0b:  66 e8 62 ee ff ff        calll    0xf6b73

----------------
IN: 
0x000f6bd7:  8c d0                    movw     %ss, %ax
0x000f6bd9:  66 b9 80 da 00 00        movl     $0xda80, %ecx
0x000f6bdf:  8e c1                    movw     %cx, %es
0x000f6be1:  26 a3 c0 f9              movw     %ax, %es:0xf9c0
0x000f6be5:  e4 70                    inb      $0x70, %al

----------------
IN: 
0x000f7d11:  66 89 de                 movl     %ebx, %esi
0x000f7d14:  66 89 e5                 movl     %esp, %ebp
0x000f7d17:  66 8c d0                 movl     %ss, %eax
0x000f7d1a:  66 c1 e0 04              shll     $4, %eax
0x000f7d1e:  66 01 c4                 addl     %eax, %esp
0x000f7d21:  66 b8 b5 00 00 00        movl     $0xb5, %eax
0x000f7d27:  66 b9 34 12 00 00        movl     $0x1234, %ecx
0x000f7d2d:  66 bb 38 7d 0f 00        movl     $0xf7d38, %ebx
0x000f7d33:  e6 b2                    outb     %al, $0xb2

----------------
IN: 
0x000a8000:  8c c8                    movw     %cs, %ax
0x000a8002:  ea 66 d0 00 f0           ljmpw    $0xf000:$0xd066

----------------
IN: 
0x000f0c47:  3c b5                    cmpb     $0xb5, %al
0x000f0c49:  0f 85 a3 01 00 00        jne      0xf0df2

----------------
IN: 
0x000f0c4f:  81 fa 00 00 02 00        cmpl     $0x20000, %edx
0x000f0c55:  0f 85 b5 00 00 00        jne      0xf0d10

----------------
IN: 
0x000f0d10:  81 fa 64 00 02 00        cmpl     $0x20064, %edx
0x000f0d16:  0f 85 d6 00 00 00        jne      0xf0df2

----------------
IN: 
0x000f0d1c:  8d 7c 24 08              leal     8(%esp), %edi
0x000f0d20:  8d b3 c0 ff 00 00        leal     0xffc0(%ebx), %esi
0x000f0d26:  b9 10 00 00 00           movl     $0x10, %ecx
0x000f0d2b:  f3 a5                    rep movsl (%esi), %es:(%edi)

----------------
IN: 
0x000f0d2d:  8b 83 e0 ff 00 00        movl     0xffe0(%ebx), %eax
0x000f0d33:  8b 93 e4 ff 00 00        movl     0xffe4(%ebx), %edx
0x000f0d39:  89 04 24                 movl     %eax, (%esp)
0x000f0d3c:  89 54 24 04              movl     %edx, 4(%esp)
0x000f0d40:  8b 83 f0 ff 00 00        movl     0xfff0(%ebx), %eax
0x000f0d46:  3d 34 12 00 00           cmpl     $0x1234, %eax
0x000f0d4b:  75 59                    jne      0xf0da6

----------------
IN: 
0x000f0d4d:  8d bb 00 02 00 00        leal     0x200(%ebx), %edi
0x000f0d53:  b9 80 00 00 00           movl     $0x80, %ecx
0x000f0d58:  8d b3 00 fe 00 00        leal     0xfe00(%ebx), %esi
0x000f0d5e:  f3 a5                    rep movsl (%esi), %es:(%edi)

----------------
IN: 
0x000f0d60:  b9 80 00 00 00           movl     $0x80, %ecx
0x000f0d65:  8d bb 00 fe 00 00        leal     0xfe00(%ebx), %edi
0x000f0d6b:  89 de                    movl     %ebx, %esi
0x000f0d6d:  f3 a5                    rep movsl (%esi), %es:(%edi)

----------------
IN: 
0x000f0d6f:  8d bb c0 ff 00 00        leal     0xffc0(%ebx), %edi
0x000f0d75:  b9 10 00 00 00           movl     $0x10, %ecx
0x000f0d7a:  8d 74 24 08              leal     8(%esp), %esi
0x000f0d7e:  f3 a5                    rep movsl (%esi), %es:(%edi)

----------------
IN: 
0x000f0d80:  8b 04 24                 movl     (%esp), %eax
0x000f0d83:  31 d2                    xorl     %edx, %edx
0x000f0d85:  89 83 78 ff 00 00        movl     %eax, 0xff78(%ebx)
0x000f0d8b:  89 93 7c ff 00 00        movl     %edx, 0xff7c(%ebx)
0x000f0d91:  b8 01 00 00 00           movl     $1, %eax
0x000f0d96:  e8 45 94 ff ff           calll    0xea1e0

----------------
IN: 
0x000ea1e0:  89 c1                    movl     %eax, %ecx
0x000ea1e2:  e4 92                    inb      $0x92, %al

----------------
IN: 
0x000ea1e4:  88 c2                    movb     %al, %dl
0x000ea1e6:  d0 ea                    shrb     $1, %dl
0x000ea1e8:  83 e2 01                 andl     $1, %edx
0x000ea1eb:  83 e1 01                 andl     $1, %ecx
0x000ea1ee:  38 ca                    cmpb     %cl, %dl
0x000ea1f0:  74 05                    je       0xea1f7

----------------
IN: 
0x000ea1f7:  88 d0                    movb     %dl, %al
0x000ea1f9:  c3                       retl     

----------------
IN: 
0x000f0d9b:  0f b6 c0                 movzbl   %al, %eax
0x000f0d9e:  89 83 00 04 00 00        movl     %eax, 0x400(%ebx)
0x000f0da4:  eb 4c                    jmp      0xf0df2

----------------
IN: 
0x000f7d38:  89 f0                    movl     %esi, %eax
0x000f7d3a:  ff d7                    calll    *%edi

----------------
IN: 
0x06ffee66:  55                       pushl    %ebp
0x06ffee67:  57                       pushl    %edi
0x06ffee68:  56                       pushl    %esi
0x06ffee69:  53                       pushl    %ebx
0x06ffee6a:  83 ec 08                 subl     $8, %esp
0x06ffee6d:  89 c3                    movl     %eax, %ebx
0x06ffee6f:  0f b7 00                 movzwl   (%eax), %eax
0x06ffee72:  89 c6                    movl     %eax, %esi
0x06ffee74:  50                       pushl    %eax
0x06ffee75:  68 7e 42 0f 00           pushl    $0xf427e
0x06ffee7a:  e8 5a e0 0e f9           calll    0xeced9

----------------
IN: 
0x06ffee7f:  5d                       popl     %ebp
0x06ffee80:  58                       popl     %eax
0x06ffee81:  66 83 fe 01              cmpw     $1, %si
0x06ffee85:  0f 84 55 01 00 00        je       0x6ffefe0

----------------
IN: 
0x06ffee8b:  66 83 fe 02              cmpw     $2, %si
0x06ffee8f:  0f 84 80 01 00 00        je       0x6fff015

----------------
IN: 
0x06ffee95:  66 85 f6                 testw    %si, %si
0x06ffee98:  0f 85 88 01 00 00        jne      0x6fff026

----------------
IN: 
0x06ffee9e:  8b 73 02                 movl     2(%ebx), %esi
0x06ffeea1:  66 8b 53 0a              movw     0xa(%ebx), %dx
0x06ffeea5:  89 d0                    movl     %edx, %eax
0x06ffeea7:  66 83 e0 08              andw     $8, %ax
0x06ffeeab:  66 89 04 24              movw     %ax, (%esp)
0x06ffeeaf:  75 0c                    jne      0x6ffeebd

----------------
IN: 
0x06ffeebd:  bf 84 fe ff 06           movl     $0x6fffe84, %edi
0x06ffeec2:  b8 88 fe ff 06           movl     $0x6fffe88, %eax
0x06ffeec7:  85 f6                    testl    %esi, %esi
0x06ffeec9:  75 45                    jne      0x6ffef10

----------------
IN: 
0x06ffef10:  c1 e6 04                 shll     $4, %esi
0x06ffef13:  85 f6                    testl    %esi, %esi
0x06ffef15:  7e c7                    jle      0x6ffeede

----------------
IN: 
0x06ffef17:  8b 6b 06                 movl     6(%ebx), %ebp
0x06ffef1a:  b9 10 00 00 00           movl     $0x10, %ecx
0x06ffef1f:  f6 c2 04                 testb    $4, %dl
0x06ffef22:  74 16                    je       0x6ffef3a

----------------
IN: 
0x06ffef3a:  83 e2 03                 andl     $3, %edx
0x06ffef3d:  66 83 fa 02              cmpw     $2, %dx
0x06ffef41:  74 0e                    je       0x6ffef51

----------------
IN: 
0x06ffef43:  66 83 fa 03              cmpw     $3, %dx
0x06ffef47:  74 52                    je       0x6ffef9b

----------------
IN: 
0x06ffef49:  66 4a                    decw     %dx
0x06ffef4b:  89 f2                    movl     %esi, %edx
0x06ffef4d:  74 63                    je       0x6ffefb2

----------------
IN: 
0x06ffefb2:  e8 0e f9 fe ff           calll    0x6fee8c5

----------------
IN: 
0x06ffefb7:  89 c3                    movl     %eax, %ebx
0x06ffefb9:  85 c0                    testl    %eax, %eax
0x06ffefbb:  0f 84 1d ff ff ff        je       0x6ffeede

----------------
IN: 
0x06ffefc1:  83 fd ff                 cmpl     $-1, %ebp
0x06ffefc4:  74 65                    je       0x6fff02b

----------------
IN: 
0x06fff02b:  89 d8                    movl     %ebx, %eax
0x06fff02d:  83 c4 08                 addl     $8, %esp
0x06fff030:  5b                       popl     %ebx
0x06fff031:  5e                       popl     %esi
0x06fff032:  5f                       popl     %edi
0x06fff033:  5d                       popl     %ebp
0x06fff034:  c3                       retl     

----------------
IN: 
0x000f7d3c:  89 c6                    movl     %eax, %esi
0x000f7d3e:  b8 b5 00 00 00           movl     $0xb5, %eax
0x000f7d43:  b9 78 56 00 00           movl     $0x5678, %ecx
0x000f7d48:  bb 52 7d 00 00           movl     $0x7d52, %ebx
0x000f7d4d:  e6 b2                    outb     %al, $0xb2

----------------
IN: 
0x000f0da6:  3d 78 56 00 00           cmpl     $0x5678, %eax
0x000f0dab:  75 45                    jne      0xf0df2

----------------
IN: 
0x000f0dad:  8d b3 00 02 00 00        leal     0x200(%ebx), %esi
0x000f0db3:  b9 80 00 00 00           movl     $0x80, %ecx
0x000f0db8:  8d bb 00 fe 00 00        leal     0xfe00(%ebx), %edi
0x000f0dbe:  f3 a5                    rep movsl (%esi), %es:(%edi)

----------------
IN: 
0x000f0dc0:  8d bb c0 ff 00 00        leal     0xffc0(%ebx), %edi
0x000f0dc6:  b9 10 00 00 00           movl     $0x10, %ecx
0x000f0dcb:  8d 74 24 08              leal     8(%esp), %esi
0x000f0dcf:  f3 a5                    rep movsl (%esi), %es:(%edi)

----------------
IN: 
0x000f0dd1:  83 bb 00 04 00 00 00     cmpl     $0, 0x400(%ebx)
0x000f0dd8:  75 07                    jne      0xf0de1

----------------
IN: 
0x000f0de1:  8b 04 24                 movl     (%esp), %eax
0x000f0de4:  31 d2                    xorl     %edx, %edx
0x000f0de6:  89 83 78 ff 00 00        movl     %eax, 0xff78(%ebx)
0x000f0dec:  89 93 7c ff 00 00        movl     %edx, 0xff7c(%ebx)
0x000f0df2:  8d 65 f4                 leal     -0xc(%ebp), %esp
0x000f0df5:  5b                       popl     %ebx
0x000f0df6:  5e                       popl     %esi
0x000f0df7:  5f                       popl     %edi
0x000f0df8:  5d                       popl     %ebp
0x000f0df9:  c3                       retl     

----------------
IN: 
0x000f7d52:  66 89 ec                 movl     %ebp, %esp
0x000f7d55:  eb 47                    jmp      0xf7d9e

----------------
IN: 
0x000f7d9e:  66 e8 4c f2 ff ff        calll    0xf6ff0

----------------
IN: 
0x000f7da4:  66 89 f0                 movl     %esi, %eax
0x000f7da7:  66 5b                    popl     %ebx
0x000f7da9:  66 5e                    popl     %esi
0x000f7dab:  66 5f                    popl     %edi
0x000f7dad:  66 5d                    popl     %ebp
0x000f7daf:  66 c3                    retl     

----------------
IN: 
0x000fd0fb:  67 89 44 24 1c           movw     %ax, 0x1c(%esp)
0x000fd100:  66 c1 e8 10              shrl     $0x10, %eax
0x000fd104:  67 89 44 24 14           movw     %ax, 0x14(%esp)
0x000fd109:  1f                       popw     %ds
0x000fd10a:  07                       popw     %es
0x000fd10b:  66 5f                    popl     %edi
0x000fd10d:  66 5e                    popl     %esi
0x000fd10f:  66 5d                    popl     %ebp
0x000fd111:  66 5b                    popl     %ebx
0x000fd113:  66 5a                    popl     %edx
0x000fd115:  66 59                    popl     %ecx
0x000fd117:  66 58                    popl     %eax
0x000fd119:  66 9d                    popfl    

----------------
IN: 
0x000fd11b:  66 5c                    popl     %esp
0x000fd11d:  cb                       lretw    

----------------
IN: 
0x000c3c88:  66 83 c4 10              addl     $0x10, %esp
0x000c3c8c:  fa                       cli      
0x000c3c8d:  fc                       cld      
0x000c3c8e:  66 c1 e2 10              shll     $0x10, %edx
0x000c3c92:  66 0f b7 c0              movzwl   %ax, %eax
0x000c3c96:  66 89 d3                 movl     %edx, %ebx
0x000c3c99:  66 09 c3                 orl      %eax, %ebx
0x000c3c9c:  66 89 d8                 movl     %ebx, %eax
0x000c3c9f:  9c                       pushfw   
0x000c3ca0:  66 83 c0 ff              addl     $-1, %eax
0x000c3ca4:  9d                       popfw    

----------------
IN: 
0x000c3ca5:  66 83 f8 fd              cmpl     $-3, %eax
0x000c3ca9:  77 4b                    ja       0xc3cf6

----------------
IN: 
0x000c3cab:  66 53                    pushl    %ebx
0x000c3cad:  66 68 c9 58 00 00        pushl    $0x58c9
0x000c3cb3:  50                       pushw    %ax
0x000c3cb4:  e8 c8 e7                 callw    0xc247f

----------------
IN: 
0x000c3cb7:  66 58                    popl     %eax
0x000c3cb9:  66 5a                    popl     %edx
0x000c3cbb:  8c c8                    movw     %cs, %ax
0x000c3cbd:  8e c0                    movw     %ax, %es
0x000c3cbf:  66 c1 eb 04              shrl     $4, %ebx
0x000c3cc3:  26 89 1e 78 98           movw     %bx, %es:0x9878
0x000c3cc8:  66 89 c2                 movl     %eax, %edx
0x000c3ccb:  66 c1 e2 10              shll     $0x10, %edx
0x000c3ccf:  66 b8 3f 56 00 00        movl     $0x563f, %eax
0x000c3cd5:  66 0f b7 c0              movzwl   %ax, %eax
0x000c3cd9:  66 09 d0                 orl      %edx, %eax
0x000c3cdc:  66 31 d2                 xorl     %edx, %edx
0x000c3cdf:  8e c2                    movw     %dx, %es
0x000c3ce1:  26 66 a3 40 00           movl     %eax, %es:0x40
0x000c3ce6:  eb 0e                    jmp      0xc3cf6

----------------
IN: 
0x000c3cf6:  8c c8                    movw     %cs, %ax
0x000c3cf8:  8e c0                    movw     %ax, %es
0x000c3cfa:  66 b8 01 00 00 00        movl     $1, %eax
0x000c3d00:  26 66 a3 70 98           movl     %eax, %es:0x9870
0x000c3d05:  66 31 c0                 xorl     %eax, %eax
0x000c3d08:  26 a2 06 00              movb     %al, %es:6
0x000c3d0c:  2e 8a 16 02 00           movb     %cs:2, %dl
0x000c3d11:  66 0f b6 d2              movzbl   %dl, %edx
0x000c3d15:  66 c1 e2 09              shll     $9, %edx
0x000c3d19:  66 31 c9                 xorl     %ecx, %ecx
0x000c3d1c:  66 39 d1                 cmpl     %edx, %ecx
0x000c3d1f:  73 0b                    jae      0xc3d2c

----------------
IN: 
0x000c3d21:  26 67 8a 19              movb     %es:(%ecx), %bl
0x000c3d25:  66 01 d8                 addl     %ebx, %eax
0x000c3d28:  66 41                    incl     %ecx
0x000c3d2a:  eb f0                    jmp      0xc3d1c

----------------
IN: 
0x000c3d1c:  66 39 d1                 cmpl     %edx, %ecx
0x000c3d1f:  73 0b                    jae      0xc3d2c

----------------
IN: 
0x000c3d2c:  8c ca                    movw     %cs, %dx
0x000c3d2e:  8e c2                    movw     %dx, %es
0x000c3d30:  66 f7 d8                 negl     %eax
0x000c3d33:  26 a2 06 00              movb     %al, %es:6
0x000c3d37:  8d 66 f4                 leaw     -0xc(%bp), %sp
0x000c3d3a:  66 5b                    popl     %ebx
0x000c3d3c:  66 5e                    popl     %esi
0x000c3d3e:  66 5f                    popl     %edi
0x000c3d40:  66 5d                    popl     %ebp
0x000c3d42:  c2 02 00                 retw     $2

----------------
IN: 
0x000c55f3:  66 89 dc                 movl     %ebx, %esp
0x000c55f6:  1f                       popw     %ds
0x000c55f7:  07                       popw     %es
0x000c55f8:  66 5f                    popl     %edi
0x000c55fa:  66 5e                    popl     %esi
0x000c55fc:  66 5d                    popl     %ebp
0x000c55fe:  66 5b                    popl     %ebx
0x000c5600:  66 5a                    popl     %edx
0x000c5602:  66 59                    popl     %ecx
0x000c5604:  66 58                    popl     %eax
0x000c5606:  cb                       lretw    

----------------
IN: 
0x000eefcb:  e8 48 db ff ff           calll    0xecb18

----------------
IN: 
0x000ecb18:  e8 e8 d6 ff ff           calll    0xea205

----------------
IN: 
0x000ecb1d:  85 c0                    testl    %eax, %eax
0x000ecb1f:  75 05                    jne      0xecb26

----------------
IN: 
0x000ecb21:  e9 c5 ff ff ff           jmp      0xecaeb

----------------
IN: 
0x000eefd0:  83 c4 34                 addl     $0x34, %esp
0x000eefd3:  5b                       popl     %ebx
0x000eefd4:  5e                       popl     %esi
0x000eefd5:  5f                       popl     %edi
0x000eefd6:  c3                       retl     

----------------
IN: 
0x06ff5571:  0f b6 5b 02              movzbl   2(%ebx), %ebx
0x06ff5575:  c1 e3 09                 shll     $9, %ebx
0x06ff5578:  89 d8                    movl     %ebx, %eax
0x06ff557a:  e8 13 6e ff ff           calll    0x6fec392

----------------
IN: 
0x06ff557f:  85 c0                    testl    %eax, %eax
0x06ff5581:  75 16                    jne      0x6ff5599

----------------
IN: 
0x06ff5599:  a1 60 fe ff 06           movl     0x6fffe60, %eax
0x06ff559e:  8d 84 03 ff 07 00 00     leal     0x7ff(%ebx, %eax), %eax
0x06ff55a5:  25 00 f8 ff ff           andl     $0xfffff800, %eax
0x06ff55aa:  a3 60 fe ff 06           movl     %eax, 0x6fffe60
0x06ff55af:  83 c4 24                 addl     $0x24, %esp
0x06ff55b2:  5b                       popl     %ebx
0x06ff55b3:  5e                       popl     %esi
0x06ff55b4:  5f                       popl     %edi
0x06ff55b5:  5d                       popl     %ebp
0x06ff55b6:  c3                       retl     

----------------
IN: 
0x06ff56c5:  0f b7 d7                 movzwl   %di, %edx
0x06ff56c8:  81 ca 00 00 00 f0        orl      $0xf0000000, %edx
0x06ff56ce:  3b 15 64 00 00 00        cmpl     0x64, %edx
0x06ff56d4:  0f 95 c2                 setne    %dl
0x06ff56d7:  8b 4c 24 0c              movl     0xc(%esp), %ecx
0x06ff56db:  39 4c 24 08              cmpl     %ecx, 8(%esp)
0x06ff56df:  0f 94 c1                 sete     %cl
0x06ff56e2:  21 ca                    andl     %ecx, %edx
0x06ff56e4:  8b 04 24                 movl     (%esp), %eax
0x06ff56e7:  09 e8                    orl      %ebp, %eax
0x06ff56e9:  0f 94 c1                 sete     %cl
0x06ff56ec:  84 ca                    testb    %cl, %dl
0x06ff56ee:  74 30                    je       0x6ff5720

----------------
IN: 
0x06ff5720:  83 c4 24                 addl     $0x24, %esp
0x06ff5723:  5b                       popl     %ebx
0x06ff5724:  5e                       popl     %esi
0x06ff5725:  5f                       popl     %edi
0x06ff5726:  5d                       popl     %ebp
0x06ff5727:  c3                       retl     

----------------
IN: 
0x06ffbd77:  eb 65                    jmp      0x6ffbdde

----------------
IN: 
0x06ffbdde:  31 c9                    xorl     %ecx, %ecx
0x06ffbde0:  ba 01 00 00 00           movl     $1, %edx
0x06ffbde5:  b8 18 38 0f 00           movl     $0xf3818, %eax
0x06ffbdea:  e8 c8 97 ff ff           calll    0x6ff55b7

----------------
IN: 
0x06ff55b7:  55                       pushl    %ebp
0x06ff55b8:  57                       pushl    %edi
0x06ff55b9:  56                       pushl    %esi
0x06ff55ba:  53                       pushl    %ebx
0x06ff55bb:  89 c5                    movl     %eax, %ebp
0x06ff55bd:  89 d7                    movl     %edx, %edi
0x06ff55bf:  89 ce                    movl     %ecx, %esi
0x06ff55c1:  31 db                    xorl     %ebx, %ebx
0x06ff55c3:  89 da                    movl     %ebx, %edx
0x06ff55c5:  89 e8                    movl     %ebp, %eax
0x06ff55c7:  e8 50 6e ff ff           calll    0x6fec41c

----------------
IN: 
0x06fec41c:  57                       pushl    %edi
0x06fec41d:  56                       pushl    %esi
0x06fec41e:  53                       pushl    %ebx
0x06fec41f:  89 c6                    movl     %eax, %esi
0x06fec421:  89 d1                    movl     %edx, %ecx
0x06fec423:  e8 78 df 0f f9           calll    0xea3a0

----------------
IN: 
0x06fec428:  89 c7                    movl     %eax, %edi
0x06fec42a:  8b 1d 5c fe ff 06        movl     0x6fffe5c, %ebx
0x06fec430:  85 c9                    testl    %ecx, %ecx
0x06fec432:  74 16                    je       0x6fec44a

----------------
IN: 
0x06fec44a:  85 db                    testl    %ebx, %ebx
0x06fec44c:  75 ea                    jne      0x6fec438

----------------
IN: 
0x06fec438:  8d 53 04                 leal     4(%ebx), %edx
0x06fec43b:  89 f9                    movl     %edi, %ecx
0x06fec43d:  89 f0                    movl     %esi, %eax
0x06fec43f:  e8 69 df 0f f9           calll    0xea3ad

----------------
IN: 
0x06fec444:  85 c0                    testl    %eax, %eax
0x06fec446:  74 06                    je       0x6fec44e

----------------
IN: 
0x06fec448:  8b 1b                    movl     (%ebx), %ebx
0x06fec44a:  85 db                    testl    %ebx, %ebx
0x06fec44c:  75 ea                    jne      0x6fec438

----------------
IN: 
0x06fec44e:  89 d8                    movl     %ebx, %eax
0x06fec450:  5b                       popl     %ebx
0x06fec451:  5e                       popl     %esi
0x06fec452:  5f                       popl     %edi
0x06fec453:  c3                       retl     

----------------
IN: 
0x06ff55cc:  89 c3                    movl     %eax, %ebx
0x06ff55ce:  85 c0                    testl    %eax, %eax
0x06ff55d0:  74 2a                    je       0x6ff55fc

----------------
IN: 
0x06ff55fc:  5b                       popl     %ebx
0x06ff55fd:  5e                       popl     %esi
0x06ff55fe:  5f                       popl     %edi
0x06ff55ff:  5d                       popl     %ebp
0x06ff5600:  c3                       retl     

----------------
IN: 
0x06ffbdef:  31 c0                    xorl     %eax, %eax
0x06ffbdf1:  e8 9c 05 ff ff           calll    0x6fec392

----------------
IN: 
0x06ffbdf6:  81 3d 60 fe ff 06 00 00  cmpl     $0xc0000, 0x6fffe60
0x06ffbdfe:  0c 00
0x06ffbe00:  74 0a                    je       0x6ffbe0c

----------------
IN: 
0x06ffbe02:  c7 05 84 4d 0f 00 00 00  movl     $0xc0000, 0xf4d84
0x06ffbe0a:  0c 00
0x06ffbe0c:  31 d2                    xorl     %edx, %edx
0x06ffbe0e:  31 c9                    xorl     %ecx, %ecx
0x06ffbe10:  b8 0f 20 0f 00           movl     $0xf200f, %eax
0x06ffbe15:  e8 05 23 ff ff           calll    0x6fee11f

----------------
IN: 
0x06fecbc9:  57                       pushl    %edi
0x06fecbca:  56                       pushl    %esi
0x06fecbcb:  89 ce                    movl     %ecx, %esi
0x06fecbcd:  8b 88 84 00 00 00        movl     0x84(%eax), %ecx
0x06fecbd3:  39 ce                    cmpl     %ecx, %esi
0x06fecbd5:  72 12                    jb       0x6fecbe9

----------------
IN: 
0x06fecbd7:  8b b0 8c 00 00 00        movl     0x8c(%eax), %esi
0x06fecbdd:  89 d7                    movl     %edx, %edi
0x06fecbdf:  f3 a4                    rep movsb (%esi), %es:(%edi)

----------------
IN: 
0x06fecbe1:  8b 80 84 00 00 00        movl     0x84(%eax), %eax
0x06fecbe7:  eb 05                    jmp      0x6fecbee

----------------
IN: 
0x06fecbee:  5e                       popl     %esi
0x06fecbef:  5f                       popl     %edi
0x06fecbf0:  c3                       retl     

----------------
IN: 
0x06ffbe1a:  89 c3                    movl     %eax, %ebx
0x06ffbe1c:  66 85 c0                 testw    %ax, %ax
0x06ffbe1f:  0f 84 9c 00 00 00        je       0x6ffbec1

----------------
IN: 
0x06ffbe25:  0f b7 c0                 movzwl   %ax, %eax
0x06ffbe28:  50                       pushl    %eax
0x06ffbe29:  68 21 38 0f 00           pushl    $0xf3821
0x06ffbe2e:  e8 a6 10 0f f9           calll    0xeced9

----------------
IN: 
0x06ffbe33:  8b 3d 40 00 00 00        movl     0x40, %edi
0x06ffbe39:  66 8b 35 42 00 00 00     movw     0x42, %si
0x06ffbe40:  bd 65 f0 0f 00           movl     $0xff065, %ebp
0x06ffbe45:  58                       popl     %eax
0x06ffbe46:  5a                       popl     %edx
0x06ffbe47:  66 81 fe 00 f0           cmpw     $0xf000, %si
0x06ffbe4c:  75 05                    jne      0x6ffbe53

----------------
IN: 
0x06ffbe53:  0f b7 c7                 movzwl   %di, %eax
0x06ffbe56:  50                       pushl    %eax
0x06ffbe57:  0f b7 c6                 movzwl   %si, %eax
0x06ffbe5a:  50                       pushl    %eax
0x06ffbe5b:  68 3c 38 0f 00           pushl    $0xf383c
0x06ffbe60:  e8 74 10 0f f9           calll    0xeced9

----------------
IN: 
0x06ffbe65:  66 89 3d c4 60 0f 00     movw     %di, 0xf60c4
0x06ffbe6c:  66 89 35 c6 60 0f 00     movw     %si, 0xf60c6
0x06ffbe73:  c6 05 72 99 0e 00 01     movb     $1, 0xe9972
0x06ffbe7a:  83 c4 0c                 addl     $0xc, %esp
0x06ffbe7d:  eb 1b                    jmp      0x6ffbe9a

----------------
IN: 
0x06ffbe9a:  b8 9a d2 0f 00           movl     $0xfd29a, %eax
0x06ffbe9f:  66 a3 40 00 00 00        movw     %ax, 0x40
0x06ffbea5:  66 c7 05 42 00 00 00 00  movw     $0xf000, 0x42
0x06ffbead:  f0
0x06ffbeae:  66 89 1d 74 99 0e 00     movw     %bx, 0xe9974
0x06ffbeb5:  8d 53 03                 leal     3(%ebx), %edx
0x06ffbeb8:  b0 03                    movb     $3, %al
0x06ffbeba:  ee                       outb     %al, %dx

----------------
IN: 
0x06ffbebb:  8d 53 02                 leal     2(%ebx), %edx
0x06ffbebe:  b0 01                    movb     $1, %al
0x06ffbec0:  ee                       outb     %al, %dx

----------------
IN: 
0x06ffbec1:  e8 87 67 ff ff           calll    0x6ff264d

----------------
IN: 
0x06ff264d:  55                       pushl    %ebp
0x06ff264e:  57                       pushl    %edi
0x06ff264f:  56                       pushl    %esi
0x06ff2650:  53                       pushl    %ebx
0x06ff2651:  83 ec 68                 subl     $0x68, %esp
0x06ff2654:  68 70 1d 0f 00           pushl    $0xf1d70
0x06ff2659:  e8 7b a8 0f f9           calll    0xeced9

----------------
IN: 
0x06ff265e:  b9 26 00 00 00           movl     $0x26, %ecx
0x06ff2663:  31 d2                    xorl     %edx, %edx
0x06ff2665:  8d 44 24 46              leal     0x46(%esp), %eax
0x06ff2669:  e8 62 90 0f f9           calll    0xeb6d0

----------------
IN: 
0x06ff266e:  66 c7 44 24 62 03 00     movw     $3, 0x62(%esp)
0x06ff2675:  e8 b6 bd ff ff           calll    0x6fee430

----------------
IN: 
0x06fee430:  89 c1                    movl     %eax, %ecx
0x06fee432:  66 c7 40 24 00 02        movw     $0x200, 0x24(%eax)
0x06fee438:  e8 10 da 0f f9           calll    0xebe4d

----------------
IN: 
0x06fee43d:  ba 54 d0 0f 00           movl     $0xfd054, %edx
0x06fee442:  0f b7 d2                 movzwl   %dx, %edx
0x06fee445:  89 c8                    movl     %ecx, %eax
0x06fee447:  e8 e4 e9 0f f9           calll    0xece30

----------------
IN: 
0x000ece30:  66 89 50 20              movw     %dx, 0x20(%eax)
0x000ece34:  66 c7 40 22 00 f0        movw     $0xf000, 0x22(%eax)
0x000ece3a:  0f b7 15 c0 a1 0e 00     movzwl   0xea1c0, %edx
0x000ece41:  89 d1                    movl     %edx, %ecx
0x000ece43:  c1 e1 04                 shll     $4, %ecx
0x000ece46:  29 c8                    subl     %ecx, %eax
0x000ece48:  b9 51 81 0f 00           movl     $0xf8151, %ecx
0x000ece4d:  e9 f7 fb ff ff           jmp      0xeca49

----------------
IN: 
0x000fd054:  cd 10                    int      $0x10

----------------
IN: 
0x000fd29a:  9c                       pushfw   
0x000fd29b:  2e 66 ff 36 c4 60        pushl    %cs:0x60c4
0x000fd2a1:  fa                       cli      
0x000fd2a2:  fc                       cld      
0x000fd2a3:  1e                       pushw    %ds
0x000fd2a4:  66 50                    pushl    %eax
0x000fd2a6:  66 b8 80 da 00 00        movl     $0xda80, %eax
0x000fd2ac:  8e d8                    movw     %ax, %ds
0x000fd2ae:  66 89 e0                 movl     %esp, %eax
0x000fd2b1:  66 68 b9 d2 00 00        pushl    $0xd2b9
0x000fd2b7:  66 c3                    retl     

----------------
IN: 
0x000fd2b9:  66 39 e0                 cmpl     %esp, %eax
0x000fd2bc:  75 1c                    jne      0xfd2da

----------------
IN: 
0x000fd2be:  80 3e 71 f1 00           cmpb     $0, 0xf171
0x000fd2c3:  74 0c                    je       0xfd2d1

----------------
IN: 
0x000fd2d1:  66 58                    popl     %eax
0x000fd2d3:  1f                       popw     %ds
0x000fd2d4:  83 f8 07                 cmpw     $7, %ax
0x000fd2d7:  7e ef                    jle      0xfd2c8

----------------
IN: 
0x000fd2c8:  66 68 80 c5 00 00        pushl    $0xc580
0x000fd2ce:  e9 9d 00                 jmp      0xfd36e

----------------
IN: 
0x000fd36e:  fa                       cli      
0x000fd36f:  fc                       cld      
0x000fd370:  1e                       pushw    %ds
0x000fd371:  66 50                    pushl    %eax
0x000fd373:  66 b8 80 da 00 00        movl     $0xda80, %eax
0x000fd379:  8e d8                    movw     %ax, %ds
0x000fd37b:  66 a1 b0 f1              movl     0xf1b0, %eax
0x000fd37f:  66 83 e8 30              subl     $0x30, %eax
0x000fd383:  67 66 8f 40 1c           popl     0x1c(%eax)
0x000fd388:  67 8f 00                 popw     (%eax)
0x000fd38b:  67 66 89 78 04           movl     %edi, 4(%eax)
0x000fd390:  67 66 89 70 08           movl     %esi, 8(%eax)
0x000fd395:  67 66 89 68 0c           movl     %ebp, 0xc(%eax)
0x000fd39a:  67 66 89 58 10           movl     %ebx, 0x10(%eax)
0x000fd39f:  67 66 89 50 14           movl     %edx, 0x14(%eax)
0x000fd3a4:  67 66 89 48 18           movl     %ecx, 0x18(%eax)
0x000fd3a9:  67 8c 40 02              movw     %es, 2(%eax)
0x000fd3ad:  66 59                    popl     %ecx
0x000fd3af:  67 66 89 60 28           movl     %esp, 0x28(%eax)
0x000fd3b4:  67 8c 50 2c              movw     %ss, 0x2c(%eax)
0x000fd3b8:  67 66 8f 40 20           popl     0x20(%eax)
0x000fd3bd:  67 8f 40 24              popw     0x24(%eax)
0x000fd3c1:  8c da                    movw     %ds, %dx
0x000fd3c3:  8e d2                    movw     %dx, %ss

----------------
IN: 
0x000fd3c5:  66 89 c4                 movl     %eax, %esp

----------------
IN: 
0x000fd3c8:  66 ff d1                 calll    *%ecx

----------------
IN: 
0x000fc580:  66 57                    pushl    %edi
0x000fc582:  66 56                    pushl    %esi
0x000fc584:  66 53                    pushl    %ebx
0x000fc586:  66 89 c3                 movl     %eax, %ebx
0x000fc589:  66 be 80 da 00 00        movl     $0xda80, %esi
0x000fc58f:  8e c6                    movw     %si, %es
0x000fc591:  26 a1 74 f1              movw     %es:0xf174, %ax
0x000fc595:  85 c0                    testw    %ax, %ax
0x000fc597:  0f 84 c6 03              je       0xfc961

----------------
IN: 
0x000fc59b:  67 8a 43 1d              movb     0x1d(%ebx), %al
0x000fc59f:  3c 0f                    cmpb     $0xf, %al
0x000fc5a1:  77 17                    ja       0xfc5ba

----------------
IN: 
0x000fc5a3:  66 ba 0e 81 00 00        movl     $0x810e, %edx
0x000fc5a9:  66 0f a3 c2              btl      %eax, %edx
0x000fc5ad:  73 0b                    jae      0xfc5ba

----------------
IN: 
0x000fc5ba:  3c 08                    cmpb     $8, %al
0x000fc5bc:  0f 84 f6 01              je       0xfc7b6

----------------
IN: 
0x000fc5c0:  77 1f                    ja       0xfc5e1

----------------
IN: 
0x000fc5c2:  3c 02                    cmpb     $2, %al
0x000fc5c4:  0f 84 2f 01              je       0xfc6f7

----------------
IN: 
0x000fc5c8:  77 08                    ja       0xfc5d2

----------------
IN: 
0x000fc5ca:  84 c0                    testb    %al, %al
0x000fc5cc:  0f 85 14 01              jne      0xfc6e4

----------------
IN: 
0x000fc5d0:  eb 2f                    jmp      0xfc601

----------------
IN: 
0x000fc601:  67 66 0f b6 7b 1c        movzbl   0x1c(%ebx), %edi
0x000fc607:  8e c6                    movw     %si, %es
0x000fc609:  26 a0 72 f1              movb     %es:0xf172, %al
0x000fc60d:  84 c0                    testb    %al, %al
0x000fc60f:  75 54                    jne      0xfc665

----------------
IN: 
0x000fc665:  8e c6                    movw     %si, %es
0x000fc667:  66 f7 c7 78 00 00 00     testl    $0x78, %edi
0x000fc66e:  0f 94 c0                 sete     %al
0x000fc671:  26 a2 71 f1              movb     %al, %es:0xf171
0x000fc675:  66 31 c0                 xorl     %eax, %eax
0x000fc678:  26 a2 6f f1              movb     %al, %es:0xf16f
0x000fc67c:  26 a2 6e f1              movb     %al, %es:0xf16e
0x000fc680:  26 a2 70 f1              movb     %al, %es:0xf170
0x000fc684:  66 b8 1b 00 00 00        movl     $0x1b, %eax
0x000fc68a:  66 e8 4b 29 00 00        calll    0xfefdb

----------------
IN: 
0x000fefdb:  66 57                    pushl    %edi
0x000fefdd:  66 56                    pushl    %esi
0x000fefdf:  66 53                    pushl    %ebx
0x000fefe1:  88 c3                    movb     %al, %bl
0x000fefe3:  66 b8 80 da 00 00        movl     $0xda80, %eax
0x000fefe9:  8e c0                    movw     %ax, %es
0x000fefeb:  26 8b 36 74 f1           movw     %es:0xf174, %si
0x000feff0:  66 b8 40 00 00 00        movl     $0x40, %eax
0x000feff6:  8e c0                    movw     %ax, %es
0x000feff8:  26 66 8b 16 6c 00        movl     %es:0x6c, %edx

----------------
IN: 
0x000feffe:  67 66 8d 42 0b           leal     0xb(%edx), %eax

----------------
IN: 
0x000ff003:  66 b9 b0 00 18 00        movl     $0x1800b0, %ecx
0x000ff009:  66 31 d2                 xorl     %edx, %edx
0x000ff00c:  66 f7 f1                 divl     %ecx
0x000ff00f:  66 89 d7                 movl     %edx, %edi
0x000ff012:  67 66 8d 56 05           leal     5(%esi), %edx
0x000ff017:  ec                       inb      %dx, %al

----------------
IN: 
0x000ff018:  66 f7 d0                 notl     %eax
0x000ff01b:  a8 60                    testb    $0x60, %al
0x000ff01d:  75 08                    jne      0xff027

----------------
IN: 
0x000ff01f:  88 d8                    movb     %bl, %al
0x000ff021:  66 89 f2                 movl     %esi, %edx
0x000ff024:  ee                       outb     %al, %dx

----------------
IN: 
0x000ff025:  eb 16                    jmp      0xff03d

----------------
IN: 
0x000ff03d:  66 5b                    popl     %ebx
0x000ff03f:  66 5e                    popl     %esi
0x000ff041:  66 5f                    popl     %edi
0x000ff043:  66 c3                    retl     

----------------
IN: 
0x000fc690:  66 b8 63 00 00 00        movl     $0x63, %eax
0x000fc696:  66 e8 3f 29 00 00        calll    0xfefdb

----------------
IN: 
0x000fc69c:  66 b8 1b 00 00 00        movl     $0x1b, %eax
0x000fc6a2:  66 e8 33 29 00 00        calll    0xfefdb

----------------
IN: 
0x000fc6a8:  66 b8 5b 00 00 00        movl     $0x5b, %eax
0x000fc6ae:  66 e8 27 29 00 00        calll    0xfefdb

----------------
IN: 
0x000fc6b4:  66 b8 3f 00 00 00        movl     $0x3f, %eax
0x000fc6ba:  66 e8 1b 29 00 00        calll    0xfefdb

----------------
IN: 
0x000fc6c0:  66 b8 37 00 00 00        movl     $0x37, %eax
0x000fc6c6:  66 e8 0f 29 00 00        calll    0xfefdb

----------------
IN: 
0x000fc6cc:  66 b8 6c 00 00 00        movl     $0x6c, %eax
0x000fc6d2:  66 e8 03 29 00 00        calll    0xfefdb

----------------
IN: 
0x000fc6d8:  66 89 f8                 movl     %edi, %eax
0x000fc6db:  84 c0                    testb    %al, %al
0x000fc6dd:  0f 88 80 02              js       0xfc961

----------------
IN: 
0x000fc6e1:  e9 b4 00                 jmp      0xfc798

----------------
IN: 
0x000fc798:  66 5b                    popl     %ebx
0x000fc79a:  66 5e                    popl     %esi
0x000fc79c:  66 5f                    popl     %edi
0x000fc79e:  e9 85 c1                 jmp      0xf8926

----------------
IN: 
0x000f8926:  66 b8 1b 00 00 00        movl     $0x1b, %eax
0x000f892c:  66 e8 a9 66 00 00        calll    0xfefdb

----------------
IN: 
0x000f8932:  66 b8 5b 00 00 00        movl     $0x5b, %eax
0x000f8938:  66 e8 9d 66 00 00        calll    0xfefdb

----------------
IN: 
0x000f893e:  66 b8 32 00 00 00        movl     $0x32, %eax
0x000f8944:  66 e8 91 66 00 00        calll    0xfefdb

----------------
IN: 
0x000f894a:  66 b8 4a 00 00 00        movl     $0x4a, %eax
0x000f8950:  e9 88 66                 jmp      0xfefdb

----------------
IN: 
0x000fd3cb:  66 89 e0                 movl     %esp, %eax
0x000fd3ce:  67 8e 50 2c              movw     0x2c(%eax), %ss

----------------
IN: 
0x000fd3d2:  67 66 8b 60 28           movl     0x28(%eax), %esp

----------------
IN: 
0x000fd3d7:  66 5a                    popl     %edx
0x000fd3d9:  5a                       popw     %dx
0x000fd3da:  67 ff 70 24              pushw    0x24(%eax)
0x000fd3de:  67 66 ff 70 20           pushl    0x20(%eax)
0x000fd3e3:  67 66 8b 78 04           movl     4(%eax), %edi
0x000fd3e8:  67 66 8b 70 08           movl     8(%eax), %esi
0x000fd3ed:  67 66 8b 68 0c           movl     0xc(%eax), %ebp
0x000fd3f2:  67 66 8b 58 10           movl     0x10(%eax), %ebx
0x000fd3f7:  67 66 8b 50 14           movl     0x14(%eax), %edx
0x000fd3fc:  67 66 8b 48 18           movl     0x18(%eax), %ecx
0x000fd401:  67 8e 40 02              movw     2(%eax), %es
0x000fd405:  67 66 ff 70 1c           pushl    0x1c(%eax)
0x000fd40a:  67 8e 18                 movw     (%eax), %ds
0x000fd40d:  66 58                    popl     %eax
0x000fd40f:  cf                       iretw    

----------------
IN: 
0x000c563f:  fa                       cli      
0x000c5640:  fc                       cld      
0x000c5641:  1e                       pushw    %ds
0x000c5642:  66 50                    pushl    %eax
0x000c5644:  b8 40 00                 movw     $0x40, %ax
0x000c5647:  8e d8                    movw     %ax, %ds
0x000c5649:  f6 06 b9 00 40           testb    $0x40, 0xb9
0x000c564e:  0f 84 97 00              je       0xc56e9

----------------
IN: 
0x000c56e9:  66 58                    popl     %eax
0x000c56eb:  1f                       popw     %ds
0x000c56ec:  e9 18 ff                 jmp      0xc5607

----------------
IN: 
0x000c5607:  fa                       cli      
0x000c5608:  fc                       cld      
0x000c5609:  66 50                    pushl    %eax
0x000c560b:  66 51                    pushl    %ecx
0x000c560d:  66 52                    pushl    %edx
0x000c560f:  66 53                    pushl    %ebx
0x000c5611:  66 55                    pushl    %ebp
0x000c5613:  66 56                    pushl    %esi
0x000c5615:  66 57                    pushl    %edi
0x000c5617:  06                       pushw    %es
0x000c5618:  1e                       pushw    %ds
0x000c5619:  8c d0                    movw     %ss, %ax
0x000c561b:  8e d8                    movw     %ax, %ds
0x000c561d:  66 89 e3                 movl     %esp, %ebx
0x000c5620:  66 0f b7 e4              movzwl   %sp, %esp
0x000c5624:  66 89 e0                 movl     %esp, %eax
0x000c5627:  50                       pushw    %ax
0x000c5628:  e8 5a f2                 callw    0xc4885

----------------
IN: 
0x000c4885:  66 55                    pushl    %ebp
0x000c4887:  66 89 e5                 movl     %esp, %ebp
0x000c488a:  66 57                    pushl    %edi
0x000c488c:  66 56                    pushl    %esi
0x000c488e:  66 53                    pushl    %ebx
0x000c4890:  66 83 ec 08              subl     $8, %esp
0x000c4894:  66 89 c3                 movl     %eax, %ebx
0x000c4897:  67 8a 40 1d              movb     0x1d(%eax), %al
0x000c489b:  3c 0c                    cmpb     $0xc, %al
0x000c489d:  0f 84 38 03              je       0xc4bd9

----------------
IN: 
0x000c48a1:  0f 87 81 00              ja       0xc4926

----------------
IN: 
0x000c48a5:  3c 06                    cmpb     $6, %al
0x000c48a7:  0f 84 11 02              je       0xc4abc

----------------
IN: 
0x000c48ab:  77 4b                    ja       0xc48f8

----------------
IN: 
0x000c48ad:  3c 03                    cmpb     $3, %al
0x000c48af:  0f 84 67 01              je       0xc4a1a

----------------
IN: 
0x000c48b3:  77 0f                    ja       0xc48c4

----------------
IN: 
0x000c48b5:  3c 01                    cmpb     $1, %al
0x000c48b7:  0f 84 3c 01              je       0xc49f7

----------------
IN: 
0x000c48bb:  3c 02                    cmpb     $2, %al
0x000c48bd:  0f 85 d3 00              jne      0xc4994

----------------
IN: 
0x000c4994:  67 8a 43 1c              movb     0x1c(%ebx), %al
0x000c4998:  66 89 c6                 movl     %eax, %esi
0x000c499b:  66 83 e6 7f              andl     $0x7f, %esi
0x000c499f:  66 89 c1                 movl     %eax, %ecx
0x000c49a2:  66 83 e1 7f              andl     $0x7f, %ecx
0x000c49a6:  66 ba 40 00 00 00        movl     $0x40, %edx
0x000c49ac:  8e c2                    movw     %dx, %es
0x000c49ae:  26 8a 16 89 00           movb     %es:0x89, %dl
0x000c49b3:  66 83 e2 0a              andl     $0xa, %edx
0x000c49b7:  66 83 ca 01              orl      $1, %edx
0x000c49bb:  84 c0                    testb    %al, %al
0x000c49bd:  79 03                    jns      0xc49c2

----------------
IN: 
0x000c49c2:  66 bf 20 00 00 00        movl     $0x20, %edi
0x000c49c8:  a8 78                    testb    $0x78, %al
0x000c49ca:  75 13                    jne      0xc49df

----------------
IN: 
0x000c49cc:  66 bf 3f 00 00 00        movl     $0x3f, %edi
0x000c49d2:  66 89 f0                 movl     %esi, %eax
0x000c49d5:  3c 06                    cmpb     $6, %al
0x000c49d7:  74 06                    je       0xc49df

----------------
IN: 
0x000c49d9:  66 bf 30 00 00 00        movl     $0x30, %edi
0x000c49df:  66 89 f8                 movl     %edi, %eax
0x000c49e2:  67 88 43 1c              movb     %al, 0x1c(%ebx)
0x000c49e6:  66 89 c8                 movl     %ecx, %eax
0x000c49e9:  8d 66 f4                 leaw     -0xc(%bp), %sp
0x000c49ec:  66 5b                    popl     %ebx
0x000c49ee:  66 5e                    popl     %esi
0x000c49f0:  66 5f                    popl     %edi
0x000c49f2:  66 5d                    popl     %ebp
0x000c49f4:  e9 d5 e6                 jmp      0xc30cc

----------------
IN: 
0x000c30cc:  66 55                    pushl    %ebp
0x000c30ce:  66 89 e5                 movl     %esp, %ebp
0x000c30d1:  66 57                    pushl    %edi
0x000c30d3:  66 56                    pushl    %esi
0x000c30d5:  66 53                    pushl    %ebx
0x000c30d7:  66 83 ec 14              subl     $0x14, %esp
0x000c30db:  67 66 89 45 ec           movl     %eax, -0x14(%ebp)
0x000c30e0:  67 66 89 55 f0           movl     %edx, -0x10(%ebp)
0x000c30e5:  66 50                    pushl    %eax
0x000c30e7:  66 68 a7 57 00 00        pushl    $0x57a7
0x000c30ed:  50                       pushw    %ax
0x000c30ee:  e8 8e f3                 callw    0xc247f

----------------
IN: 
0x000c30f1:  66 5a                    popl     %edx
0x000c30f3:  66 59                    popl     %ecx
0x000c30f5:  67 66 8b 45 ec           movl     -0x14(%ebp), %eax
0x000c30fa:  50                       pushw    %ax
0x000c30fb:  e8 41 f9                 callw    0xc2a3f

----------------
IN: 
0x000c2a3f:  66 55                    pushl    %ebp
0x000c2a41:  66 89 e5                 movl     %esp, %ebp
0x000c2a44:  66 53                    pushl    %ebx
0x000c2a46:  66 89 c1                 movl     %eax, %ecx
0x000c2a49:  2e 66 8b 16 dc 5a        movl     %cs:0x5adc, %edx
0x000c2a4f:  2e 66 a1 d8 5a           movl     %cs:0x5ad8, %eax
0x000c2a54:  66 85 c0                 testl    %eax, %eax
0x000c2a57:  74 2f                    je       0xc2a88

----------------
IN: 
0x000c2a59:  66 6b d2 0e              imull    $0xe, %edx, %edx
0x000c2a5d:  66 81 c2 e0 5a 00 00     addl     $0x5ae0, %edx
0x000c2a64:  66 b8 e0 5a 00 00        movl     $0x5ae0, %eax
0x000c2a6a:  66 39 d0                 cmpl     %edx, %eax
0x000c2a6d:  73 19                    jae      0xc2a88

----------------
IN: 
0x000c2a6f:  2e 67 8b 18              movw     %cs:(%eax), %bx
0x000c2a73:  66 0f b7 db              movzwl   %bx, %ebx
0x000c2a77:  66 39 d9                 cmpl     %ebx, %ecx
0x000c2a7a:  75 06                    jne      0xc2a82

----------------
IN: 
0x000c2a82:  66 83 c0 0e              addl     $0xe, %eax
0x000c2a86:  eb e2                    jmp      0xc2a6a

----------------
IN: 
0x000c2a6a:  66 39 d0                 cmpl     %edx, %eax
0x000c2a6d:  73 19                    jae      0xc2a88

----------------
IN: 
0x000c2a88:  66 31 c0                 xorl     %eax, %eax
0x000c2a8b:  2e 67 8b 90 e0 66 00 00  movw     %cs:0x66e0(%eax), %dx
0x000c2a93:  66 0f b7 d2              movzwl   %dx, %edx
0x000c2a97:  66 39 d1                 cmpl     %edx, %ecx
0x000c2a9a:  75 08                    jne      0xc2aa4

----------------
IN: 
0x000c2aa4:  66 83 c0 2c              addl     $0x2c, %eax
0x000c2aa8:  66 3d c0 02 00 00        cmpl     $0x2c0, %eax
0x000c2aae:  75 db                    jne      0xc2a8b

----------------
IN: 
0x000c2a8b:  2e 67 8b 90 e0 66 00 00  movw     %cs:0x66e0(%eax), %dx
0x000c2a93:  66 0f b7 d2              movzwl   %dx, %edx
0x000c2a97:  66 39 d1                 cmpl     %edx, %ecx
0x000c2a9a:  75 08                    jne      0xc2aa4

----------------
IN: 
0x000c2a9c:  66 05 e2 66 00 00        addl     $0x66e2, %eax
0x000c2aa2:  eb 0f                    jmp      0xc2ab3

----------------
IN: 
0x000c2ab3:  66 5b                    popl     %ebx
0x000c2ab5:  66 5d                    popl     %ebp
0x000c2ab7:  c2 02 00                 retw     $2

----------------
IN: 
0x000c30fe:  66 85 c0                 testl    %eax, %eax
0x000c3101:  0f 84 61 04              je       0xc3566

----------------
IN: 
0x000c3105:  66 89 c3                 movl     %eax, %ebx
0x000c3108:  2e 66 a1 d8 5a           movl     %cs:0x5ad8, %eax
0x000c310d:  66 85 c0                 testl    %eax, %eax
0x000c3110:  74 17                    je       0xc3129

----------------
IN: 
0x000c3112:  66 b8 04 00 00 00        movl     $4, %eax
0x000c3118:  66 ba ce 01 00 00        movl     $0x1ce, %edx
0x000c311e:  ef                       outw     %ax, %dx

----------------
IN: 
0x000c311f:  66 31 c0                 xorl     %eax, %eax
0x000c3122:  66 ba cf 01 00 00        movl     $0x1cf, %edx
0x000c3128:  ef                       outw     %ax, %dx

----------------
IN: 
0x000c3129:  2e 66 a1 dc 5a           movl     %cs:0x5adc, %eax
0x000c312e:  66 81 fb e2 5a 00 00     cmpl     $0x5ae2, %ebx
0x000c3135:  72 22                    jb       0xc3159

----------------
IN: 
0x000c3137:  66 6b c0 0e              imull    $0xe, %eax, %eax
0x000c313b:  66 05 d4 5a 00 00        addl     $0x5ad4, %eax
0x000c3141:  66 39 d8                 cmpl     %ebx, %eax
0x000c3144:  72 13                    jb       0xc3159

----------------
IN: 
0x000c3159:  67 66 8b 55 f0           movl     -0x10(%ebp), %edx
0x000c315e:  66 89 d8                 movl     %ebx, %eax
0x000c3161:  50                       pushw    %ax
0x000c3162:  e8 b3 f6                 callw    0xc2818

----------------
IN: 
0x000c2818:  66 55                    pushl    %ebp
0x000c281a:  66 89 e5                 movl     %esp, %ebp
0x000c281d:  66 57                    pushl    %edi
0x000c281f:  66 56                    pushl    %esi
0x000c2821:  66 53                    pushl    %ebx
0x000c2823:  66 51                    pushl    %ecx
0x000c2825:  67 66 89 55 f0           movl     %edx, -0x10(%ebp)
0x000c282a:  66 3d 76 69 00 00        cmpl     $0x6976, %eax
0x000c2830:  77 4b                    ja       0xc287d

----------------
IN: 
0x000c2832:  66 89 c3                 movl     %eax, %ebx
0x000c2835:  66 3d e2 66 00 00        cmpl     $0x66e2, %eax
0x000c283b:  72 40                    jb       0xc287d

----------------
IN: 
0x000c283d:  80 e2 08                 andb     $8, %dl
0x000c2840:  0f 85 93 00              jne      0xc28d7

----------------
IN: 
0x000c2844:  b0 ff                    movb     $0xff, %al
0x000c2846:  66 ba c6 03 00 00        movl     $0x3c6, %edx
0x000c284c:  ee                       outb     %al, %dx

----------------
IN: 
0x000c284d:  2e 67 66 8b 7b 0e        movl     %cs:0xe(%ebx), %edi
0x000c2853:  2e 67 8b 43 12           movw     %cs:0x12(%ebx), %ax
0x000c2858:  66 b9 03 00 00 00        movl     $3, %ecx
0x000c285e:  66 31 d2                 xorl     %edx, %edx
0x000c2861:  f7 f1                    divw     %cx
0x000c2863:  66 0f b7 f0              movzwl   %ax, %esi
0x000c2867:  8c c8                    movw     %cs, %ax
0x000c2869:  66 0f b7 c0              movzwl   %ax, %eax
0x000c286d:  66 56                    pushl    %esi
0x000c286f:  66 31 c9                 xorl     %ecx, %ecx
0x000c2872:  66 89 fa                 movl     %edi, %edx
0x000c2875:  50                       pushw    %ax
0x000c2876:  e8 e3 fa                 callw    0xc235c

----------------
IN: 
0x000c235c:  66 55                    pushl    %ebp
0x000c235e:  66 89 e5                 movl     %esp, %ebp
0x000c2361:  66 57                    pushl    %edi
0x000c2363:  66 56                    pushl    %esi
0x000c2365:  66 53                    pushl    %ebx
0x000c2367:  66 53                    pushl    %ebx
0x000c2369:  66 89 c7                 movl     %eax, %edi
0x000c236c:  66 89 d3                 movl     %edx, %ebx
0x000c236f:  66 89 c8                 movl     %ecx, %eax
0x000c2372:  67 66 8b 4d 08           movl     8(%ebp), %ecx
0x000c2377:  66 01 c8                 addl     %ecx, %eax
0x000c237a:  67 88 45 f0              movb     %al, -0x10(%ebp)
0x000c237e:  66 85 c9                 testl    %ecx, %ecx
0x000c2381:  74 47                    je       0xc23ca

----------------
IN: 
0x000c2383:  8e c7                    movw     %di, %es
0x000c2385:  26 67 8a 03              movb     %es:(%ebx), %al
0x000c2389:  67 88 45 f3              movb     %al, -0xd(%ebp)
0x000c238d:  26 67 8a 43 01           movb     %es:1(%ebx), %al
0x000c2392:  67 88 45 f2              movb     %al, -0xe(%ebp)
0x000c2396:  26 67 8a 43 02           movb     %es:2(%ebx), %al
0x000c239b:  67 88 45 f1              movb     %al, -0xf(%ebp)
0x000c239f:  66 83 c3 03              addl     $3, %ebx
0x000c23a3:  67 8a 45 f0              movb     -0x10(%ebp), %al
0x000c23a7:  66 29 c8                 subl     %ecx, %eax
0x000c23aa:  66 ba c8 03 00 00        movl     $0x3c8, %edx
0x000c23b0:  ee                       outb     %al, %dx

----------------
IN: 
0x000c23b1:  66 ba c9 03 00 00        movl     $0x3c9, %edx
0x000c23b7:  67 8a 45 f3              movb     -0xd(%ebp), %al
0x000c23bb:  ee                       outb     %al, %dx

----------------
IN: 
0x000c23bc:  67 8a 45 f2              movb     -0xe(%ebp), %al
0x000c23c0:  ee                       outb     %al, %dx

----------------
IN: 
0x000c23c1:  67 8a 45 f1              movb     -0xf(%ebp), %al
0x000c23c5:  ee                       outb     %al, %dx

----------------
IN: 
0x000c23c6:  66 49                    decl     %ecx
0x000c23c8:  eb b4                    jmp      0xc237e

----------------
IN: 
0x000c237e:  66 85 c9                 testl    %ecx, %ecx
0x000c2381:  74 47                    je       0xc23ca

----------------
IN: 
0x000c23ca:  66 58                    popl     %eax
0x000c23cc:  66 5b                    popl     %ebx
0x000c23ce:  66 5e                    popl     %esi
0x000c23d0:  66 5f                    popl     %edi
0x000c23d2:  66 5d                    popl     %ebp
0x000c23d4:  c2 02 00                 retw     $2

----------------
IN: 
0x000c2879:  66 58                    popl     %eax
0x000c287b:  eb 23                    jmp      0xc28a0

----------------
IN: 
0x000c28a0:  66 81 fe ff 00 00 00     cmpl     $0xff, %esi
0x000c28a7:  7f 1a                    jg       0xc28c3

----------------
IN: 
0x000c28a9:  66 89 f0                 movl     %esi, %eax
0x000c28ac:  66 ba c8 03 00 00        movl     $0x3c8, %edx
0x000c28b2:  ee                       outb     %al, %dx

----------------
IN: 
0x000c28b3:  66 ba c9 03 00 00        movl     $0x3c9, %edx
0x000c28b9:  66 31 c0                 xorl     %eax, %eax
0x000c28bc:  ee                       outb     %al, %dx

----------------
IN: 
0x000c28bd:  ee                       outb     %al, %dx

----------------
IN: 
0x000c28be:  ee                       outb     %al, %dx

----------------
IN: 
0x000c28bf:  66 46                    incl     %esi
0x000c28c1:  eb dd                    jmp      0xc28a0

----------------
IN: 
0x000c28c3:  67 f6 45 f0 02           testb    $2, -0x10(%ebp)
0x000c28c8:  74 0d                    je       0xc28d7

----------------
IN: 
0x000c28d7:  2e 67 66 8b 7b 22        movl     %cs:0x22(%ebx), %edi
0x000c28dd:  66 31 f6                 xorl     %esi, %esi
0x000c28e0:  2e 67 8a 14 37           movb     %cs:(%edi, %esi), %dl
0x000c28e5:  66 0f b6 d2              movzbl   %dl, %edx
0x000c28e9:  66 89 f0                 movl     %esi, %eax
0x000c28ec:  50                       pushw    %ax
0x000c28ed:  e8 22 e1                 callw    0xc0a12

----------------
IN: 
0x000c0a12:  66 55                    pushl    %ebp
0x000c0a14:  66 89 e5                 movl     %esp, %ebp
0x000c0a17:  66 56                    pushl    %esi
0x000c0a19:  66 53                    pushl    %ebx
0x000c0a1b:  88 c3                    movb     %al, %bl
0x000c0a1d:  88 d1                    movb     %dl, %cl
0x000c0a1f:  66 ba da 03 00 00        movl     $0x3da, %edx
0x000c0a25:  ec                       inb      %dx, %al

----------------
IN: 
0x000c0a26:  66 ba c0 03 00 00        movl     $0x3c0, %edx
0x000c0a2c:  ec                       inb      %dx, %al

----------------
IN: 
0x000c0a2d:  66 89 c6                 movl     %eax, %esi
0x000c0a30:  88 d8                    movb     %bl, %al
0x000c0a32:  ee                       outb     %al, %dx

----------------
IN: 
0x000c0a33:  88 c8                    movb     %cl, %al
0x000c0a35:  ee                       outb     %al, %dx

----------------
IN: 
0x000c0a36:  66 89 f0                 movl     %esi, %eax
0x000c0a39:  ee                       outb     %al, %dx

----------------
IN: 
0x000c0a3a:  66 5b                    popl     %ebx
0x000c0a3c:  66 5e                    popl     %esi
0x000c0a3e:  66 5d                    popl     %ebp
0x000c0a40:  c2 02 00                 retw     $2

----------------
IN: 
0x000c28f0:  66 46                    incl     %esi
0x000c28f2:  66 83 fe 14              cmpl     $0x14, %esi
0x000c28f6:  75 e8                    jne      0xc28e0

----------------
IN: 
0x000c28e0:  2e 67 8a 14 37           movb     %cs:(%edi, %esi), %dl
0x000c28e5:  66 0f b6 d2              movzbl   %dl, %edx
0x000c28e9:  66 89 f0                 movl     %esi, %eax
0x000c28ec:  50                       pushw    %ax
0x000c28ed:  e8 22 e1                 callw    0xc0a12

----------------
IN: 
0x000c28f8:  66 31 d2                 xorl     %edx, %edx
0x000c28fb:  66 b8 14 00 00 00        movl     $0x14, %eax
0x000c2901:  50                       pushw    %ax
0x000c2902:  e8 0d e1                 callw    0xc0a12

----------------
IN: 
0x000c2905:  66 b8 00 03 00 00        movl     $0x300, %eax
0x000c290b:  66 ba c4 03 00 00        movl     $0x3c4, %edx
0x000c2911:  ef                       outw     %ax, %dx

----------------
IN: 
0x000c2912:  2e 67 66 8b 73 16        movl     %cs:0x16(%ebx), %esi
0x000c2918:  66 b9 01 00 00 00        movl     $1, %ecx
0x000c291e:  2e 67 8a 44 0e ff        movb     %cs:-1(%esi, %ecx), %al
0x000c2924:  66 c1 e0 08              shll     $8, %eax
0x000c2928:  66 09 c8                 orl      %ecx, %eax
0x000c292b:  ef                       outw     %ax, %dx

----------------
IN: 
0x000c292c:  66 41                    incl     %ecx
0x000c292e:  66 83 f9 05              cmpl     $5, %ecx
0x000c2932:  75 ea                    jne      0xc291e

----------------
IN: 
0x000c291e:  2e 67 8a 44 0e ff        movb     %cs:-1(%esi, %ecx), %al
0x000c2924:  66 c1 e0 08              shll     $8, %eax
0x000c2928:  66 09 c8                 orl      %ecx, %eax
0x000c292b:  ef                       outw     %ax, %dx

----------------
IN: 
0x000c2934:  2e 67 66 8b 73 26        movl     %cs:0x26(%ebx), %esi
0x000c293a:  66 31 c9                 xorl     %ecx, %ecx
0x000c293d:  66 ba ce 03 00 00        movl     $0x3ce, %edx
0x000c2943:  2e 67 8a 04 0e           movb     %cs:(%esi, %ecx), %al
0x000c2948:  66 c1 e0 08              shll     $8, %eax
0x000c294c:  66 09 c8                 orl      %ecx, %eax
0x000c294f:  ef                       outw     %ax, %dx

----------------
IN: 
0x000c2950:  66 41                    incl     %ecx
0x000c2952:  66 83 f9 09              cmpl     $9, %ecx
0x000c2956:  75 eb                    jne      0xc2943

----------------
IN: 
0x000c2943:  2e 67 8a 04 0e           movb     %cs:(%esi, %ecx), %al
0x000c2948:  66 c1 e0 08              shll     $8, %eax
0x000c294c:  66 09 c8                 orl      %ecx, %eax
0x000c294f:  ef                       outw     %ax, %dx

----------------
IN: 
0x000c2958:  2e 67 8a 43 1a           movb     %cs:0x1a(%ebx), %al
0x000c295d:  66 89 c6                 movl     %eax, %esi
0x000c2960:  66 ba b4 03 00 00        movl     $0x3b4, %edx
0x000c2966:  a8 01                    testb    $1, %al
0x000c2968:  74 06                    je       0xc2970

----------------
IN: 
0x000c296a:  66 ba d4 03 00 00        movl     $0x3d4, %edx
0x000c2970:  66 b8 11 00 00 00        movl     $0x11, %eax
0x000c2976:  ef                       outw     %ax, %dx

----------------
IN: 
0x000c2977:  2e 67 66 8b 7b 1e        movl     %cs:0x1e(%ebx), %edi
0x000c297d:  66 31 c9                 xorl     %ecx, %ecx
0x000c2980:  2e 67 8a 04 0f           movb     %cs:(%edi, %ecx), %al
0x000c2985:  66 c1 e0 08              shll     $8, %eax
0x000c2989:  66 09 c8                 orl      %ecx, %eax
0x000c298c:  ef                       outw     %ax, %dx

----------------
IN: 
0x000c298d:  66 41                    incl     %ecx
0x000c298f:  66 83 f9 19              cmpl     $0x19, %ecx
0x000c2993:  75 eb                    jne      0xc2980

----------------
IN: 
0x000c2980:  2e 67 8a 04 0f           movb     %cs:(%edi, %ecx), %al
0x000c2985:  66 c1 e0 08              shll     $8, %eax
0x000c2989:  66 09 c8                 orl      %ecx, %eax
0x000c298c:  ef                       outw     %ax, %dx

----------------
IN: 
0x000c2995:  66 ba c2 03 00 00        movl     $0x3c2, %edx
0x000c299b:  66 89 f0                 movl     %esi, %eax
0x000c299e:  ee                       outb     %al, %dx

----------------
IN: 
0x000c299f:  66 ba da 03 00 00        movl     $0x3da, %edx
0x000c29a5:  ec                       inb      %dx, %al

----------------
IN: 
0x000c29a6:  b0 20                    movb     $0x20, %al
0x000c29a8:  66 ba c0 03 00 00        movl     $0x3c0, %edx
0x000c29ae:  ee                       outb     %al, %dx

----------------
IN: 
0x000c29af:  67 66 8b 7d f0           movl     -0x10(%ebp), %edi
0x000c29b4:  66 81 e7 00 80 00 00     andl     $0x8000, %edi
0x000c29bb:  75 42                    jne      0xc29ff

----------------
IN: 
0x000c29bd:  2e 67 8a 03              movb     %cs:(%ebx), %al
0x000c29c1:  84 c0                    testb    %al, %al
0x000c29c3:  74 13                    je       0xc29d8

----------------
IN: 
0x000c29d8:  2e 67 8b 43 0a           movw     %cs:0xa(%ebx), %ax
0x000c29dd:  8e c0                    movw     %ax, %es
0x000c29df:  66 b9 00 40 00 00        movl     $0x4000, %ecx
0x000c29e5:  66 b8 20 07 00 00        movl     $0x720, %eax
0x000c29eb:  eb 10                    jmp      0xc29fd

----------------
IN: 
0x000c29fd:  f3 ab                    rep stosw %ax, %es:(%di)

----------------
IN: 
0x000c29ff:  2e 67 8a 03              movb     %cs:(%ebx), %al
0x000c2a03:  84 c0                    testb    %al, %al
0x000c2a05:  74 05                    je       0xc2a0c

----------------
IN: 
0x000c2a0c:  8c c8                    movw     %cs, %ax
0x000c2a0e:  66 0f b7 c0              movzwl   %ax, %eax
0x000c2a12:  66 6a 10                 pushl    $0x10
0x000c2a15:  66 6a 00                 pushl    $0
0x000c2a18:  66 6a 00                 pushl    $0
0x000c2a1b:  66 b9 00 01 00 00        movl     $0x100, %ecx
0x000c2a21:  66 ba 60 72 00 00        movl     $0x7260, %edx
0x000c2a27:  50                       pushw    %ax
0x000c2a28:  e8 4a dd                 callw    0xc0775

----------------
IN: 
0x000c0775:  66 55                    pushl    %ebp
0x000c0777:  66 89 e5                 movl     %esp, %ebp
0x000c077a:  66 57                    pushl    %edi
0x000c077c:  66 56                    pushl    %esi
0x000c077e:  66 53                    pushl    %ebx
0x000c0780:  66 83 ec 10              subl     $0x10, %esp
0x000c0784:  66 89 d3                 movl     %edx, %ebx
0x000c0787:  67 66 89 4d e4           movl     %ecx, -0x1c(%ebp)
0x000c078c:  67 66 8b 4d 0c           movl     0xc(%ebp), %ecx
0x000c0791:  67 89 45 f0              movw     %ax, -0x10(%ebp)
0x000c0795:  66 ba c4 03 00 00        movl     $0x3c4, %edx
0x000c079b:  66 b8 00 01 00 00        movl     $0x100, %eax
0x000c07a1:  ef                       outw     %ax, %dx

----------------
IN: 
0x000c07a2:  66 b8 02 04 00 00        movl     $0x402, %eax
0x000c07a8:  ef                       outw     %ax, %dx

----------------
IN: 
0x000c07a9:  66 b8 04 07 00 00        movl     $0x704, %eax
0x000c07af:  ef                       outw     %ax, %dx

----------------
IN: 
0x000c07b0:  66 b8 00 03 00 00        movl     $0x300, %eax
0x000c07b6:  ef                       outw     %ax, %dx

----------------
IN: 
0x000c07b7:  66 ba ce 03 00 00        movl     $0x3ce, %edx
0x000c07bd:  66 b8 04 02 00 00        movl     $0x204, %eax
0x000c07c3:  ef                       outw     %ax, %dx

----------------
IN: 
0x000c07c4:  66 b8 05 00 00 00        movl     $5, %eax
0x000c07ca:  ef                       outw     %ax, %dx

----------------
IN: 
0x000c07cb:  66 b8 06 04 00 00        movl     $0x406, %eax
0x000c07d1:  ef                       outw     %ax, %dx

----------------
IN: 
0x000c07d2:  67 66 0f b6 45 10        movzbl   0x10(%ebp), %eax
0x000c07d8:  67 66 89 45 ec           movl     %eax, -0x14(%ebp)
0x000c07dd:  66 89 c8                 movl     %ecx, %eax
0x000c07e0:  66 c1 e0 0b              shll     $0xb, %eax
0x000c07e4:  25 00 20                 andw     $0x2000, %ax
0x000c07e7:  66 c1 e1 0e              shll     $0xe, %ecx
0x000c07eb:  66 01 c1                 addl     %eax, %ecx
0x000c07ee:  66 0f b7 c9              movzwl   %cx, %ecx
0x000c07f2:  67 66 0f b7 45 08        movzwl   8(%ebp), %eax
0x000c07f8:  66 c1 e0 05              shll     $5, %eax
0x000c07fc:  66 01 c8                 addl     %ecx, %eax
0x000c07ff:  67 66 89 45 e8           movl     %eax, -0x18(%ebp)
0x000c0804:  67 c7 45 f2 00 00        movw     $0, -0xe(%ebp)
0x000c080a:  67 66 8b 7d e4           movl     -0x1c(%ebp), %edi
0x000c080f:  67 39 7d f2              cmpw     %di, -0xe(%ebp)
0x000c0813:  74 33                    je       0xc0848

----------------
IN: 
0x000c0815:  66 be 00 a0 ff ff        movl     $0xffffa000, %esi
0x000c081b:  8e c6                    movw     %si, %es
0x000c081d:  67 66 8b 4d ec           movl     -0x14(%ebp), %ecx
0x000c0822:  66 89 de                 movl     %ebx, %esi
0x000c0825:  67 66 8b 7d e8           movl     -0x18(%ebp), %edi
0x000c082a:  67 66 8b 45 f0           movl     -0x10(%ebp), %eax
0x000c082f:  8c da                    movw     %ds, %dx
0x000c0831:  8e d8                    movw     %ax, %ds
0x000c0833:  f3 a4                    rep movsb (%si), %es:(%di)

----------------
IN: 
0x000c0835:  8e da                    movw     %dx, %ds
0x000c0837:  67 ff 45 f2              incw     -0xe(%ebp)
0x000c083b:  67 66 03 5d ec           addl     -0x14(%ebp), %ebx
0x000c0840:  67 66 83 45 e8 20        addl     $0x20, -0x18(%ebp)
0x000c0846:  eb c2                    jmp      0xc080a

----------------
IN: 
0x000c080a:  67 66 8b 7d e4           movl     -0x1c(%ebp), %edi
0x000c080f:  67 39 7d f2              cmpw     %di, -0xe(%ebp)
0x000c0813:  74 33                    je       0xc0848

----------------
IN: 
0x000c0848:  66 ba c4 03 00 00        movl     $0x3c4, %edx
0x000c084e:  66 b8 00 01 00 00        movl     $0x100, %eax
0x000c0854:  ef                       outw     %ax, %dx

----------------
IN: 
0x000c0855:  66 b8 02 03 00 00        movl     $0x302, %eax
0x000c085b:  ef                       outw     %ax, %dx

----------------
IN: 
0x000c085c:  66 b8 04 03 00 00        movl     $0x304, %eax
0x000c0862:  ef                       outw     %ax, %dx

----------------
IN: 
0x000c0863:  66 b8 00 03 00 00        movl     $0x300, %eax
0x000c0869:  ef                       outw     %ax, %dx

----------------
IN: 
0x000c086a:  66 ba cc 03 00 00        movl     $0x3cc, %edx
0x000c0870:  ec                       inb      %dx, %al

----------------
IN: 
0x000c0871:  66 ba 0a 00 00 00        movl     $0xa, %edx
0x000c0877:  a8 01                    testb    $1, %al
0x000c0879:  74 06                    je       0xc0881

----------------
IN: 
0x000c087b:  66 ba 0e 00 00 00        movl     $0xe, %edx
0x000c0881:  66 89 d0                 movl     %edx, %eax
0x000c0884:  66 c1 e0 08              shll     $8, %eax
0x000c0888:  66 83 c8 06              orl      $6, %eax
0x000c088c:  66 ba ce 03 00 00        movl     $0x3ce, %edx
0x000c0892:  ef                       outw     %ax, %dx

----------------
IN: 
0x000c0893:  66 b8 04 00 00 00        movl     $4, %eax
0x000c0899:  ef                       outw     %ax, %dx

----------------
IN: 
0x000c089a:  66 b8 05 10 00 00        movl     $0x1005, %eax
0x000c08a0:  ef                       outw     %ax, %dx

----------------
IN: 
0x000c08a1:  66 83 c4 10              addl     $0x10, %esp
0x000c08a5:  66 5b                    popl     %ebx
0x000c08a7:  66 5e                    popl     %esi
0x000c08a9:  66 5f                    popl     %edi
0x000c08ab:  66 5d                    popl     %ebp
0x000c08ad:  c2 02 00                 retw     $2

----------------
IN: 
0x000c2a2b:  66 83 c4 0c              addl     $0xc, %esp
0x000c2a2f:  eb d6                    jmp      0xc2a07

----------------
IN: 
0x000c2a07:  66 31 c0                 xorl     %eax, %eax
0x000c2a0a:  eb 25                    jmp      0xc2a31

----------------
IN: 
0x000c2a31:  8d 66 f4                 leaw     -0xc(%bp), %sp
0x000c2a34:  66 5b                    popl     %ebx
0x000c2a36:  66 5e                    popl     %esi
0x000c2a38:  66 5f                    popl     %edi
0x000c2a3a:  66 5d                    popl     %ebp
0x000c2a3c:  c2 02 00                 retw     $2

----------------
IN: 
0x000c3165:  66 85 c0                 testl    %eax, %eax
0x000c3168:  75 e6                    jne      0xc3150

----------------
IN: 
0x000c316a:  e9 15 02                 jmp      0xc3382

----------------
IN: 
0x000c3382:  2e 67 8b 7b 02           movw     %cs:2(%ebx), %di
0x000c3387:  66 0f b7 c7              movzwl   %di, %eax
0x000c338b:  67 66 89 45 e0           movl     %eax, -0x20(%ebp)
0x000c3390:  2e 67 8b 73 04           movw     %cs:4(%ebx), %si
0x000c3395:  66 0f b7 c6              movzwl   %si, %eax
0x000c3399:  67 66 89 45 e4           movl     %eax, -0x1c(%ebp)
0x000c339e:  2e 67 8a 03              movb     %cs:(%ebx), %al
0x000c33a2:  67 88 45 ea              movb     %al, -0x16(%ebp)
0x000c33a6:  2e 67 8a 43 08           movb     %cs:8(%ebx), %al
0x000c33ab:  67 88 45 eb              movb     %al, -0x15(%ebp)
0x000c33af:  66 b8 40 00 00 00        movl     $0x40, %eax
0x000c33b5:  67 66 81 7d ec ff 00 00  cmpl     $0xff, -0x14(%ebp)
0x000c33bd:  00
0x000c33be:  7f 08                    jg       0xc33c8

----------------
IN: 
0x000c33c0:  8e c0                    movw     %ax, %es
0x000c33c2:  67 8a 45 ec              movb     -0x14(%ebp), %al
0x000c33c6:  eb 04                    jmp      0xc33cc

----------------
IN: 
0x000c33cc:  26 a2 49 00              movb     %al, %es:0x49
0x000c33d0:  66 b9 40 00 00 00        movl     $0x40, %ecx
0x000c33d6:  8e c1                    movw     %cx, %es
0x000c33d8:  67 66 8b 45 f0           movl     -0x10(%ebp), %eax
0x000c33dd:  25 00 fe                 andw     $0xfe00, %ax
0x000c33e0:  67 66 0b 45 ec           orl      -0x14(%ebp), %eax
0x000c33e5:  26 a3 ba 00              movw     %ax, %es:0xba
0x000c33e9:  8e c1                    movw     %cx, %es
0x000c33eb:  26 89 1e bc 00           movw     %bx, %es:0xbc
0x000c33f0:  8e c1                    movw     %cx, %es
0x000c33f2:  26 8a 16 b9 00           movb     %es:0xb9, %dl
0x000c33f7:  67 8a 45 f0              movb     -0x10(%ebp), %al
0x000c33fb:  66 c1 e0 06              shll     $6, %eax
0x000c33ff:  66 83 e0 40              andl     $0x40, %eax
0x000c3403:  66 83 e2 bf              andl     $0xffffffbf, %edx
0x000c3407:  66 09 d0                 orl      %edx, %eax
0x000c340a:  26 a2 b9 00              movb     %al, %es:0xb9
0x000c340e:  67 80 7d ea 00           cmpb     $0, -0x16(%ebp)
0x000c3413:  75 20                    jne      0xc3435

----------------
IN: 
0x000c3415:  8e c1                    movw     %cx, %es
0x000c3417:  26 89 3e 4a 00           movw     %di, %es:0x4a
0x000c341c:  8e c1                    movw     %cx, %es
0x000c341e:  66 89 f0                 movl     %esi, %eax
0x000c3421:  9c                       pushfw   
0x000c3422:  66 83 c0 ff              addl     $-1, %eax
0x000c3426:  9d                       popfw    

----------------
IN: 
0x000c3427:  26 a2 84 00              movb     %al, %es:0x84
0x000c342b:  8e c1                    movw     %cx, %es
0x000c342d:  66 b8 07 06 00 00        movl     $0x607, %eax
0x000c3433:  eb 36                    jmp      0xc346b

----------------
IN: 
0x000c346b:  26 a3 60 00              movw     %ax, %es:0x60
0x000c346f:  67 66 0f b6 45 ea        movzbl   -0x16(%ebp), %eax
0x000c3475:  67 66 8b 4d e4           movl     -0x1c(%ebp), %ecx
0x000c347a:  67 66 8b 55 e0           movl     -0x20(%ebp), %edx
0x000c347f:  50                       pushw    %ax
0x000c3480:  e8 ac cb                 callw    0xc002f

----------------
IN: 
0x000c3483:  66 b9 40 00 00 00        movl     $0x40, %ecx
0x000c3489:  8e c1                    movw     %cx, %es
0x000c348b:  26 a3 4c 00              movw     %ax, %es:0x4c
0x000c348f:  50                       pushw    %ax
0x000c3490:  e8 1d d4                 callw    0xc08b0

----------------
IN: 
0x000c08b0:  66 ba cc 03 00 00        movl     $0x3cc, %edx
0x000c08b6:  ec                       inb      %dx, %al

----------------
IN: 
0x000c08b7:  66 ba d4 03 00 00        movl     $0x3d4, %edx
0x000c08bd:  a8 01                    testb    $1, %al
0x000c08bf:  75 06                    jne      0xc08c7

----------------
IN: 
0x000c08c7:  66 89 d0                 movl     %edx, %eax
0x000c08ca:  c2 02 00                 retw     $2

----------------
IN: 
0x000c3493:  8e c1                    movw     %cx, %es
0x000c3495:  26 a3 63 00              movw     %ax, %es:0x63
0x000c3499:  8e c1                    movw     %cx, %es
0x000c349b:  67 66 0f b6 45 eb        movzbl   -0x15(%ebp), %eax
0x000c34a1:  26 a3 85 00              movw     %ax, %es:0x85
0x000c34a5:  8e c1                    movw     %cx, %es
0x000c34a7:  67 66 8b 45 f0           movl     -0x10(%ebp), %eax
0x000c34ac:  66 c1 f8 08              sarl     $8, %eax
0x000c34b0:  66 83 e0 80              andl     $0xffffff80, %eax
0x000c34b4:  66 83 c8 60              orl      $0x60, %eax
0x000c34b8:  26 a2 87 00              movb     %al, %es:0x87
0x000c34bc:  8e c1                    movw     %cx, %es
0x000c34be:  b0 f9                    movb     $0xf9, %al
0x000c34c0:  26 a2 88 00              movb     %al, %es:0x88
0x000c34c4:  8e c1                    movw     %cx, %es
0x000c34c6:  26 a0 89 00              movb     %es:0x89, %al
0x000c34ca:  66 83 e0 7f              andl     $0x7f, %eax
0x000c34ce:  26 a2 89 00              movb     %al, %es:0x89
0x000c34d2:  66 31 d2                 xorl     %edx, %edx
0x000c34d5:  66 31 c0                 xorl     %eax, %eax
0x000c34d8:  8e c1                    movw     %cx, %es
0x000c34da:  26 67 89 44 12 50        movw     %ax, %es:0x50(%edx, %edx)
0x000c34e0:  66 42                    incl     %edx
0x000c34e2:  66 83 fa 08              cmpl     $8, %edx
0x000c34e6:  75 f0                    jne      0xc34d8

----------------
IN: 
0x000c34d8:  8e c1                    movw     %cx, %es
0x000c34da:  26 67 89 44 12 50        movw     %ax, %es:0x50(%edx, %edx)
0x000c34e0:  66 42                    incl     %edx
0x000c34e2:  66 83 fa 08              cmpl     $8, %edx
0x000c34e6:  75 f0                    jne      0xc34d8

----------------
IN: 
0x000c34e8:  8e c1                    movw     %cx, %es
0x000c34ea:  26 a3 4e 00              movw     %ax, %es:0x4e
0x000c34ee:  8e c1                    movw     %cx, %es
0x000c34f0:  66 31 d2                 xorl     %edx, %edx
0x000c34f3:  26 88 16 62 00           movb     %dl, %es:0x62
0x000c34f8:  8c c9                    movw     %cs, %cx
0x000c34fa:  66 c1 e1 10              shll     $0x10, %ecx
0x000c34fe:  66 ba 60 94 00 00        movl     $0x9460, %edx
0x000c3504:  66 0f b7 d2              movzwl   %dx, %edx
0x000c3508:  66 09 ca                 orl      %ecx, %edx
0x000c350b:  8e c0                    movw     %ax, %es
0x000c350d:  26 66 89 16 7c 00        movl     %edx, %es:0x7c
0x000c3513:  67 80 7d eb 0e           cmpb     $0xe, -0x15(%ebp)
0x000c3518:  74 21                    je       0xc353b

----------------
IN: 
0x000c351a:  67 80 7d eb 10           cmpb     $0x10, -0x15(%ebp)
0x000c351f:  74 28                    je       0xc3549

----------------
IN: 
0x000c3549:  8c c9                    movw     %cs, %cx
0x000c354b:  66 c1 e1 10              shll     $0x10, %ecx
0x000c354f:  66 ba 60 72 00 00        movl     $0x7260, %edx
0x000c3555:  66 0f b7 d2              movzwl   %dx, %edx
0x000c3559:  66 09 ca                 orl      %ecx, %edx
0x000c355c:  8e c0                    movw     %ax, %es
0x000c355e:  26 66 89 16 0c 01        movl     %edx, %es:0x10c
0x000c3564:  eb c2                    jmp      0xc3528

----------------
IN: 
0x000c3528:  66 31 c0                 xorl     %eax, %eax
0x000c352b:  eb 3f                    jmp      0xc356c

----------------
IN: 
0x000c356c:  8d 66 f4                 leaw     -0xc(%bp), %sp
0x000c356f:  66 5b                    popl     %ebx
0x000c3571:  66 5e                    popl     %esi
0x000c3573:  66 5f                    popl     %edi
0x000c3575:  66 5d                    popl     %ebp
0x000c3577:  c2 02 00                 retw     $2

----------------
IN: 
0x000c562b:  66 89 dc                 movl     %ebx, %esp
0x000c562e:  1f                       popw     %ds
0x000c562f:  07                       popw     %es
0x000c5630:  66 5f                    popl     %edi
0x000c5632:  66 5e                    popl     %esi
0x000c5634:  66 5d                    popl     %ebp
0x000c5636:  66 5b                    popl     %ebx
0x000c5638:  66 5a                    popl     %edx
0x000c563a:  66 59                    popl     %ecx
0x000c563c:  66 58                    popl     %eax
0x000c563e:  cf                       iretw    

----------------
IN: 
0x000fd056:  cb                       lretw    

----------------
IN: 
0x06fee44c:  e9 c7 e6 0f f9           jmp      0xecb18

----------------
IN: 
0x06ff267a:  68 88 4a 0f 00           pushl    $0xf4a88
0x06ff267f:  68 33 0f 0f 00           pushl    $0xf0f33
0x06ff2684:  e8 28 c8 0f f9           calll    0xeeeb1

----------------
IN: 
0x000eeeb1:  8d 4c 24 08              leal     8(%esp), %ecx
0x000eeeb5:  8b 54 24 04              movl     4(%esp), %edx
0x000eeeb9:  b8 24 4a 0f 00           movl     $0xf4a24, %eax
0x000eeebe:  e8 ce d7 ff ff           calll    0xec691

----------------
IN: 
0x000ecea6:  53                       pushl    %ebx
0x000ecea7:  89 d3                    movl     %edx, %ebx
0x000ecea9:  83 3d 88 4d 0f 00 00     cmpl     $0, 0xf4d88
0x000eceb0:  74 0f                    je       0xecec1

----------------
IN: 
0x000eceb2:  88 d0                    movb     %dl, %al
0x000eceb4:  66 8b 15 74 60 0f 00     movw     0xf6074, %dx
0x000ecebb:  66 85 d2                 testw    %dx, %dx
0x000ecebe:  74 01                    je       0xecec1

----------------
IN: 
0x000ecec1:  80 fb 0a                 cmpb     $0xa, %bl
0x000ecec4:  75 0a                    jne      0xeced0

----------------
IN: 
0x000eced0:  0f be c3                 movsbl   %bl, %eax
0x000eced3:  5b                       popl     %ebx
0x000eced4:  e9 79 ff ff ff           jmp      0xece52

----------------
IN: 
0x000ece52:  ba 65 f0 0f 00           movl     $0xff065, %edx
0x000ece57:  0f b7 d2                 movzwl   %dx, %edx
0x000ece5a:  81 ca 00 00 00 f0        orl      $0xf0000000, %edx
0x000ece60:  39 15 40 00 00 00        cmpl     %edx, 0x40
0x000ece66:  74 3d                    je       0xecea5

----------------
IN: 
0x000ece68:  53                       pushl    %ebx
0x000ece69:  83 ec 28                 subl     $0x28, %esp
0x000ece6c:  89 c3                    movl     %eax, %ebx
0x000ece6e:  b9 26 00 00 00           movl     $0x26, %ecx
0x000ece73:  31 d2                    xorl     %edx, %edx
0x000ece75:  8d 44 24 02              leal     2(%esp), %eax
0x000ece79:  e8 52 e8 ff ff           calll    0xeb6d0

----------------
IN: 
0x000ece7e:  66 c7 44 24 26 00 02     movw     $0x200, 0x26(%esp)
0x000ece85:  c6 44 24 1f 0e           movb     $0xe, 0x1f(%esp)
0x000ece8a:  88 5c 24 1e              movb     %bl, 0x1e(%esp)
0x000ece8e:  c6 44 24 12 07           movb     $7, 0x12(%esp)
0x000ece93:  ba 54 d0 0f 00           movl     $0xfd054, %edx
0x000ece98:  0f b7 d2                 movzwl   %dx, %edx
0x000ece9b:  e8 90 ff ff ff           calll    0xece30

----------------
IN: 
0x000fd2c5:  66 58                    popl     %eax
0x000fd2c7:  1f                       popw     %ds
0x000fd2c8:  66 68 80 c5 00 00        pushl    $0xc580
0x000fd2ce:  e9 9d 00                 jmp      0xfd36e

----------------
IN: 
0x000fc5e1:  3c 0f                    cmpb     $0xf, %al
0x000fc5e3:  0f 84 40 03              je       0xfc927

----------------
IN: 
0x000fc5e7:  77 0f                    ja       0xfc5f8

----------------
IN: 
0x000fc5e9:  3c 09                    cmpb     $9, %al
0x000fc5eb:  0f 84 d4 01              je       0xfc7c3

----------------
IN: 
0x000fc5ef:  3c 0e                    cmpb     $0xe, %al
0x000fc5f1:  0f 84 85 02              je       0xfc87a

----------------
IN: 
0x000fc87a:  67 66 0f b6 43 1c        movzbl   0x1c(%ebx), %eax
0x000fc880:  3c 0a                    cmpb     $0xa, %al
0x000fc882:  0f 84 86 00              je       0xfc90c

----------------
IN: 
0x000fc886:  77 0b                    ja       0xfc893

----------------
IN: 
0x000fc893:  3c 0d                    cmpb     $0xd, %al
0x000fc895:  75 7e                    jne      0xfc915

----------------
IN: 
0x000fc915:  66 b9 01 00 00 00        movl     $1, %ecx
0x000fc91b:  66 31 d2                 xorl     %edx, %edx
0x000fc91e:  66 5b                    popl     %ebx
0x000fc920:  66 5e                    popl     %esi
0x000fc922:  66 5f                    popl     %edi
0x000fc924:  e9 48 c2                 jmp      0xf8b6f

----------------
IN: 
0x000f8b6f:  66 55                    pushl    %ebp
0x000f8b71:  66 57                    pushl    %edi
0x000f8b73:  66 56                    pushl    %esi
0x000f8b75:  66 53                    pushl    %ebx
0x000f8b77:  66 89 c5                 movl     %eax, %ebp
0x000f8b7a:  66 89 d6                 movl     %edx, %esi
0x000f8b7d:  66 89 cf                 movl     %ecx, %edi
0x000f8b80:  66 e8 64 e1 ff ff        calll    0xf6cea

----------------
IN: 
0x000f6cea:  66 b8 40 00 00 00        movl     $0x40, %eax
0x000f6cf0:  8e c0                    movw     %ax, %es
0x000f6cf2:  26 a1 50 00              movw     %es:0x50, %ax
0x000f6cf6:  66 0f b6 c4              movzbl   %ah, %eax
0x000f6cfa:  66 c3                    retl     

----------------
IN: 
0x000f8b86:  88 c2                    movb     %al, %dl
0x000f8b88:  66 bb 80 da 00 00        movl     $0xda80, %ebx
0x000f8b8e:  8e c3                    movw     %bx, %es
0x000f8b90:  26 a0 6e f1              movb     %es:0xf16e, %al
0x000f8b94:  38 c2                    cmpb     %al, %dl
0x000f8b96:  74 08                    je       0xf8ba0

----------------
IN: 
0x000f8ba0:  66 b8 40 00 00 00        movl     $0x40, %eax
0x000f8ba6:  8e c0                    movw     %ax, %es
0x000f8ba8:  26 a1 50 00              movw     %es:0x50, %ax
0x000f8bac:  8e c3                    movw     %bx, %es
0x000f8bae:  26 8a 16 6f f1           movb     %es:0xf16f, %dl
0x000f8bb3:  38 c2                    cmpb     %al, %dl
0x000f8bb5:  75 e1                    jne      0xf8b98

----------------
IN: 
0x000f8bb7:  8e c3                    movw     %bx, %es
0x000f8bb9:  66 89 e8                 movl     %ebp, %eax
0x000f8bbc:  26 a2 6d f1              movb     %al, %es:0xf16d
0x000f8bc0:  66 89 f8                 movl     %edi, %eax
0x000f8bc3:  84 c0                    testb    %al, %al
0x000f8bc5:  74 4e                    je       0xf8c15

----------------
IN: 
0x000f8bc7:  66 b8 40 00 00 00        movl     $0x40, %eax
0x000f8bcd:  8e c0                    movw     %ax, %es
0x000f8bcf:  26 8b 16 50 00           movw     %es:0x50, %dx
0x000f8bd4:  66 42                    incl     %edx
0x000f8bd6:  26 a1 4a 00              movw     %es:0x4a, %ax
0x000f8bda:  38 c2                    cmpb     %al, %dl
0x000f8bdc:  72 1e                    jb       0xf8bfc

----------------
IN: 
0x000f8bfc:  66 e8 e8 e0 ff ff        calll    0xf6cea

----------------
IN: 
0x000f8c02:  66 0f b6 d2              movzbl   %dl, %edx
0x000f8c06:  66 0f b6 c0              movzbl   %al, %eax
0x000f8c0a:  66 5b                    popl     %ebx
0x000f8c0c:  66 5e                    popl     %esi
0x000f8c0e:  66 5f                    popl     %edi
0x000f8c10:  66 5d                    popl     %ebp
0x000f8c12:  e9 ea 5a                 jmp      0xfe6ff

----------------
IN: 
0x000fe6ff:  66 b9 80 da 00 00        movl     $0xda80, %ecx
0x000fe705:  8e c1                    movw     %cx, %es
0x000fe707:  26 8a 0e 72 f1           movb     %es:0xf172, %cl
0x000fe70c:  84 c9                    testb    %cl, %cl
0x000fe70e:  75 17                    jne      0xfe727

----------------
IN: 
0x000fe727:  66 c3                    retl     

----------------
IN: 
0x000c5652:  2e 8e 1e 78 98           movw     %cs:0x9878, %ds
0x000c5657:  66 b8 d0 01 00 00        movl     $0x1d0, %eax
0x000c565d:  67 66 8f 40 1c           popl     0x1c(%eax)
0x000c5662:  67 8f 00                 popw     (%eax)
0x000c5665:  67 66 89 78 04           movl     %edi, 4(%eax)
0x000c566a:  67 66 89 70 08           movl     %esi, 8(%eax)
0x000c566f:  67 66 89 68 0c           movl     %ebp, 0xc(%eax)
0x000c5674:  67 66 89 58 10           movl     %ebx, 0x10(%eax)
0x000c5679:  67 66 89 50 14           movl     %edx, 0x14(%eax)
0x000c567e:  67 66 89 48 18           movl     %ecx, 0x18(%eax)
0x000c5683:  67 8c 40 02              movw     %es, 2(%eax)
0x000c5687:  67 66 89 60 28           movl     %esp, 0x28(%eax)
0x000c568c:  67 8c 50 2c              movw     %ss, 0x2c(%eax)
0x000c5690:  67 66 8f 40 20           popl     0x20(%eax)
0x000c5695:  67 8f 40 24              popw     0x24(%eax)
0x000c5699:  8c da                    movw     %ds, %dx
0x000c569b:  8e d2                    movw     %dx, %ss

----------------
IN: 
0x000c569d:  66 89 c4                 movl     %eax, %esp

----------------
IN: 
0x000c56a0:  50                       pushw    %ax
0x000c56a1:  e8 e1 f1                 callw    0xc4885

----------------
IN: 
0x000c4926:  3c 12                    cmpb     $0x12, %al
0x000c4928:  0f 84 ee 08              je       0xc521a

----------------
IN: 
0x000c492c:  77 32                    ja       0xc4960

----------------
IN: 
0x000c492e:  3c 0f                    cmpb     $0xf, %al
0x000c4930:  0f 84 db 02              je       0xc4c0f

----------------
IN: 
0x000c4934:  77 1d                    ja       0xc4953

----------------
IN: 
0x000c4936:  3c 0d                    cmpb     $0xd, %al
0x000c4938:  0f 85 bd 02              jne      0xc4bf9

----------------
IN: 
0x000c4bf9:  67 8a 53 1c              movb     0x1c(%ebx), %dl
0x000c4bfd:  67 8a 43 10              movb     0x10(%ebx), %al
0x000c4c01:  8d 66 f4                 leaw     -0xc(%bp), %sp
0x000c4c04:  66 5b                    popl     %ebx
0x000c4c06:  66 5e                    popl     %esi
0x000c4c08:  66 5f                    popl     %edi
0x000c4c0a:  66 5d                    popl     %ebp
0x000c4c0c:  e9 0c d6                 jmp      0xc221b

----------------
IN: 
0x000c221b:  66 55                    pushl    %ebp
0x000c221d:  66 89 e5                 movl     %esp, %ebp
0x000c2220:  66 53                    pushl    %ebx
0x000c2222:  66 51                    pushl    %ecx
0x000c2224:  88 c1                    movb     %al, %cl
0x000c2226:  88 d3                    movb     %dl, %bl
0x000c2228:  66 b8 40 00 00 00        movl     $0x40, %eax
0x000c222e:  8e c0                    movw     %ax, %es
0x000c2230:  26 a0 62 00              movb     %es:0x62, %al
0x000c2234:  66 0f b6 c0              movzbl   %al, %eax
0x000c2238:  50                       pushw    %ax
0x000c2239:  e8 3d e9                 callw    0xc0b79

----------------
IN: 
0x000c0b79:  3c 07                    cmpb     $7, %al
0x000c0b7b:  76 06                    jbe      0xc0b83

----------------
IN: 
0x000c0b83:  66 ba 40 00 00 00        movl     $0x40, %edx
0x000c0b89:  8e c2                    movw     %dx, %es
0x000c0b8b:  66 0f b6 c0              movzbl   %al, %eax
0x000c0b8f:  26 67 8b 54 00 50        movw     %es:0x50(%eax, %eax), %dx
0x000c0b95:  66 c1 e0 10              shll     $0x10, %eax
0x000c0b99:  66 0f b7 d2              movzwl   %dx, %edx
0x000c0b9d:  66 09 d0                 orl      %edx, %eax
0x000c0ba0:  c2 02 00                 retw     $2

----------------
IN: 
0x000c223c:  67 66 89 45 f8           movl     %eax, -8(%ebp)
0x000c2241:  66 89 e8                 movl     %ebp, %eax
0x000c2244:  9c                       pushfw   
0x000c2245:  66 83 c0 f8              addl     $-8, %eax
0x000c2249:  9d                       popfw    

----------------
IN: 
0x000c224a:  66 6a 00                 pushl    $0
0x000c224d:  88 da                    movb     %bl, %dl
0x000c224f:  50                       pushw    %ax
0x000c2250:  e8 0e ff                 callw    0xc2161

----------------
IN: 
0x000c2161:  66 55                    pushl    %ebp
0x000c2163:  66 89 e5                 movl     %esp, %ebp
0x000c2166:  66 57                    pushl    %edi
0x000c2168:  66 56                    pushl    %esi
0x000c216a:  66 53                    pushl    %ebx
0x000c216c:  66 89 c3                 movl     %eax, %ebx
0x000c216f:  80 fa 0a                 cmpb     $0xa, %dl
0x000c2172:  74 27                    je       0xc219b

----------------
IN: 
0x000c2174:  77 0c                    ja       0xc2182

----------------
IN: 
0x000c2182:  80 fa 0d                 cmpb     $0xd, %dl
0x000c2185:  75 1a                    jne      0xc21a1

----------------
IN: 
0x000c21a1:  67 8a 45 08              movb     8(%ebp), %al
0x000c21a5:  66 50                    pushl    %eax
0x000c21a7:  66 89 d8                 movl     %ebx, %eax
0x000c21aa:  50                       pushw    %ax
0x000c21ab:  e8 a3 f8                 callw    0xc1a51

----------------
IN: 
0x000c1a51:  66 55                    pushl    %ebp
0x000c1a53:  66 89 e5                 movl     %esp, %ebp
0x000c1a56:  66 57                    pushl    %edi
0x000c1a58:  66 56                    pushl    %esi
0x000c1a5a:  66 53                    pushl    %ebx
0x000c1a5c:  66 53                    pushl    %ebx
0x000c1a5e:  66 89 c3                 movl     %eax, %ebx
0x000c1a61:  66 89 d6                 movl     %edx, %esi
0x000c1a64:  67 88 4d f0              movb     %cl, -0x10(%ebp)
0x000c1a68:  67 8a 00                 movb     (%eax), %al
0x000c1a6b:  67 88 45 f3              movb     %al, -0xd(%ebp)
0x000c1a6f:  67 8a 53 01              movb     1(%ebx), %dl
0x000c1a73:  67 8a 4b 02              movb     2(%ebx), %cl
0x000c1a77:  66 b8 40 00 00 00        movl     $0x40, %eax
0x000c1a7d:  8e c0                    movw     %ax, %es
0x000c1a7f:  26 8b 3e bc 00           movw     %es:0xbc, %di
0x000c1a84:  85 ff                    testw    %di, %di
0x000c1a86:  74 62                    je       0xc1aea

----------------
IN: 
0x000c1a88:  66 0f b7 ff              movzwl   %di, %edi
0x000c1a8c:  2e 67 8a 07              movb     %cs:(%edi), %al
0x000c1a90:  84 c0                    testb    %al, %al
0x000c1a92:  74 1b                    je       0xc1aaf

----------------
IN: 
0x000c1aaf:  67 8a 45 f3              movb     -0xd(%ebp), %al
0x000c1ab3:  50                       pushw    %ax
0x000c1ab4:  e8 ac f4                 callw    0xc0f63

----------------
IN: 
0x000c0f63:  66 55                    pushl    %ebp
0x000c0f65:  66 89 e5                 movl     %esp, %ebp
0x000c0f68:  66 57                    pushl    %edi
0x000c0f6a:  66 56                    pushl    %esi
0x000c0f6c:  66 53                    pushl    %ebx
0x000c0f6e:  66 0f b6 da              movzbl   %dl, %ebx
0x000c0f72:  66 ba 40 00 00 00        movl     $0x40, %edx
0x000c0f78:  8e c2                    movw     %dx, %es
0x000c0f7a:  26 8b 16 4a 00           movw     %es:0x4a, %dx
0x000c0f7f:  66 0f b6 f1              movzbl   %cl, %esi
0x000c0f83:  26 8b 0e 4c 00           movw     %es:0x4c, %cx
0x000c0f88:  66 0f b7 c9              movzwl   %cx, %ecx
0x000c0f8c:  66 0f af ce              imull    %esi, %ecx
0x000c0f90:  66 0f b6 c0              movzbl   %al, %eax
0x000c0f94:  66 01 c0                 addl     %eax, %eax
0x000c0f97:  66 01 c1                 addl     %eax, %ecx
0x000c0f9a:  66 0f b7 d2              movzwl   %dx, %edx
0x000c0f9e:  66 0f af d3              imull    %ebx, %edx
0x000c0fa2:  66 01 d2                 addl     %edx, %edx
0x000c0fa5:  66 89 d0                 movl     %edx, %eax
0x000c0fa8:  9c                       pushfw   
0x000c0fa9:  66 01 c8                 addl     %ecx, %eax
0x000c0fac:  9d                       popfw    

----------------
IN: 
0x000c0fad:  66 5b                    popl     %ebx
0x000c0faf:  66 5e                    popl     %esi
0x000c0fb1:  66 5f                    popl     %edi
0x000c0fb3:  66 5d                    popl     %ebp
0x000c0fb5:  c2 02 00                 retw     $2

----------------
IN: 
0x000c1ab7:  66 89 c2                 movl     %eax, %edx
0x000c1aba:  2e 67 8b 47 0a           movw     %cs:0xa(%edi), %ax
0x000c1abf:  67 80 7d 08 00           cmpb     $0, 8(%ebp)
0x000c1ac4:  74 1b                    je       0xc1ae1

----------------
IN: 
0x000c1ae1:  8e c0                    movw     %ax, %es
0x000c1ae3:  66 89 f0                 movl     %esi, %eax
0x000c1ae6:  26 67 88 02              movb     %al, %es:(%edx)
0x000c1aea:  67 8a 03                 movb     (%ebx), %al
0x000c1aed:  66 40                    incl     %eax
0x000c1aef:  67 88 03                 movb     %al, (%ebx)
0x000c1af2:  66 ba 40 00 00 00        movl     $0x40, %edx
0x000c1af8:  8e c2                    movw     %dx, %es
0x000c1afa:  26 8b 16 4a 00           movw     %es:0x4a, %dx
0x000c1aff:  66 0f b6 c0              movzbl   %al, %eax
0x000c1b03:  39 d0                    cmpw     %dx, %ax
0x000c1b05:  75 08                    jne      0xc1b0f

----------------
IN: 
0x000c1ae6:  26 67 88 02              movb     %al, %es:(%edx)

----------------
IN: 
0x000c1aea:  67 8a 03                 movb     (%ebx), %al
0x000c1aed:  66 40                    incl     %eax
0x000c1aef:  67 88 03                 movb     %al, (%ebx)
0x000c1af2:  66 ba 40 00 00 00        movl     $0x40, %edx
0x000c1af8:  8e c2                    movw     %dx, %es
0x000c1afa:  26 8b 16 4a 00           movw     %es:0x4a, %dx
0x000c1aff:  66 0f b6 c0              movzbl   %al, %eax
0x000c1b03:  39 d0                    cmpw     %dx, %ax
0x000c1b05:  75 08                    jne      0xc1b0f

----------------
IN: 
0x000c1b0f:  8d 66 f4                 leaw     -0xc(%bp), %sp
0x000c1b12:  66 5b                    popl     %ebx
0x000c1b14:  66 5e                    popl     %esi
0x000c1b16:  66 5f                    popl     %edi
0x000c1b18:  66 5d                    popl     %ebp
0x000c1b1a:  c2 02 00                 retw     $2

----------------
IN: 
0x000c21ae:  66 58                    popl     %eax
0x000c21b0:  66 ba 40 00 00 00        movl     $0x40, %edx
0x000c21b6:  8e c2                    movw     %dx, %es
0x000c21b8:  26 a0 84 00              movb     %es:0x84, %al
0x000c21bc:  66 89 c6                 movl     %eax, %esi
0x000c21bf:  67 8a 43 01              movb     1(%ebx), %al
0x000c21c3:  66 89 f1                 movl     %esi, %ecx
0x000c21c6:  38 c1                    cmpb     %al, %cl
0x000c21c8:  73 43                    jae      0xc220d

----------------
IN: 
0x000c220d:  8d 66 f4                 leaw     -0xc(%bp), %sp
0x000c2210:  66 5b                    popl     %ebx
0x000c2212:  66 5e                    popl     %esi
0x000c2214:  66 5f                    popl     %edi
0x000c2216:  66 5d                    popl     %ebp
0x000c2218:  c2 02 00                 retw     $2

----------------
IN: 
0x000c2253:  66 5b                    popl     %ebx
0x000c2255:  67 8a 4d fa              movb     -6(%ebp), %cl
0x000c2259:  67 8a 55 f9              movb     -7(%ebp), %dl
0x000c225d:  67 8a 45 f8              movb     -8(%ebp), %al
0x000c2261:  50                       pushw    %ax
0x000c2262:  e8 53 ed                 callw    0xc0fb8

----------------
IN: 
0x000c0fb8:  80 f9 07                 cmpb     $7, %cl
0x000c0fbb:  77 7e                    ja       0xc103b

----------------
IN: 
0x000c0fbd:  66 55                    pushl    %ebp
0x000c0fbf:  66 89 e5                 movl     %esp, %ebp
0x000c0fc2:  66 57                    pushl    %edi
0x000c0fc4:  66 56                    pushl    %esi
0x000c0fc6:  66 53                    pushl    %ebx
0x000c0fc8:  66 0f b6 d9              movzbl   %cl, %ebx
0x000c0fcc:  66 89 d6                 movl     %edx, %esi
0x000c0fcf:  66 89 c7                 movl     %eax, %edi
0x000c0fd2:  66 b8 40 00 00 00        movl     $0x40, %eax
0x000c0fd8:  8e c0                    movw     %ax, %es
0x000c0fda:  26 a0 62 00              movb     %es:0x62, %al
0x000c0fde:  38 d8                    cmpb     %bl, %al
0x000c0fe0:  75 32                    jne      0xc1014

----------------
IN: 
0x000c0fe2:  88 d9                    movb     %bl, %cl
0x000c0fe4:  66 89 f8                 movl     %edi, %eax
0x000c0fe7:  50                       pushw    %ax
0x000c0fe8:  e8 78 ff                 callw    0xc0f63

----------------
IN: 
0x000c0feb:  66 89 c1                 movl     %eax, %ecx
0x000c0fee:  50                       pushw    %ax
0x000c0fef:  e8 be f8                 callw    0xc08b0

----------------
IN: 
0x000c0ff2:  66 89 c2                 movl     %eax, %edx
0x000c0ff5:  66 89 c8                 movl     %ecx, %eax
0x000c0ff8:  66 c1 f8 09              sarl     $9, %eax
0x000c0ffc:  66 c1 e0 08              shll     $8, %eax

----------------
IN: 
0x000c1000:  66 83 c8 0e              orl      $0xe, %eax
0x000c1004:  ef                       outw     %ax, %dx

----------------
IN: 
0x000c1005:  66 89 c8                 movl     %ecx, %eax
0x000c1008:  66 d1 f8                 sarl     $1, %eax
0x000c100b:  66 c1 e0 08              shll     $8, %eax
0x000c100f:  66 83 c8 0f              orl      $0xf, %eax
0x000c1013:  ef                       outw     %ax, %dx

----------------
IN: 
0x000c1014:  66 b8 40 00 00 00        movl     $0x40, %eax
0x000c101a:  8e c0                    movw     %ax, %es
0x000c101c:  66 c1 e6 08              shll     $8, %esi
0x000c1020:  66 89 f8                 movl     %edi, %eax
0x000c1023:  66 0f b6 f8              movzbl   %al, %edi
0x000c1027:  66 09 fe                 orl      %edi, %esi
0x000c102a:  26 67 89 74 1b 50        movw     %si, %es:0x50(%ebx, %ebx)
0x000c1030:  66 5b                    popl     %ebx
0x000c1032:  66 5e                    popl     %esi
0x000c1034:  66 5f                    popl     %edi
0x000c1036:  66 5d                    popl     %ebp
0x000c1038:  c2 02 00                 retw     $2

----------------
IN: 
0x000c2265:  67 66 8b 5d fc           movl     -4(%ebp), %ebx
0x000c226a:  66 89 ec                 movl     %ebp, %esp
0x000c226d:  66 5d                    popl     %ebp
0x000c226f:  c2 02 00                 retw     $2

----------------
IN: 
0x000c56a4:  66 89 e0                 movl     %esp, %eax
0x000c56a7:  67 8e 50 2c              movw     0x2c(%eax), %ss

----------------
IN: 
0x000c56ab:  67 66 8b 60 28           movl     0x28(%eax), %esp

----------------
IN: 
0x000c56b0:  66 5a                    popl     %edx
0x000c56b2:  5a                       popw     %dx
0x000c56b3:  67 ff 70 24              pushw    0x24(%eax)
0x000c56b7:  67 66 ff 70 20           pushl    0x20(%eax)
0x000c56bc:  67 66 8b 78 04           movl     4(%eax), %edi
0x000c56c1:  67 66 8b 70 08           movl     8(%eax), %esi
0x000c56c6:  67 66 8b 68 0c           movl     0xc(%eax), %ebp
0x000c56cb:  67 66 8b 58 10           movl     0x10(%eax), %ebx
0x000c56d0:  67 66 8b 50 14           movl     0x14(%eax), %edx
0x000c56d5:  67 66 8b 48 18           movl     0x18(%eax), %ecx
0x000c56da:  67 8e 40 02              movw     2(%eax), %es
0x000c56de:  67 66 ff 70 1c           pushl    0x1c(%eax)
0x000c56e3:  67 8e 18                 movw     (%eax), %ds
0x000c56e6:  66 58                    popl     %eax
0x000c56e8:  cf                       iretw    

----------------
IN: 
0x000ecea0:  83 c4 28                 addl     $0x28, %esp
0x000ecea3:  5b                       popl     %ebx
0x000ecea4:  c3                       retl     

----------------
IN: 
0x000f8b98:  66 e8 ba fe ff ff        calll    0xf8a58

----------------
IN: 
0x000f8a58:  66 57                    pushl    %edi
0x000f8a5a:  66 56                    pushl    %esi
0x000f8a5c:  66 53                    pushl    %ebx
0x000f8a5e:  66 bb 80 da 00 00        movl     $0xda80, %ebx
0x000f8a64:  8e c3                    movw     %bx, %es
0x000f8a66:  26 a0 6d f1              movb     %es:0xf16d, %al
0x000f8a6a:  66 89 c6                 movl     %eax, %esi
0x000f8a6d:  26 a0 6c f1              movb     %es:0xf16c, %al
0x000f8a71:  66 89 f1                 movl     %esi, %ecx
0x000f8a74:  84 c9                    testb    %cl, %cl
0x000f8a76:  74 23                    je       0xf8a9b

----------------
IN: 
0x000f8a78:  66 0f b6 c0              movzbl   %al, %eax
0x000f8a7c:  66 e8 66 58 00 00        calll    0xfe2e8

----------------
IN: 
0x000fe2e8:  66 ba 80 da 00 00        movl     $0xda80, %edx
0x000fe2ee:  8e c2                    movw     %dx, %es
0x000fe2f0:  26 8a 16 70 f1           movb     %es:0xf170, %dl
0x000fe2f5:  38 c2                    cmpb     %al, %dl
0x000fe2f7:  0f 84 de 00              je       0xfe3d9

----------------
IN: 
0x000fe2fb:  66 57                    pushl    %edi
0x000fe2fd:  66 56                    pushl    %esi
0x000fe2ff:  66 53                    pushl    %ebx
0x000fe301:  66 89 c3                 movl     %eax, %ebx
0x000fe304:  26 a2 70 f1              movb     %al, %es:0xf170
0x000fe308:  c0 e8 04                 shrb     $4, %al
0x000fe30b:  66 83 e0 07              andl     $7, %eax
0x000fe30f:  66 89 c6                 movl     %eax, %esi
0x000fe312:  66 89 df                 movl     %ebx, %edi
0x000fe315:  66 83 e7 07              andl     $7, %edi
0x000fe319:  66 b8 1b 00 00 00        movl     $0x1b, %eax
0x000fe31f:  66 e8 b6 0c 00 00        calll    0xfefdb

----------------
IN: 
0x000fe325:  66 b8 5b 00 00 00        movl     $0x5b, %eax
0x000fe32b:  66 e8 aa 0c 00 00        calll    0xfefdb

----------------
IN: 
0x000fe331:  66 b8 30 00 00 00        movl     $0x30, %eax
0x000fe337:  66 e8 9e 0c 00 00        calll    0xfefdb

----------------
IN: 
0x000fe33d:  66 89 f8                 movl     %edi, %eax
0x000fe340:  3c 07                    cmpb     $7, %al
0x000fe342:  74 31                    je       0xfe375

----------------
IN: 
0x000fe375:  66 89 f0                 movl     %esi, %eax
0x000fe378:  84 c0                    testb    %al, %al
0x000fe37a:  74 31                    je       0xfe3ad

----------------
IN: 
0x000fe3ad:  80 e3 08                 andb     $8, %bl
0x000fe3b0:  74 18                    je       0xfe3ca

----------------
IN: 
0x000fe3ca:  66 b8 6d 00 00 00        movl     $0x6d, %eax
0x000fe3d0:  66 5b                    popl     %ebx
0x000fe3d2:  66 5e                    popl     %esi
0x000fe3d4:  66 5f                    popl     %edi
0x000fe3d6:  e9 02 0c                 jmp      0xfefdb

----------------
IN: 
0x000f8a82:  66 89 f0                 movl     %esi, %eax
0x000f8a85:  66 0f b6 c0              movzbl   %al, %eax
0x000f8a89:  66 e8 c4 fe ff ff        calll    0xf8953

----------------
IN: 
0x000f8953:  66 0f b6 c0              movzbl   %al, %eax
0x000f8957:  2e 67 8b 84 00 a0 da 00  movw     %cs:0xdaa0(%eax, %eax), %ax
0x000f895f:  00
0x000f8960:  83 f8 7e                 cmpw     $0x7e, %ax
0x000f8963:  77 06                    ja       0xf896b

----------------
IN: 
0x000f8965:  66 0f b7 c0              movzwl   %ax, %eax
0x000f8969:  eb 4d                    jmp      0xf89b8

----------------
IN: 
0x000f89b8:  e9 20 66                 jmp      0xfefdb

----------------
IN: 
0x000f8a8f:  8e c3                    movw     %bx, %es
0x000f8a91:  26 a0 6f f1              movb     %es:0xf16f, %al
0x000f8a95:  66 40                    incl     %eax
0x000f8a97:  26 a2 6f f1              movb     %al, %es:0xf16f
0x000f8a9b:  66 e8 49 e2 ff ff        calll    0xf6cea

----------------
IN: 
0x000f8aa1:  66 89 c6                 movl     %eax, %esi
0x000f8aa4:  66 b8 40 00 00 00        movl     $0x40, %eax
0x000f8aaa:  8e c0                    movw     %ax, %es
0x000f8aac:  26 8b 3e 50 00           movw     %es:0x50, %di
0x000f8ab1:  8e c3                    movw     %bx, %es
0x000f8ab3:  26 a0 6e f1              movb     %es:0xf16e, %al
0x000f8ab7:  66 89 f1                 movl     %esi, %ecx
0x000f8aba:  38 c1                    cmpb     %al, %cl
0x000f8abc:  74 09                    je       0xf8ac7

----------------
IN: 
0x000f8ac7:  26 a0 6f f1              movb     %es:0xf16f, %al
0x000f8acb:  66 89 fa                 movl     %edi, %edx
0x000f8ace:  38 c2                    cmpb     %al, %dl
0x000f8ad0:  75 ec                    jne      0xf8abe

----------------
IN: 
0x000f8ad2:  e9 83 00                 jmp      0xf8b58

----------------
IN: 
0x000f8b58:  8e c3                    movw     %bx, %es
0x000f8b5a:  b0 07                    movb     $7, %al
0x000f8b5c:  26 a2 6c f1              movb     %al, %es:0xf16c
0x000f8b60:  66 31 c0                 xorl     %eax, %eax
0x000f8b63:  26 a2 6d f1              movb     %al, %es:0xf16d
0x000f8b67:  66 5b                    popl     %ebx
0x000f8b69:  66 5e                    popl     %esi
0x000f8b6b:  66 5f                    popl     %edi
0x000f8b6d:  66 c3                    retl     

----------------
IN: 
0x000f8b9e:  eb 17                    jmp      0xf8bb7

----------------
IN: 
0x000fe3d9:  66 c3                    retl     

----------------
IN: 
0x000ecec6:  b8 0d 00 00 00           movl     $0xd, %eax
0x000ececb:  e8 82 ff ff ff           calll    0xece52

----------------
IN: 
0x000fc897:  66 e8 4d a4 ff ff        calll    0xf6cea

----------------
IN: 
0x000fc89d:  66 0f b6 c0              movzbl   %al, %eax
0x000fc8a1:  66 31 d2                 xorl     %edx, %edx
0x000fc8a4:  eb 5d                    jmp      0xfc903

----------------
IN: 
0x000fc903:  66 5b                    popl     %ebx
0x000fc905:  66 5e                    popl     %esi
0x000fc907:  66 5f                    popl     %edi
0x000fc909:  e9 f3 1d                 jmp      0xfe6ff

----------------
IN: 
0x000c2187:  67 c6 00 00              movb     $0, (%eax)
0x000c218b:  eb 23                    jmp      0xc21b0

----------------
IN: 
0x000c21b0:  66 ba 40 00 00 00        movl     $0x40, %edx
0x000c21b6:  8e c2                    movw     %dx, %es
0x000c21b8:  26 a0 84 00              movb     %es:0x84, %al
0x000c21bc:  66 89 c6                 movl     %eax, %esi
0x000c21bf:  67 8a 43 01              movb     1(%ebx), %al
0x000c21c3:  66 89 f1                 movl     %esi, %ecx
0x000c21c6:  38 c1                    cmpb     %al, %cl
0x000c21c8:  73 43                    jae      0xc220d

----------------
IN: 
0x000fc90c:  66 5b                    popl     %ebx
0x000fc90e:  66 5e                    popl     %esi
0x000fc910:  66 5f                    popl     %edi
0x000fc912:  e9 eb 35                 jmp      0xfff00

----------------
IN: 
0x000fff00:  66 e8 e4 6d ff ff        calll    0xf6cea

----------------
IN: 
0x000fff06:  66 40                    incl     %eax
0x000fff08:  66 ba 40 00 00 00        movl     $0x40, %edx
0x000fff0e:  8e c2                    movw     %dx, %es
0x000fff10:  26 8a 16 84 00           movb     %es:0x84, %dl
0x000fff15:  67 66 8d 4a 01           leal     1(%edx), %ecx
0x000fff1a:  38 c8                    cmpb     %cl, %al
0x000fff1c:  72 1a                    jb       0xfff38

----------------
IN: 
0x000fff38:  66 ba 40 00 00 00        movl     $0x40, %edx
0x000fff3e:  8e c2                    movw     %dx, %es
0x000fff40:  26 8b 16 50 00           movw     %es:0x50, %dx
0x000fff45:  66 0f b6 d2              movzbl   %dl, %edx
0x000fff49:  66 0f b6 c0              movzbl   %al, %eax
0x000fff4d:  e9 af e7                 jmp      0xfe6ff

----------------
IN: 
0x000c219b:  67 fe 40 01              incb     1(%eax)
0x000c219f:  eb 0f                    jmp      0xc21b0

----------------
IN: 
0x000eeec3:  c3                       retl     

----------------
IN: 
0x06ff2689:  31 c0                    xorl     %eax, %eax
0x06ff268b:  89 44 24 38              movl     %eax, 0x38(%esp)
0x06ff268f:  8d 44 24 38              leal     0x38(%esp), %eax
0x06ff2693:  e8 58 a0 ff ff           calll    0x6fec6f0

----------------
IN: 
0x06fec6f0:  89 c1                    movl     %eax, %ecx
0x06fec6f2:  8b 15 2c ff ff 06        movl     0x6ffff2c, %edx
0x06fec6f8:  85 d2                    testl    %edx, %edx
0x06fec6fa:  74 0f                    je       0x6fec70b

----------------
IN: 
0x06fec70b:  a1 30 ff ff 06           movl     0x6ffff30, %eax
0x06fec710:  85 c0                    testl    %eax, %eax
0x06fec712:  74 09                    je       0x6fec71d

----------------
IN: 
0x06fec714:  0f b7 50 16              movzwl   0x16(%eax), %edx
0x06fec718:  89 11                    movl     %edx, (%ecx)
0x06fec71a:  8b 40 18                 movl     0x18(%eax), %eax
0x06fec71d:  c3                       retl     

----------------
IN: 
0x06ff2698:  89 c7                    movl     %eax, %edi
0x06ff269a:  8b 74 24 38              movl     0x38(%esp), %esi
0x06ff269e:  31 c9                    xorl     %ecx, %ecx
0x06ff26a0:  89 f2                    movl     %esi, %edx
0x06ff26a2:  e8 e8 9f ff ff           calll    0x6fec68f

----------------
IN: 
0x06ff26a7:  89 c3                    movl     %eax, %ebx
0x06ff26a9:  83 c4 0c                 addl     $0xc, %esp
0x06ff26ac:  85 db                    testl    %ebx, %ebx
0x06ff26ae:  0f 84 69 01 00 00        je       0x6ff281d

----------------
IN: 
0x06ff26b4:  80 3b 01                 cmpb     $1, (%ebx)
0x06ff26b7:  0f 85 4e 01 00 00        jne      0x6ff280b

----------------
IN: 
0x06ff280b:  89 d9                    movl     %ebx, %ecx
0x06ff280d:  89 f2                    movl     %esi, %edx
0x06ff280f:  89 f8                    movl     %edi, %eax
0x06ff2811:  e8 79 9e ff ff           calll    0x6fec68f

----------------
IN: 
0x06ff2816:  89 c3                    movl     %eax, %ebx
0x06ff2818:  e9 8f fe ff ff           jmp      0x6ff26ac

----------------
IN: 
0x06ff26ac:  85 db                    testl    %ebx, %ebx
0x06ff26ae:  0f 84 69 01 00 00        je       0x6ff281d

----------------
IN: 
0x06ff26bd:  80 7b 01 17              cmpb     $0x17, 1(%ebx)
0x06ff26c1:  0f 86 44 01 00 00        jbe      0x6ff280b

----------------
IN: 
0x06ff26c7:  8d 7c 24 32              leal     0x32(%esp), %edi
0x06ff26cb:  b9 04 00 00 00           movl     $4, %ecx
0x06ff26d0:  31 c0                    xorl     %eax, %eax
0x06ff26d2:  f3 ab                    rep stosl %eax, %es:(%edi)

----------------
IN: 
0x06ff26d4:  8d 54 24 32              leal     0x32(%esp), %edx
0x06ff26d8:  8d 43 08                 leal     8(%ebx), %eax
0x06ff26db:  b9 10 00 00 00           movl     $0x10, %ecx
0x06ff26e0:  e8 c8 7c 0f f9           calll    0xea3ad

----------------
IN: 
0x06ff26e5:  85 c0                    testl    %eax, %eax
0x06ff26e7:  0f 84 30 01 00 00        je       0x6ff281d

----------------
IN: 
0x06ff281d:  83 c4 68                 addl     $0x68, %esp
0x06ff2820:  5b                       popl     %ebx
0x06ff2821:  5e                       popl     %esi
0x06ff2822:  5f                       popl     %edi
0x06ff2823:  5d                       popl     %ebp
0x06ff2824:  c3                       retl     

----------------
IN: 
0x06ffbec6:  e8 3a e3 0e f9           calll    0xea205

----------------
IN: 
0x06ffbecb:  85 c0                    testl    %eax, %eax
0x06ffbecd:  75 0a                    jne      0x6ffbed9

----------------
IN: 
0x06ffbecf:  e8 36 a8 ff ff           calll    0x6ff670a

----------------
IN: 
0x06ff670a:  55                       pushl    %ebp
0x06ff670b:  57                       pushl    %edi
0x06ff670c:  56                       pushl    %esi
0x06ff670d:  53                       pushl    %ebx
0x06ff670e:  83 ec 14                 subl     $0x14, %esp
0x06ff6711:  ba 64 00 00 00           movl     $0x64, %edx
0x06ff6716:  31 c9                    xorl     %ecx, %ecx
0x06ff6718:  b8 51 28 0f 00           movl     $0xf2851, %eax
0x06ff671d:  e8 fd 79 ff ff           calll    0x6fee11f

----------------
IN: 
0x06ff6722:  a3 58 ff ff 06           movl     %eax, 0x6ffff58
0x06ff6727:  a1 f8 fd ff 06           movl     0x6fffdf8, %eax
0x06ff672c:  8d 58 fc                 leal     -4(%eax), %ebx
0x06ff672f:  83 fb fc                 cmpl     $-4, %ebx
0x06ff6732:  74 5e                    je       0x6ff6792

----------------
IN: 
0x06ff6734:  0f b7 43 14              movzwl   0x14(%ebx), %eax
0x06ff6738:  c1 e0 08                 shll     $8, %eax
0x06ff673b:  0f b6 53 16              movzbl   0x16(%ebx), %edx
0x06ff673f:  09 d0                    orl      %edx, %eax
0x06ff6741:  3d 30 03 0c 00           cmpl     $0xc0330, %eax
0x06ff6746:  75 42                    jne      0x6ff678a

----------------
IN: 
0x06ff678a:  8b 5b 04                 movl     4(%ebx), %ebx
0x06ff678d:  83 eb 04                 subl     $4, %ebx
0x06ff6790:  eb 9d                    jmp      0x6ff672f

----------------
IN: 
0x06ff672f:  83 fb fc                 cmpl     $-4, %ebx
0x06ff6732:  74 5e                    je       0x6ff6792

----------------
IN: 
0x06ff6792:  ba 10 0d 00 00           movl     $0xd10, %edx
0x06ff6797:  31 c0                    xorl     %eax, %eax
0x06ff6799:  e8 38 c4 ff ff           calll    0x6ff2bd6

----------------
IN: 
0x06ff2bd6:  55                       pushl    %ebp
0x06ff2bd7:  57                       pushl    %edi
0x06ff2bd8:  56                       pushl    %esi
0x06ff2bd9:  53                       pushl    %ebx
0x06ff2bda:  83 ec 10                 subl     $0x10, %esp
0x06ff2bdd:  89 c3                    movl     %eax, %ebx
0x06ff2bdf:  66 c7 44 24 01 0c 41     movw     $0x410c, 1(%esp)
0x06ff2be6:  c6 44 24 03 d0           movb     $0xd0, 3(%esp)
0x06ff2beb:  89 d0                    movl     %edx, %eax
0x06ff2bed:  86 e0                    xchgb    %ah, %al
0x06ff2bef:  66 89 44 24 04           movw     %ax, 4(%esp)
0x06ff2bf4:  0f b7 d2                 movzwl   %dx, %edx
0x06ff2bf7:  52                       pushl    %edx
0x06ff2bf8:  68 ac 1e 0f 00           pushl    $0xf1eac
0x06ff2bfd:  6a 0a                    pushl    $0xa
0x06ff2bff:  8d 7c 24 12              leal     0x12(%esp), %edi
0x06ff2c03:  57                       pushl    %edi
0x06ff2c04:  e8 14 fd ff ff           calll    0x6ff291d

----------------
IN: 
0x000ec6fe:  3c 2e                    cmpb     $0x2e, %al
0x000ec700:  0f 84 8e 01 00 00        je       0xec894

----------------
IN: 
0x000ec706:  7f 19                    jg       0xec721

----------------
IN: 
0x000ec721:  3c 58                    cmpb     $0x58, %al
0x000ec723:  0f 84 05 01 00 00        je       0xec82e

----------------
IN: 
0x000ea2a4:  8d 50 37                 leal     0x37(%eax), %edx
0x000ea2a7:  0f be d2                 movsbl   %dl, %edx
0x000ea2aa:  89 d8                    movl     %ebx, %eax
0x000ea2ac:  5b                       popl     %ebx
0x000ea2ad:  e9 89 ff ff ff           jmp      0xea23b

----------------
IN: 
0x06ff2c09:  89 c5                    movl     %eax, %ebp
0x06ff2c0b:  83 c4 10                 addl     $0x10, %esp
0x06ff2c0e:  85 db                    testl    %ebx, %ebx
0x06ff2c10:  75 11                    jne      0x6ff2c23

----------------
IN: 
0x06ff2c12:  8b 1d 30 fd ff 06        movl     0x6fffd30, %ebx
0x06ff2c18:  85 db                    testl    %ebx, %ebx
0x06ff2c1a:  74 30                    je       0x6ff2c4c

----------------
IN: 
0x06ff2c1c:  8b 73 18                 movl     0x18(%ebx), %esi
0x06ff2c1f:  85 f6                    testl    %esi, %esi
0x06ff2c21:  75 04                    jne      0x6ff2c27

----------------
IN: 
0x06ff2c23:  8b 1b                    movl     (%ebx), %ebx
0x06ff2c25:  eb f1                    jmp      0x6ff2c18

----------------
IN: 
0x06ff2c18:  85 db                    testl    %ebx, %ebx
0x06ff2c1a:  74 30                    je       0x6ff2c4c

----------------
IN: 
0x06ff2c27:  b9 05 00 00 00           movl     $5, %ecx
0x06ff2c2c:  8d 54 24 01              leal     1(%esp), %edx
0x06ff2c30:  8d 46 05                 leal     5(%esi), %eax
0x06ff2c33:  e8 75 77 0f f9           calll    0xea3ad

----------------
IN: 
0x06ff2c38:  85 c0                    testl    %eax, %eax
0x06ff2c3a:  74 10                    je       0x6ff2c4c

----------------
IN: 
0x06ff2c3c:  89 e9                    movl     %ebp, %ecx
0x06ff2c3e:  89 fa                    movl     %edi, %edx
0x06ff2c40:  8d 46 05                 leal     5(%esi), %eax
0x06ff2c43:  e8 65 77 0f f9           calll    0xea3ad

----------------
IN: 
0x06ff2c48:  85 c0                    testl    %eax, %eax
0x06ff2c4a:  75 d7                    jne      0x6ff2c23

----------------
IN: 
0x06ff2c4c:  89 d8                    movl     %ebx, %eax
0x06ff2c4e:  83 c4 10                 addl     $0x10, %esp
0x06ff2c51:  5b                       popl     %ebx
0x06ff2c52:  5e                       popl     %esi
0x06ff2c53:  5f                       popl     %edi
0x06ff2c54:  5d                       popl     %ebp
0x06ff2c55:  c3                       retl     

----------------
IN: 
0x06ff679e:  89 04 24                 movl     %eax, (%esp)
0x06ff67a1:  83 3c 24 00              cmpl     $0, (%esp)
0x06ff67a5:  74 62                    je       0x6ff6809

----------------
IN: 
0x06ff6809:  a1 f8 fd ff 06           movl     0x6fffdf8, %eax
0x06ff680e:  8d 58 fc                 leal     -4(%eax), %ebx
0x06ff6811:  83 fb fc                 cmpl     $-4, %ebx
0x06ff6814:  0f 84 b2 00 00 00        je       0x6ff68cc

----------------
IN: 
0x06ff681a:  0f b7 43 14              movzwl   0x14(%ebx), %eax
0x06ff681e:  c1 e0 08                 shll     $8, %eax
0x06ff6821:  0f b6 53 16              movzbl   0x16(%ebx), %edx
0x06ff6825:  09 d0                    orl      %edx, %eax
0x06ff6827:  3d 20 03 0c 00           cmpl     $0xc0320, %eax
0x06ff682c:  0f 85 8f 00 00 00        jne      0x6ff68c1

----------------
IN: 
0x06ff68c1:  8b 5b 04                 movl     4(%ebx), %ebx
0x06ff68c4:  83 eb 04                 subl     $4, %ebx
0x06ff68c7:  e9 45 ff ff ff           jmp      0x6ff6811

----------------
IN: 
0x06ff6811:  83 fb fc                 cmpl     $-4, %ebx
0x06ff6814:  0f 84 b2 00 00 00        je       0x6ff68cc

----------------
IN: 
0x06ff68cc:  a1 f8 fd ff 06           movl     0x6fffdf8, %eax
0x06ff68d1:  8d 58 fc                 leal     -4(%eax), %ebx
0x06ff68d4:  83 fb fc                 cmpl     $-4, %ebx
0x06ff68d7:  0f 84 c9 00 00 00        je       0x6ff69a6

----------------
IN: 
0x06ff68dd:  0f b7 43 14              movzwl   0x14(%ebx), %eax
0x06ff68e1:  c1 e0 08                 shll     $8, %eax
0x06ff68e4:  0f b6 53 16              movzbl   0x16(%ebx), %edx
0x06ff68e8:  09 d0                    orl      %edx, %eax
0x06ff68ea:  3d 00 03 0c 00           cmpl     $0xc0300, %eax
0x06ff68ef:  0f 85 a6 00 00 00        jne      0x6ff699b

----------------
IN: 
0x06ff699b:  8b 5b 04                 movl     4(%ebx), %ebx
0x06ff699e:  83 eb 04                 subl     $4, %ebx
0x06ff69a1:  e9 2e ff ff ff           jmp      0x6ff68d4

----------------
IN: 
0x06ff68d4:  83 fb fc                 cmpl     $-4, %ebx
0x06ff68d7:  0f 84 c9 00 00 00        je       0x6ff69a6

----------------
IN: 
0x06ff69a6:  a1 f8 fd ff 06           movl     0x6fffdf8, %eax
0x06ff69ab:  8d 58 fc                 leal     -4(%eax), %ebx
0x06ff69ae:  83 fb fc                 cmpl     $-4, %ebx
0x06ff69b1:  0f 84 9e 00 00 00        je       0x6ff6a55

----------------
IN: 
0x06ff69b7:  0f b7 43 14              movzwl   0x14(%ebx), %eax
0x06ff69bb:  c1 e0 08                 shll     $8, %eax
0x06ff69be:  0f b6 53 16              movzbl   0x16(%ebx), %edx
0x06ff69c2:  09 d0                    orl      %edx, %eax
0x06ff69c4:  3d 10 03 0c 00           cmpl     $0xc0310, %eax
0x06ff69c9:  75 7f                    jne      0x6ff6a4a

----------------
IN: 
0x06ff6a4a:  8b 5b 04                 movl     4(%ebx), %ebx
0x06ff6a4d:  83 eb 04                 subl     $4, %ebx
0x06ff6a50:  e9 59 ff ff ff           jmp      0x6ff69ae

----------------
IN: 
0x06ff69ae:  83 fb fc                 cmpl     $-4, %ebx
0x06ff69b1:  0f 84 9e 00 00 00        je       0x6ff6a55

----------------
IN: 
0x06ff6a55:  83 3d 30 fd ff 06 00     cmpl     $0, 0x6fffd30
0x06ff6a5c:  74 4f                    je       0x6ff6aad

----------------
IN: 
0x06ff6a5e:  ba 03 03 00 00           movl     $0x303, %edx
0x06ff6a63:  31 c0                    xorl     %eax, %eax
0x06ff6a65:  e8 6c c1 ff ff           calll    0x6ff2bd6

----------------
IN: 
0x06ff6a6a:  85 c0                    testl    %eax, %eax
0x06ff6a6c:  74 32                    je       0x6ff6aa0

----------------
IN: 
0x06ff6a6e:  8b 40 1c                 movl     0x1c(%eax), %eax
0x06ff6a71:  85 c0                    testl    %eax, %eax
0x06ff6a73:  74 38                    je       0x6ff6aad

----------------
IN: 
0x06ff6a75:  80 38 08                 cmpb     $8, (%eax)
0x06ff6a78:  75 33                    jne      0x6ff6aad

----------------
IN: 
0x06ff6a7a:  31 d2                    xorl     %edx, %edx
0x06ff6a7c:  89 54 24 0c              movl     %edx, 0xc(%esp)
0x06ff6a80:  89 54 24 10              movl     %edx, 0x10(%esp)
0x06ff6a84:  8d 4c 24 0c              leal     0xc(%esp), %ecx
0x06ff6a88:  83 c0 05                 addl     $5, %eax
0x06ff6a8b:  31 d2                    xorl     %edx, %edx
0x06ff6a8d:  e8 4d 68 ff ff           calll    0x6fed2df

----------------
IN: 
0x06ff6a92:  83 7c 24 10 00           cmpl     $0, 0x10(%esp)
0x06ff6a97:  75 14                    jne      0x6ff6aad

----------------
IN: 
0x06ff6a99:  83 7c 24 0c 00           cmpl     $0, 0xc(%esp)
0x06ff6a9e:  75 0d                    jne      0x6ff6aad

----------------
IN: 
0x06ff6aad:  ba 87 e9 0f 00           movl     $0xfe987, %edx
0x06ff6ab2:  0f b7 d2                 movzwl   %dx, %edx
0x06ff6ab5:  81 ca 00 00 00 f0        orl      $0xf0000000, %edx
0x06ff6abb:  b8 01 00 00 00           movl     $1, %eax
0x06ff6ac0:  e8 4a 69 ff ff           calll    0x6fed40f

----------------
IN: 
0x06ff6ac5:  ba 2b d4 0f 00           movl     $0xfd42b, %edx
0x06ff6aca:  0f b7 d2                 movzwl   %dx, %edx
0x06ff6acd:  81 ca 00 00 00 f0        orl      $0xf0000000, %edx
0x06ff6ad3:  b8 0c 00 00 00           movl     $0xc, %eax
0x06ff6ad8:  e8 32 69 ff ff           calll    0x6fed40f

----------------
IN: 
0x06ff6add:  31 d2                    xorl     %edx, %edx
0x06ff6adf:  b8 27 23 ff 06           movl     $0x6ff2327, %eax
0x06ff6ae4:  e8 1c 7e ff ff           calll    0x6fee905

----------------
IN: 
0x06fee905:  55                       pushl    %ebp
0x06fee906:  57                       pushl    %edi
0x06fee907:  56                       pushl    %esi
0x06fee908:  53                       pushl    %ebx
0x06fee909:  89 c6                    movl     %eax, %esi
0x06fee90b:  89 d7                    movl     %edx, %edi
0x06fee90d:  80 3d a0 4d 0f 00 00     cmpb     $0, 0xf4da0
0x06fee914:  74 7a                    je       0x6fee990

----------------
IN: 
0x06fee916:  b9 00 10 00 00           movl     $0x1000, %ecx
0x06fee91b:  ba 00 10 00 00           movl     $0x1000, %edx
0x06fee920:  b8 78 fe ff 06           movl     $0x6fffe78, %eax
0x06fee925:  e8 9b ff ff ff           calll    0x6fee8c5

----------------
IN: 
0x06fee92a:  89 c3                    movl     %eax, %ebx
0x06fee92c:  85 c0                    testl    %eax, %eax
0x06fee92e:  74 60                    je       0x6fee990

----------------
IN: 
0x06fee930:  8d 80 00 10 00 00        leal     0x1000(%eax), %eax
0x06fee936:  89 03                    movl     %eax, (%ebx)
0x06fee938:  89 e0                    movl     %esp, %eax
0x06fee93a:  bd a8 61 0f 00           movl     $0xf61a8, %ebp
0x06fee93f:  3d 00 00 10 00           cmpl     $0x100000, %eax
0x06fee944:  76 07                    jbe      0x6fee94d

----------------
IN: 
0x06fee94d:  8d 55 04                 leal     4(%ebp), %edx
0x06fee950:  8d 43 04                 leal     4(%ebx), %eax
0x06fee953:  e8 79 d6 ff ff           calll    0x6febfd1

----------------
IN: 
0x06fee958:  89 f8                    movl     %edi, %eax
0x06fee95a:  89 f1                    movl     %esi, %ecx
0x06fee95c:  89 ea                    movl     %ebp, %edx
0x06fee95e:  68 7f e9 fe 06           pushl    $0x6fee97f
0x06fee963:  55                       pushl    %ebp
0x06fee964:  89 22                    movl     %esp, (%edx)
0x06fee966:  8b 23                    movl     (%ebx), %esp
0x06fee968:  ff d1                    calll    *%ecx

----------------
IN: 
0x06ff2327:  57                       pushl    %edi
0x06ff2328:  56                       pushl    %esi
0x06ff2329:  53                       pushl    %ebx
0x06ff232a:  57                       pushl    %edi
0x06ff232b:  e8 99 ce ff ff           calll    0x6fef1c9

----------------
IN: 
0x06fef1c9:  53                       pushl    %ebx
0x06fef1ca:  bb 10 00 00 00           movl     $0x10, %ebx
0x06fef1cf:  e4 64                    inb      $0x64, %al

----------------
IN: 
0x06fef1d1:  a8 01                    testb    $1, %al
0x06fef1d3:  74 25                    je       0x6fef1fa

----------------
IN: 
0x06fef1fa:  31 c0                    xorl     %eax, %eax
0x06fef1fc:  5b                       popl     %ebx
0x06fef1fd:  c3                       retl     

----------------
IN: 
0x06ff2330:  85 c0                    testl    %eax, %eax
0x06ff2332:  0f 85 43 01 00 00        jne      0x6ff247b

----------------
IN: 
0x06ff2338:  31 d2                    xorl     %edx, %edx
0x06ff233a:  b8 ad 00 00 00           movl     $0xad, %eax
0x06ff233f:  e8 10 ce ff ff           calll    0x6fef154

----------------
IN: 
0x06fef154:  57                       pushl    %edi
0x06fef155:  56                       pushl    %esi
0x06fef156:  53                       pushl    %ebx
0x06fef157:  89 c3                    movl     %eax, %ebx
0x06fef159:  89 d7                    movl     %edx, %edi
0x06fef15b:  e8 4a de 0f f9           calll    0xecfaa

----------------
IN: 
0x000ecfaa:  53                       pushl    %ebx
0x000ecfab:  bb 10 27 00 00           movl     $0x2710, %ebx
0x000ecfb0:  e4 64                    inb      $0x64, %al

----------------
IN: 
0x000ecfb2:  a8 02                    testb    $2, %al
0x000ecfb4:  74 23                    je       0xecfd9

----------------
IN: 
0x000ecfd9:  31 c0                    xorl     %eax, %eax
0x000ecfdb:  5b                       popl     %ebx
0x000ecfdc:  c3                       retl     

----------------
IN: 
0x06fef160:  85 c0                    testl    %eax, %eax
0x06fef162:  75 5a                    jne      0x6fef1be

----------------
IN: 
0x06fef164:  89 c6                    movl     %eax, %esi
0x06fef166:  88 d8                    movb     %bl, %al
0x06fef168:  e6 64                    outb     %al, $0x64

----------------
IN: 
0x06fef16a:  89 d8                    movl     %ebx, %eax
0x06fef16c:  c1 f8 0c                 sarl     $0xc, %eax
0x06fef16f:  48                       decl     %eax
0x06fef170:  75 0f                    jne      0x6fef181

----------------
IN: 
0x06fef181:  81 e3 00 0f 00 00        andl     $0xf00, %ebx
0x06fef187:  81 fb 00 01 00 00        cmpl     $0x100, %ebx
0x06fef18d:  75 34                    jne      0x6fef1c3

----------------
IN: 
0x06fef1c3:  89 f0                    movl     %esi, %eax
0x06fef1c5:  5b                       popl     %ebx
0x06fef1c6:  5e                       popl     %esi
0x06fef1c7:  5f                       popl     %edi
0x06fef1c8:  c3                       retl     

----------------
IN: 
0x06ff2344:  85 c0                    testl    %eax, %eax
0x06ff2346:  0f 85 2f 01 00 00        jne      0x6ff247b

----------------
IN: 
0x06ff234c:  31 d2                    xorl     %edx, %edx
0x06ff234e:  b8 a7 00 00 00           movl     $0xa7, %eax
0x06ff2353:  e8 fc cd ff ff           calll    0x6fef154

----------------
IN: 
0x06ff2358:  85 c0                    testl    %eax, %eax
0x06ff235a:  0f 85 1b 01 00 00        jne      0x6ff247b

----------------
IN: 
0x06ff2360:  e8 64 ce ff ff           calll    0x6fef1c9

----------------
IN: 
0x06ff2365:  85 c0                    testl    %eax, %eax
0x06ff2367:  0f 85 0e 01 00 00        jne      0x6ff247b

----------------
IN: 
0x06ff236d:  c6 44 24 02 00           movb     $0, 2(%esp)
0x06ff2372:  8d 54 24 02              leal     2(%esp), %edx
0x06ff2376:  b8 aa 01 00 00           movl     $0x1aa, %eax
0x06ff237b:  e8 d4 cd ff ff           calll    0x6fef154

----------------
IN: 
0x06fef18f:  bb 10 27 00 00           movl     $0x2710, %ebx
0x06fef194:  e4 64                    inb      $0x64, %al

----------------
IN: 
0x06fef196:  a8 01                    testb    $1, %al
0x06fef198:  75 1e                    jne      0x6fef1b8

----------------
IN: 
0x06fef1b8:  e4 60                    inb      $0x60, %al

----------------
IN: 
0x06fef1ba:  88 07                    movb     %al, (%edi)
0x06fef1bc:  eb 05                    jmp      0x6fef1c3

----------------
IN: 
0x06ff2380:  85 c0                    testl    %eax, %eax
0x06ff2382:  0f 85 f3 00 00 00        jne      0x6ff247b

----------------
IN: 
0x06ff2388:  0f b6 44 24 02           movzbl   2(%esp), %eax
0x06ff238d:  3c 55                    cmpb     $0x55, %al
0x06ff238f:  74 08                    je       0x6ff2399

----------------
IN: 
0x06ff2399:  8d 54 24 02              leal     2(%esp), %edx
0x06ff239d:  b8 ab 01 00 00           movl     $0x1ab, %eax
0x06ff23a2:  e8 ad cd ff ff           calll    0x6fef154

----------------
IN: 
0x06ff23a7:  85 c0                    testl    %eax, %eax
0x06ff23a9:  0f 85 cc 00 00 00        jne      0x6ff247b

----------------
IN: 
0x06ff23af:  0f b6 5c 24 02           movzbl   2(%esp), %ebx
0x06ff23b4:  84 db                    testb    %bl, %bl
0x06ff23b6:  74 12                    je       0x6ff23ca

----------------
IN: 
0x06ff23ca:  31 d2                    xorl     %edx, %edx
0x06ff23cc:  31 c9                    xorl     %ecx, %ecx
0x06ff23ce:  b8 6c 1c 0f 00           movl     $0xf1c6c, %eax
0x06ff23d3:  e8 47 bd ff ff           calll    0x6fee11f

----------------
IN: 
0x06ff23d8:  89 c6                    movl     %eax, %esi
0x06ff23da:  e8 c9 a0 0f f9           calll    0xec4a8

----------------
IN: 
0x000ec4a8:  53                       pushl    %ebx
0x000ec4a9:  89 c3                    movl     %eax, %ebx
0x000ec4ab:  e8 88 ff ff ff           calll    0xec438

----------------
IN: 
0x000ec438:  66 8b 15 78 60 0f 00     movw     0xf6078, %dx
0x000ec43f:  66 85 d2                 testw    %dx, %dx
0x000ec442:  75 18                    jne      0xec45c

----------------
IN: 
0x000ec45c:  8b 0d 54 99 0e 00        movl     0xe9954, %ecx
0x000ec462:  66 83 fa 40              cmpw     $0x40, %dx
0x000ec466:  74 15                    je       0xec47d

----------------
IN: 
0x000ec468:  ed                       inl      %dx, %eax

----------------
IN: 
0x000ec469:  31 c8                    xorl     %ecx, %eax
0x000ec46b:  25 ff ff ff 00           andl     $0xffffff, %eax
0x000ec470:  31 c8                    xorl     %ecx, %eax
0x000ec472:  39 c8                    cmpl     %ecx, %eax
0x000ec474:  73 2c                    jae      0xec4a2

----------------
IN: 
0x000ec4a2:  a3 54 99 0e 00           movl     %eax, 0xe9954
0x000ec4a7:  c3                       retl     

----------------
IN: 
0x000ec4b0:  0f af 1d 7c 60 0f 00     imull    0xf607c, %ebx
0x000ec4b7:  01 d8                    addl     %ebx, %eax
0x000ec4b9:  5b                       popl     %ebx
0x000ec4ba:  c3                       retl     

----------------
IN: 
0x06ff23df:  89 c7                    movl     %eax, %edi
0x06ff23e1:  88 5c 24 02              movb     %bl, 2(%esp)
0x06ff23e5:  8d 54 24 02              leal     2(%esp), %edx
0x06ff23e9:  b8 ff 01 00 00           movl     $0x1ff, %eax
0x06ff23ee:  e8 37 fe ff ff           calll    0x6ff222a

----------------
IN: 
0x06ff222a:  55                       pushl    %ebp
0x06ff222b:  57                       pushl    %edi
0x06ff222c:  56                       pushl    %esi
0x06ff222d:  53                       pushl    %ebx
0x06ff222e:  51                       pushl    %ecx
0x06ff222f:  89 c6                    movl     %eax, %esi
0x06ff2231:  89 d5                    movl     %edx, %ebp
0x06ff2233:  0f b6 3d 4c 99 0e 00     movzbl   0xe994c, %edi
0x06ff223a:  89 f8                    movl     %edi, %eax
0x06ff223c:  88 44 24 02              movb     %al, 2(%esp)
0x06ff2240:  83 e0 fc                 andl     $0xfffffffc, %eax
0x06ff2243:  83 c8 30                 orl      $0x30, %eax
0x06ff2246:  88 44 24 03              movb     %al, 3(%esp)
0x06ff224a:  8d 54 24 03              leal     3(%esp), %edx
0x06ff224e:  b8 60 10 00 00           movl     $0x1060, %eax
0x06ff2253:  e8 fc ce ff ff           calll    0x6fef154

----------------
IN: 
0x06fef172:  e8 33 de 0f f9           calll    0xecfaa

----------------
IN: 
0x06fef177:  85 c0                    testl    %eax, %eax
0x06fef179:  75 43                    jne      0x6fef1be

----------------
IN: 
0x06fef17b:  8a 07                    movb     (%edi), %al
0x06fef17d:  e6 60                    outb     %al, $0x60

----------------
IN: 
0x06fef17f:  eb 42                    jmp      0x6fef1c3

----------------
IN: 
0x06ff2258:  85 c0                    testl    %eax, %eax
0x06ff225a:  74 0a                    je       0x6ff2266

----------------
IN: 
0x06ff2266:  e8 80 a8 0f f9           calll    0xecaeb

----------------
IN: 
0x000ecafa:  25 00 f0 ff ff           andl     $0xfffff000, %eax
0x000ecaff:  89 c3                    movl     %eax, %ebx
0x000ecb01:  89 d8                    movl     %ebx, %eax
0x000ecb03:  e8 15 d7 ff ff           calll    0xea21d

----------------
IN: 
0x000ea227:  57                       pushl    %edi
0x000ea228:  56                       pushl    %esi
0x000ea229:  53                       pushl    %ebx
0x000ea22a:  68 36 a2 0e 00           pushl    $0xea236
0x000ea22f:  55                       pushl    %ebp
0x000ea230:  89 20                    movl     %esp, (%eax)
0x000ea232:  8b 21                    movl     (%ecx), %esp
0x000ea234:  5d                       popl     %ebp
0x000ea235:  c3                       retl     

----------------
IN: 
0x06fee97f:  81 fd a8 61 0f 00        cmpl     $0xf61a8, %ebp
0x06fee985:  75 13                    jne      0x6fee99a

----------------
IN: 
0x06fee987:  5b                       popl     %ebx
0x06fee988:  5e                       popl     %esi
0x06fee989:  5f                       popl     %edi
0x06fee98a:  5d                       popl     %ebp
0x06fee98b:  e9 41 e1 0f f9           jmp      0xecad1

----------------
IN: 
0x06ff6ae9:  b8 5c 60 0f 00           movl     $0xf605c, %eax
0x06ff6aee:  bf c7 ef 0f 00           movl     $0xfefc7, %edi
0x06ff6af3:  b9 0b 00 00 00           movl     $0xb, %ecx
0x06ff6af8:  89 c6                    movl     %eax, %esi
0x06ff6afa:  f3 a4                    rep movsb (%esi), %es:(%edi)

----------------
IN: 
0x06ff6afc:  66 a3 78 00 00 00        movw     %ax, 0x78
0x06ff6b02:  66 c7 05 7a 00 00 00 00  movw     $0xf000, 0x7a
0x06ff6b0a:  f0
0x06ff6b0b:  b0 90                    movb     $0x90, %al
0x06ff6b0d:  e6 70                    outb     %al, $0x70

----------------
IN: 
0x06ff6b0f:  e4 71                    inb      $0x71, %al

----------------
IN: 
0x06ff6b11:  88 c3                    movb     %al, %bl
0x06ff6b13:  3c 0f                    cmpb     $0xf, %al
0x06ff6b15:  76 0f                    jbe      0x6ff6b26

----------------
IN: 
0x06ff6b17:  88 c2                    movb     %al, %dl
0x06ff6b19:  c0 ea 04                 shrb     $4, %dl
0x06ff6b1c:  0f b6 d2                 movzbl   %dl, %edx
0x06ff6b1f:  31 c0                    xorl     %eax, %eax
0x06ff6b21:  e8 17 e4 ff ff           calll    0x6ff4f3d

----------------
IN: 
0x06ff4f3d:  57                       pushl    %edi
0x06ff4f3e:  56                       pushl    %esi
0x06ff4f3f:  53                       pushl    %ebx
0x06ff4f40:  81 ec 00 01 00 00        subl     $0x100, %esp
0x06ff4f46:  89 c3                    movl     %eax, %ebx
0x06ff4f48:  e8 a4 c9 ff ff           calll    0x6ff18f1

----------------
IN: 
0x06ff18f1:  56                       pushl    %esi
0x06ff18f2:  53                       pushl    %ebx
0x06ff18f3:  89 c6                    movl     %eax, %esi
0x06ff18f5:  89 d3                    movl     %edx, %ebx
0x06ff18f7:  8d 42 ff                 leal     -1(%edx), %eax
0x06ff18fa:  83 f8 07                 cmpl     $7, %eax
0x06ff18fd:  76 0f                    jbe      0x6ff190e

----------------
IN: 
0x06ff190e:  b8 2c 00 00 00           movl     $0x2c, %eax
0x06ff1913:  e8 c9 d0 ff ff           calll    0x6fee9e1

----------------
IN: 
0x06ff1918:  85 c0                    testl    %eax, %eax
0x06ff191a:  75 13                    jne      0x6ff192f

----------------
IN: 
0x06ff192f:  b9 2c 00 00 00           movl     $0x2c, %ecx
0x06ff1934:  31 d2                    xorl     %edx, %edx
0x06ff1936:  e8 95 9d 0f f9           calll    0xeb6d0

----------------
IN: 
0x06ff193b:  89 70 14                 movl     %esi, 0x14(%eax)
0x06ff193e:  c6 00 10                 movb     $0x10, (%eax)
0x06ff1941:  66 c7 40 1a 00 02        movw     $0x200, 0x1a(%eax)
0x06ff1947:  88 58 01                 movb     %bl, 1(%eax)
0x06ff194a:  c7 40 0c ff ff ff ff     movl     $0xffffffff, 0xc(%eax)
0x06ff1951:  c7 40 10 ff ff ff ff     movl     $0xffffffff, 0x10(%eax)
0x06ff1958:  6b db 0a                 imull    $0xa, %ebx, %ebx
0x06ff195b:  8b 93 00 60 0f 00        movl     0xf6000(%ebx), %edx
0x06ff1961:  89 50 02                 movl     %edx, 2(%eax)
0x06ff1964:  8b 93 04 60 0f 00        movl     0xf6004(%ebx), %edx
0x06ff196a:  89 50 06                 movl     %edx, 6(%eax)
0x06ff196d:  5b                       popl     %ebx
0x06ff196e:  5e                       popl     %esi
0x06ff196f:  c3                       retl     

----------------
IN: 
0x06ff4f4d:  85 c0                    testl    %eax, %eax
0x06ff4f4f:  0f 84 86 00 00 00        je       0x6ff4fdb

----------------
IN: 
0x06ff4f55:  89 c7                    movl     %eax, %edi
0x06ff4f57:  8d 43 41                 leal     0x41(%ebx), %eax
0x06ff4f5a:  50                       pushl    %eax
0x06ff4f5b:  68 ac 24 0f 00           pushl    $0xf24ac
0x06ff4f60:  6a 50                    pushl    $0x50
0x06ff4f62:  e8 5b f1 ff ff           calll    0x6ff40c2

----------------
IN: 
0x06ff40c2:  56                       pushl    %esi
0x06ff40c3:  53                       pushl    %ebx
0x06ff40c4:  83 ec 0c                 subl     $0xc, %esp
0x06ff40c7:  8b 74 24 18              movl     0x18(%esp), %esi
0x06ff40cb:  89 f0                    movl     %esi, %eax
0x06ff40cd:  e8 de a8 ff ff           calll    0x6fee9b0

----------------
IN: 
0x06ff40d2:  89 c3                    movl     %eax, %ebx
0x06ff40d4:  85 c0                    testl    %eax, %eax
0x06ff40d6:  75 11                    jne      0x6ff40e9

----------------
IN: 
0x06ff40e9:  c7 04 24 e2 bf fe 06     movl     $0x6febfe2, (%esp)
0x06ff40f0:  89 44 24 04              movl     %eax, 4(%esp)
0x06ff40f4:  01 c6                    addl     %eax, %esi
0x06ff40f6:  89 74 24 08              movl     %esi, 8(%esp)
0x06ff40fa:  8d 4c 24 20              leal     0x20(%esp), %ecx
0x06ff40fe:  89 e0                    movl     %esp, %eax
0x06ff4100:  8b 54 24 1c              movl     0x1c(%esp), %edx
0x06ff4104:  e8 88 85 0f f9           calll    0xec691

----------------
IN: 
0x000ec729:  3c 63                    cmpb     $0x63, %al
0x000ec72b:  0f 85 9f 01 00 00        jne      0xec8d0

----------------
IN: 
0x000ec731:  0f be 13                 movsbl   (%ebx), %edx
0x000ec734:  89 e8                    movl     %ebp, %eax
0x000ec736:  e8 00 db ff ff           calll    0xea23b

----------------
IN: 
0x000ec73b:  e9 4f 01 00 00           jmp      0xec88f

----------------
IN: 
0x06ff4109:  8b 44 24 04              movl     4(%esp), %eax
0x06ff410d:  8b 54 24 08              movl     8(%esp), %edx
0x06ff4111:  39 d0                    cmpl     %edx, %eax
0x06ff4113:  72 03                    jb       0x6ff4118

----------------
IN: 
0x06ff4118:  c6 00 00                 movb     $0, (%eax)
0x06ff411b:  89 d8                    movl     %ebx, %eax
0x06ff411d:  83 c4 0c                 addl     $0xc, %esp
0x06ff4120:  5b                       popl     %ebx
0x06ff4121:  5e                       popl     %esi
0x06ff4122:  c3                       retl     

----------------
IN: 
0x06ff4f67:  89 c6                    movl     %eax, %esi
0x06ff4f69:  a1 f8 fd ff 06           movl     0x6fffdf8, %eax
0x06ff4f6e:  8d 48 fc                 leal     -4(%eax), %ecx
0x06ff4f71:  83 c4 0c                 addl     $0xc, %esp
0x06ff4f74:  83 f9 fc                 cmpl     $-4, %ecx
0x06ff4f77:  74 4e                    je       0x6ff4fc7

----------------
IN: 
0x06ff4f79:  66 81 79 14 01 06        cmpw     $0x601, 0x14(%ecx)
0x06ff4f7f:  74 08                    je       0x6ff4f89

----------------
IN: 
0x06ff4f81:  8b 49 04                 movl     4(%ecx), %ecx
0x06ff4f84:  83 e9 04                 subl     $4, %ecx
0x06ff4f87:  eb eb                    jmp      0x6ff4f74

----------------
IN: 
0x06ff4f74:  83 f9 fc                 cmpl     $-4, %ecx
0x06ff4f77:  74 4e                    je       0x6ff4fc7

----------------
IN: 
0x06ff4f89:  85 c9                    testl    %ecx, %ecx
0x06ff4f8b:  74 3a                    je       0x6ff4fc7

----------------
IN: 
0x06ff4f8d:  ba be 24 0f 00           movl     $0xf24be, %edx
0x06ff4f92:  89 e0                    movl     %esp, %eax
0x06ff4f94:  e8 ba ed ff ff           calll    0x6ff3d53

----------------
IN: 
0x06ff3d53:  55                       pushl    %ebp
0x06ff3d54:  57                       pushl    %edi
0x06ff3d55:  56                       pushl    %esi
0x06ff3d56:  53                       pushl    %ebx
0x06ff3d57:  89 c6                    movl     %eax, %esi
0x06ff3d59:  89 d5                    movl     %edx, %ebp
0x06ff3d5b:  89 cf                    movl     %ecx, %edi
0x06ff3d5d:  8b 49 0c                 movl     0xc(%ecx), %ecx
0x06ff3d60:  85 c9                    testl    %ecx, %ecx
0x06ff3d62:  74 0e                    je       0x6ff3d72

----------------
IN: 
0x06ff3d72:  68 a0 20 0f 00           pushl    $0xf20a0
0x06ff3d77:  68 ab 20 0f 00           pushl    $0xf20ab
0x06ff3d7c:  68 00 01 00 00           pushl    $0x100
0x06ff3d81:  50                       pushl    %eax
0x06ff3d82:  e8 96 eb ff ff           calll    0x6ff291d

----------------
IN: 
0x06ff3d87:  89 c2                    movl     %eax, %edx
0x06ff3d89:  8d 1c 06                 leal     (%esi, %eax), %ebx
0x06ff3d8c:  0f b6 47 02              movzbl   2(%edi), %eax
0x06ff3d90:  83 c4 10                 addl     $0x10, %esp
0x06ff3d93:  84 c0                    testb    %al, %al
0x06ff3d95:  74 19                    je       0x6ff3db0

----------------
IN: 
0x06ff3db0:  8b 07                    movl     (%edi), %eax
0x06ff3db2:  89 c7                    movl     %eax, %edi
0x06ff3db4:  83 e7 07                 andl     $7, %edi
0x06ff3db7:  81 c6 00 01 00 00        addl     $0x100, %esi
0x06ff3dbd:  c0 e8 03                 shrb     $3, %al
0x06ff3dc0:  0f b6 c0                 movzbl   %al, %eax
0x06ff3dc3:  50                       pushl    %eax
0x06ff3dc4:  55                       pushl    %ebp
0x06ff3dc5:  68 b2 20 0f 00           pushl    $0xf20b2
0x06ff3dca:  89 f0                    movl     %esi, %eax
0x06ff3dcc:  29 d8                    subl     %ebx, %eax
0x06ff3dce:  50                       pushl    %eax
0x06ff3dcf:  53                       pushl    %ebx
0x06ff3dd0:  e8 48 eb ff ff           calll    0x6ff291d

----------------
IN: 
0x06ff3dd5:  01 c3                    addl     %eax, %ebx
0x06ff3dd7:  83 c4 14                 addl     $0x14, %esp
0x06ff3dda:  89 f8                    movl     %edi, %eax
0x06ff3ddc:  84 c0                    testb    %al, %al
0x06ff3dde:  74 17                    je       0x6ff3df7

----------------
IN: 
0x06ff3df7:  89 d8                    movl     %ebx, %eax
0x06ff3df9:  5b                       popl     %ebx
0x06ff3dfa:  5e                       popl     %esi
0x06ff3dfb:  5f                       popl     %edi
0x06ff3dfc:  5d                       popl     %ebp
0x06ff3dfd:  c3                       retl     

----------------
IN: 
0x06ff4f99:  53                       pushl    %ebx
0x06ff4f9a:  68 f0 03 00 00           pushl    $0x3f0
0x06ff4f9f:  68 c2 24 0f 00           pushl    $0xf24c2
0x06ff4fa4:  8d 94 24 0c 01 00 00     leal     0x10c(%esp), %edx
0x06ff4fab:  29 c2                    subl     %eax, %edx
0x06ff4fad:  52                       pushl    %edx
0x06ff4fae:  50                       pushl    %eax
0x06ff4faf:  e8 69 d9 ff ff           calll    0x6ff291d

----------------
IN: 
0x06ff4fb4:  8d 44 24 14              leal     0x14(%esp), %eax
0x06ff4fb8:  e8 53 ae ff ff           calll    0x6fefe10

----------------
IN: 
0x06fefe10:  55                       pushl    %ebp
0x06fefe11:  57                       pushl    %edi
0x06fefe12:  56                       pushl    %esi
0x06fefe13:  53                       pushl    %ebx
0x06fefe14:  89 c6                    movl     %eax, %esi
0x06fefe16:  50                       pushl    %eax
0x06fefe17:  68 bf 11 0f 00           pushl    $0xf11bf
0x06fefe1c:  e8 b8 d0 0f f9           calll    0xeced9

----------------
IN: 
0x06fefe21:  8b 3d 44 ff ff 06        movl     0x6ffff44, %edi
0x06fefe27:  8b 2d 54 fe ff 06        movl     0x6fffe54, %ebp
0x06fefe2d:  58                       popl     %eax
0x06fefe2e:  5a                       popl     %edx
0x06fefe2f:  31 db                    xorl     %ebx, %ebx
0x06fefe31:  39 df                    cmpl     %ebx, %edi
0x06fefe33:  7e 12                    jle      0x6fefe47

----------------
IN: 
0x06fefe47:  bb ff ff ff ff           movl     $0xffffffff, %ebx
0x06fefe4c:  89 d8                    movl     %ebx, %eax
0x06fefe4e:  5b                       popl     %ebx
0x06fefe4f:  5e                       popl     %esi
0x06fefe50:  5f                       popl     %edi
0x06fefe51:  5d                       popl     %ebp
0x06fefe52:  c3                       retl     

----------------
IN: 
0x06ff4fbd:  89 c2                    movl     %eax, %edx
0x06ff4fbf:  83 c4 14                 addl     $0x14, %esp
0x06ff4fc2:  83 f8 ff                 cmpl     $-1, %eax
0x06ff4fc5:  75 06                    jne      0x6ff4fcd

----------------
IN: 
0x06ff4fc7:  8b 15 50 fe ff 06        movl     0x6fffe50, %edx
0x06ff4fcd:  56                       pushl    %esi
0x06ff4fce:  89 f9                    movl     %edi, %ecx
0x06ff4fd0:  b8 01 00 00 00           movl     $1, %eax
0x06ff4fd5:  e8 7a 9b ff ff           calll    0x6feeb54

----------------
IN: 
0x06feeb54:  55                       pushl    %ebp
0x06feeb55:  57                       pushl    %edi
0x06feeb56:  56                       pushl    %esi
0x06feeb57:  53                       pushl    %ebx
0x06feeb58:  83 ec 08                 subl     $8, %esp
0x06feeb5b:  89 04 24                 movl     %eax, (%esp)
0x06feeb5e:  89 d6                    movl     %edx, %esi
0x06feeb60:  89 cf                    movl     %ecx, %edi
0x06feeb62:  8b 6c 24 1c              movl     0x1c(%esp), %ebp
0x06feeb66:  b8 18 00 00 00           movl     $0x18, %eax
0x06feeb6b:  e8 40 fe ff ff           calll    0x6fee9b0

----------------
IN: 
0x06feeb70:  85 c0                    testl    %eax, %eax
0x06feeb72:  75 16                    jne      0x6feeb8a

----------------
IN: 
0x06feeb8a:  8b 0c 24                 movl     (%esp), %ecx
0x06feeb8d:  89 08                    movl     %ecx, (%eax)
0x06feeb8f:  89 70 08                 movl     %esi, 8(%eax)
0x06feeb92:  89 78 04                 movl     %edi, 4(%eax)
0x06feeb95:  85 ed                    testl    %ebp, %ebp
0x06feeb97:  75 05                    jne      0x6feeb9e

----------------
IN: 
0x06feeb9e:  89 68 0c                 movl     %ebp, 0xc(%eax)
0x06feeba1:  8b 0d 40 fe ff 06        movl     0x6fffe40, %ecx
0x06feeba7:  83 3c 24 03              cmpl     $3, (%esp)
0x06feebab:  0f 9e 44 24 07           setle    7(%esp)
0x06feebb0:  ba 40 fe ff 06           movl     $0x6fffe40, %edx
0x06feebb5:  85 c9                    testl    %ecx, %ecx
0x06feebb7:  75 0f                    jne      0x6feebc8

----------------
IN: 
0x06feebb9:  83 c0 10                 addl     $0x10, %eax
0x06feebbc:  83 c4 08                 addl     $8, %esp
0x06feebbf:  5b                       popl     %ebx
0x06feebc0:  5e                       popl     %esi
0x06feebc1:  5f                       popl     %edi
0x06feebc2:  5d                       popl     %ebp
0x06feebc3:  e9 09 d4 ff ff           jmp      0x6febfd1

----------------
IN: 
0x06ff4fda:  58                       popl     %eax
0x06ff4fdb:  81 c4 00 01 00 00        addl     $0x100, %esp
0x06ff4fe1:  5b                       popl     %ebx
0x06ff4fe2:  5e                       popl     %esi
0x06ff4fe3:  5f                       popl     %edi
0x06ff4fe4:  c3                       retl     

----------------
IN: 
0x06ff6b26:  80 e3 0f                 andb     $0xf, %bl
0x06ff6b29:  74 0d                    je       0x6ff6b38

----------------
IN: 
0x06ff6b38:  ba 57 ef 0f 00           movl     $0xfef57, %edx
0x06ff6b3d:  0f b7 d2                 movzwl   %dx, %edx
0x06ff6b40:  81 ca 00 00 00 f0        orl      $0xf0000000, %edx
0x06ff6b46:  b8 06 00 00 00           movl     $6, %eax
0x06ff6b4b:  e8 bf 68 ff ff           calll    0x6fed40f

----------------
IN: 
0x06ff6b50:  b8 00 7d 00 00           movl     $0x7d00, %eax
0x06ff6b55:  e8 4e 59 0f f9           calll    0xec4a8

----------------
IN: 
0x06ff6b5a:  a3 50 ff ff 06           movl     %eax, 0x6ffff50
0x06ff6b5f:  a1 f8 fd ff 06           movl     0x6fffdf8, %eax
0x06ff6b64:  8d 58 fc                 leal     -4(%eax), %ebx
0x06ff6b67:  85 c0                    testl    %eax, %eax
0x06ff6b69:  75 36                    jne      0x6ff6ba1

----------------
IN: 
0x06ff6ba1:  83 fb fc                 cmpl     $-4, %ebx
0x06ff6ba4:  74 14                    je       0x6ff6bba

----------------
IN: 
0x06ff6ba6:  89 da                    movl     %ebx, %edx
0x06ff6ba8:  b8 e0 fc ff 06           movl     $0x6fffce0, %eax
0x06ff6bad:  e8 95 68 ff ff           calll    0x6fed447

----------------
IN: 
0x06ff6bb2:  8b 5b 04                 movl     4(%ebx), %ebx
0x06ff6bb5:  83 eb 04                 subl     $4, %ebx
0x06ff6bb8:  eb e7                    jmp      0x6ff6ba1

----------------
IN: 
0x06ff2589:  55                       pushl    %ebp
0x06ff258a:  57                       pushl    %edi
0x06ff258b:  56                       pushl    %esi
0x06ff258c:  53                       pushl    %ebx
0x06ff258d:  89 c3                    movl     %eax, %ebx
0x06ff258f:  0f b6 68 16              movzbl   0x16(%eax), %ebp
0x06ff2593:  0f b7 00                 movzwl   (%eax), %eax
0x06ff2596:  ba 3c 00 00 00           movl     $0x3c, %edx
0x06ff259b:  e8 83 7f 0f f9           calll    0xea523

----------------
IN: 
0x06ff25a0:  89 c6                    movl     %eax, %esi
0x06ff25a2:  f7 c5 01 00 00 00        testl    $1, %ebp
0x06ff25a8:  74 2f                    je       0x6ff25d9

----------------
IN: 
0x06ff25d9:  b9 0e 00 00 00           movl     $0xe, %ecx
0x06ff25de:  b8 f4 03 00 00           movl     $0x3f4, %eax
0x06ff25e3:  bf f0 01 00 00           movl     $0x1f0, %edi
0x06ff25e8:  50                       pushl    %eax
0x06ff25e9:  57                       pushl    %edi
0x06ff25ea:  31 d2                    xorl     %edx, %edx
0x06ff25ec:  89 d8                    movl     %ebx, %eax
0x06ff25ee:  e8 f3 fe ff ff           calll    0x6ff24e6

----------------
IN: 
0x06ff24e6:  55                       pushl    %ebp
0x06ff24e7:  57                       pushl    %edi
0x06ff24e8:  56                       pushl    %esi
0x06ff24e9:  53                       pushl    %ebx
0x06ff24ea:  83 ec 08                 subl     $8, %esp
0x06ff24ed:  89 c7                    movl     %eax, %edi
0x06ff24ef:  89 14 24                 movl     %edx, (%esp)
0x06ff24f2:  89 ce                    movl     %ecx, %esi
0x06ff24f4:  8b 6c 24 1c              movl     0x1c(%esp), %ebp
0x06ff24f8:  8b 54 24 20              movl     0x20(%esp), %edx
0x06ff24fc:  89 54 24 04              movl     %edx, 4(%esp)
0x06ff2500:  b8 14 00 00 00           movl     $0x14, %eax
0x06ff2505:  e8 d7 c4 ff ff           calll    0x6fee9e1

----------------
IN: 
0x06ff250a:  85 c0                    testl    %eax, %eax
0x06ff250c:  8b 54 24 04              movl     4(%esp), %edx
0x06ff2510:  75 16                    jne      0x6ff2528

----------------
IN: 
0x06ff2528:  89 c3                    movl     %eax, %ebx
0x06ff252a:  8b 0d 00 ff ff 06        movl     0x6ffff00, %ecx
0x06ff2530:  8d 41 01                 leal     1(%ecx), %eax
0x06ff2533:  a3 00 ff ff 06           movl     %eax, 0x6ffff00
0x06ff2538:  88 4b 08                 movb     %cl, 8(%ebx)
0x06ff253b:  8a 0c 24                 movb     (%esp), %cl
0x06ff253e:  88 4b 07                 movb     %cl, 7(%ebx)
0x06ff2541:  89 f1                    movl     %esi, %ecx
0x06ff2543:  88 4b 06                 movb     %cl, 6(%ebx)
0x06ff2546:  b9 ff ff ff ff           movl     $0xffffffff, %ecx
0x06ff254b:  85 ff                    testl    %edi, %edi
0x06ff254d:  74 03                    je       0x6ff2552

----------------
IN: 
0x06ff254f:  0f b7 0f                 movzwl   (%edi), %ecx
0x06ff2552:  89 4b 0c                 movl     %ecx, 0xc(%ebx)
0x06ff2555:  89 7b 10                 movl     %edi, 0x10(%ebx)
0x06ff2558:  66 89 2b                 movw     %bp, (%ebx)
0x06ff255b:  66 89 53 02              movw     %dx, 2(%ebx)
0x06ff255f:  66 c7 43 04 00 00        movw     $0, 4(%ebx)
0x06ff2565:  51                       pushl    %ecx
0x06ff2566:  56                       pushl    %esi
0x06ff2567:  6a 00                    pushl    $0
0x06ff2569:  52                       pushl    %edx
0x06ff256a:  55                       pushl    %ebp
0x06ff256b:  50                       pushl    %eax
0x06ff256c:  68 f2 1c 0f 00           pushl    $0xf1cf2
0x06ff2571:  e8 63 a9 0f f9           calll    0xeced9

----------------
IN: 
0x06ff2576:  89 da                    movl     %ebx, %edx
0x06ff2578:  b8 a3 99 ff 06           movl     $0x6ff99a3, %eax
0x06ff257d:  83 c4 24                 addl     $0x24, %esp
0x06ff2580:  5b                       popl     %ebx
0x06ff2581:  5e                       popl     %esi
0x06ff2582:  5f                       popl     %edi
0x06ff2583:  5d                       popl     %ebp
0x06ff2584:  e9 7c c3 ff ff           jmp      0x6fee905

----------------
IN: 
0x06ff99a3:  55                       pushl    %ebp
0x06ff99a4:  57                       pushl    %edi
0x06ff99a5:  56                       pushl    %esi
0x06ff99a6:  53                       pushl    %ebx
0x06ff99a7:  81 ec 74 02 00 00        subl     $0x274, %esp
0x06ff99ad:  89 44 24 0c              movl     %eax, 0xc(%esp)
0x06ff99b1:  8d 44 24 40              leal     0x40(%esp), %eax
0x06ff99b5:  b9 34 00 00 00           movl     $0x34, %ecx
0x06ff99ba:  31 d2                    xorl     %edx, %edx
0x06ff99bc:  e8 0f 1d 0f f9           calll    0xeb6d0

----------------
IN: 
0x06ff99c1:  8b 44 24 0c              movl     0xc(%esp), %eax
0x06ff99c5:  89 44 24 6c              movl     %eax, 0x6c(%esp)
0x06ff99c9:  c6 44 24 03 00           movb     $0, 3(%esp)
0x06ff99ce:  31 f6                    xorl     %esi, %esi
0x06ff99d0:  8b 44 24 0c              movl     0xc(%esp), %eax
0x06ff99d4:  0f b7 00                 movzwl   (%eax), %eax
0x06ff99d7:  89 c5                    movl     %eax, %ebp
0x06ff99d9:  89 44 24 04              movl     %eax, 4(%esp)
0x06ff99dd:  e8 50 5d ff ff           calll    0x6fef732

----------------
IN: 
0x06fef732:  56                       pushl    %esi
0x06fef733:  53                       pushl    %ebx
0x06fef734:  89 c6                    movl     %eax, %esi
0x06fef736:  31 db                    xorl     %ebx, %ebx
0x06fef738:  8d 56 07                 leal     7(%esi), %edx
0x06fef73b:  ec                       inb      %dx, %al

----------------
IN: 
0x06fef73c:  84 c0                    testb    %al, %al
0x06fef73e:  79 32                    jns      0x6fef772

----------------
IN: 
0x06fef772:  0f b6 c0                 movzbl   %al, %eax
0x06fef775:  eb 05                    jmp      0x6fef77c

----------------
IN: 
0x06fef77c:  5b                       popl     %ebx
0x06fef77d:  5e                       popl     %esi
0x06fef77e:  c3                       retl     

----------------
IN: 
0x06ff99e2:  40                       incl     %eax
0x06ff99e3:  0f 84 b1 03 00 00        je       0x6ff9d9a

----------------
IN: 
0x06ff99e9:  b3 a0                    movb     $0xa0, %bl
0x06ff99eb:  80 7c 24 03 00           cmpb     $0, 3(%esp)
0x06ff99f0:  74 02                    je       0x6ff99f4

----------------
IN: 
0x06ff99f4:  88 d8                    movb     %bl, %al
0x06ff99f6:  8d 55 06                 leal     6(%ebp), %edx
0x06ff99f9:  ee                       outb     %al, %dx

----------------
IN: 
0x06ff99fa:  e8 39 2a 0f f9           calll    0xec438

----------------
IN: 
0x06ff99ff:  89 44 24 10              movl     %eax, 0x10(%esp)
0x06ff9a03:  69 05 7c 60 0f 00 90 01  imull    $0x190, 0xf607c, %eax
0x06ff9a0b:  00 00
0x06ff9a0d:  05 3f 42 0f 00           addl     $0xf423f, %eax
0x06ff9a12:  b9 40 42 0f 00           movl     $0xf4240, %ecx
0x06ff9a17:  31 d2                    xorl     %edx, %edx
0x06ff9a19:  f7 f1                    divl     %ecx
0x06ff9a1b:  03 44 24 10              addl     0x10(%esp), %eax
0x06ff9a1f:  e8 ef 2a 0f f9           calll    0xec513

----------------
IN: 
0x000ec513:  53                       pushl    %ebx
0x000ec514:  89 c3                    movl     %eax, %ebx
0x000ec516:  89 d8                    movl     %ebx, %eax
0x000ec518:  e8 e2 ff ff ff           calll    0xec4ff

----------------
IN: 
0x000ec4ff:  53                       pushl    %ebx
0x000ec500:  89 c3                    movl     %eax, %ebx
0x000ec502:  e8 31 ff ff ff           calll    0xec438

----------------
IN: 
0x000ec507:  29 d8                    subl     %ebx, %eax
0x000ec509:  85 c0                    testl    %eax, %eax
0x000ec50b:  0f 9f c0                 setg     %al
0x000ec50e:  0f b6 c0                 movzbl   %al, %eax
0x000ec511:  5b                       popl     %ebx
0x000ec512:  c3                       retl     

----------------
IN: 
0x000ec51d:  85 c0                    testl    %eax, %eax
0x000ec51f:  75 04                    jne      0xec525

----------------
IN: 
0x000ec525:  5b                       popl     %ebx
0x000ec526:  c3                       retl     

----------------
IN: 
0x06ff9a24:  0f b7 c5                 movzwl   %bp, %eax
0x06ff9a27:  e8 06 5d ff ff           calll    0x6fef732

----------------
IN: 
0x06ff9a2c:  40                       incl     %eax
0x06ff9a2d:  0f 84 67 03 00 00        je       0x6ff9d9a

----------------
IN: 
0x06ff9a33:  88 d8                    movb     %bl, %al
0x06ff9a35:  8d 55 06                 leal     6(%ebp), %edx
0x06ff9a38:  ee                       outb     %al, %dx

----------------
IN: 
0x06ff9a39:  ec                       inb      %dx, %al

----------------
IN: 
0x06ff9a3a:  88 44 24 10              movb     %al, 0x10(%esp)
0x06ff9a3e:  b0 55                    movb     $0x55, %al
0x06ff9a40:  8d 55 02                 leal     2(%ebp), %edx
0x06ff9a43:  ee                       outb     %al, %dx

----------------
IN: 
0x06ff9a44:  b0 aa                    movb     $0xaa, %al
0x06ff9a46:  8d 55 03                 leal     3(%ebp), %edx
0x06ff9a49:  ee                       outb     %al, %dx

----------------
IN: 
0x06ff9a4a:  8d 55 02                 leal     2(%ebp), %edx
0x06ff9a4d:  ec                       inb      %dx, %al

----------------
IN: 
0x06ff9a4e:  8d 55 03                 leal     3(%ebp), %edx
0x06ff9a51:  88 c1                    movb     %al, %cl
0x06ff9a53:  ec                       inb      %dx, %al

----------------
IN: 
0x06ff9a54:  3c aa                    cmpb     $0xaa, %al
0x06ff9a56:  0f 95 c0                 setne    %al
0x06ff9a59:  80 f9 55                 cmpb     $0x55, %cl
0x06ff9a5c:  0f 95 c2                 setne    %dl
0x06ff9a5f:  08 d0                    orb      %dl, %al
0x06ff9a61:  0f 85 33 03 00 00        jne      0x6ff9d9a

----------------
IN: 
0x06ff9a67:  3a 5c 24 10              cmpb     0x10(%esp), %bl
0x06ff9a6b:  0f 85 29 03 00 00        jne      0x6ff9d9a

----------------
IN: 
0x06ff9a71:  8a 44 24 03              movb     3(%esp), %al
0x06ff9a75:  88 44 24 70              movb     %al, 0x70(%esp)
0x06ff9a79:  85 f6                    testl    %esi, %esi
0x06ff9a7b:  0f 85 a6 00 00 00        jne      0x6ff9b27

----------------
IN: 
0x06ff9a81:  8b 44 24 6c              movl     0x6c(%esp), %eax
0x06ff9a85:  0f b7 38                 movzwl   (%eax), %edi
0x06ff9a88:  89 fb                    movl     %edi, %ebx
0x06ff9a8a:  66 8b 70 02              movw     2(%eax), %si
0x06ff9a8e:  83 c6 02                 addl     $2, %esi
0x06ff9a91:  b0 0e                    movb     $0xe, %al
0x06ff9a93:  89 f2                    movl     %esi, %edx
0x06ff9a95:  ee                       outb     %al, %dx

----------------
IN: 
0x06ff9a96:  b8 05 00 00 00           movl     $5, %eax
0x06ff9a9b:  e8 87 2a 0f f9           calll    0xec527

----------------
IN: 
0x000ec527:  e8 8f ff ff ff           calll    0xec4bb

----------------
IN: 
0x000ec4bb:  56                       pushl    %esi
0x000ec4bc:  53                       pushl    %ebx
0x000ec4bd:  89 c3                    movl     %eax, %ebx
0x000ec4bf:  e8 74 ff ff ff           calll    0xec438

----------------
IN: 
0x000ec4c4:  89 c1                    movl     %eax, %ecx
0x000ec4c6:  8b 35 7c 60 0f 00        movl     0xf607c, %esi
0x000ec4cc:  81 fb 20 a1 07 00        cmpl     $0x7a120, %ebx
0x000ec4d2:  76 14                    jbe      0xec4e8

----------------
IN: 
0x000ec4e8:  0f af f3                 imull    %ebx, %esi
0x000ec4eb:  8d 86 e7 03 00 00        leal     0x3e7(%esi), %eax
0x000ec4f1:  bb e8 03 00 00           movl     $0x3e8, %ebx
0x000ec4f6:  31 d2                    xorl     %edx, %edx
0x000ec4f8:  f7 f3                    divl     %ebx
0x000ec4fa:  01 c8                    addl     %ecx, %eax
0x000ec4fc:  5b                       popl     %ebx
0x000ec4fd:  5e                       popl     %esi
0x000ec4fe:  c3                       retl     

----------------
IN: 
0x000ec52c:  e9 e2 ff ff ff           jmp      0xec513

----------------
IN: 
0x06ff9aa0:  b0 0a                    movb     $0xa, %al
0x06ff9aa2:  89 f2                    movl     %esi, %edx
0x06ff9aa4:  ee                       outb     %al, %dx

----------------
IN: 
0x06ff9aa5:  b8 02 00 00 00           movl     $2, %eax
0x06ff9aaa:  e8 0d 48 ff ff           calll    0x6fee2bc

----------------
IN: 
0x06fee2bc:  53                       pushl    %ebx
0x06fee2bd:  e8 e6 e1 0f f9           calll    0xec4a8

----------------
IN: 
0x06fee2c2:  89 c3                    movl     %eax, %ebx
0x06fee2c4:  89 d8                    movl     %ebx, %eax
0x06fee2c6:  e8 34 e2 0f f9           calll    0xec4ff

----------------
IN: 
0x06fee2cb:  85 c0                    testl    %eax, %eax
0x06fee2cd:  75 07                    jne      0x6fee2d6

----------------
IN: 
0x06fee2cf:  e8 17 e8 0f f9           calll    0xecaeb

----------------
IN: 
0x000ea236:  5b                       popl     %ebx
0x000ea237:  5e                       popl     %esi
0x000ea238:  5f                       popl     %edi
0x000ea239:  c3                       retl     

----------------
IN: 
0x000ecb16:  5b                       popl     %ebx
0x000ecb17:  c3                       retl     

----------------
IN: 
0x06ff226b:  8a 44 24 03              movb     3(%esp), %al
0x06ff226f:  a2 4c 99 0e 00           movb     %al, 0xe994c
0x06ff2274:  83 e0 ef                 andl     $0xffffffef, %eax
0x06ff2277:  88 44 24 03              movb     %al, 3(%esp)
0x06ff227b:  8d 54 24 03              leal     3(%esp), %edx
0x06ff227f:  b8 60 10 00 00           movl     $0x1060, %eax
0x06ff2284:  e8 cb ce ff ff           calll    0x6fef154

----------------
IN: 
0x06ff2289:  89 c3                    movl     %eax, %ebx
0x06ff228b:  85 c0                    testl    %eax, %eax
0x06ff228d:  74 07                    je       0x6ff2296

----------------
IN: 
0x06ff2296:  89 f0                    movl     %esi, %eax
0x06ff2298:  0f b6 c0                 movzbl   %al, %eax
0x06ff229b:  89 f1                    movl     %esi, %ecx
0x06ff229d:  fe c1                    incb     %cl
0x06ff229f:  75 15                    jne      0x6ff22b6

----------------
IN: 
0x06ff22a1:  ba e8 03 00 00           movl     $0x3e8, %edx
0x06ff22a6:  e8 49 ff ff ff           calll    0x6ff21f4

----------------
IN: 
0x06ff21f4:  56                       pushl    %esi
0x06ff21f5:  53                       pushl    %ebx
0x06ff21f6:  89 d6                    movl     %edx, %esi
0x06ff21f8:  88 c3                    movb     %al, %bl
0x06ff21fa:  e8 ab ad 0f f9           calll    0xecfaa

----------------
IN: 
0x06ff21ff:  85 c0                    testl    %eax, %eax
0x06ff2201:  75 1f                    jne      0x6ff2222

----------------
IN: 
0x06ff2203:  88 d8                    movb     %bl, %al
0x06ff2205:  e6 60                    outb     %al, $0x60

----------------
IN: 
0x06ff2207:  89 f2                    movl     %esi, %edx
0x06ff2209:  b8 01 00 00 00           movl     $1, %eax
0x06ff220e:  e8 5c ff ff ff           calll    0x6ff216f

----------------
IN: 
0x06ff216f:  56                       pushl    %esi
0x06ff2170:  53                       pushl    %ebx
0x06ff2171:  89 c3                    movl     %eax, %ebx
0x06ff2173:  89 d0                    movl     %edx, %eax
0x06ff2175:  e8 2e a3 0f f9           calll    0xec4a8

----------------
IN: 
0x06ff217a:  89 c6                    movl     %eax, %esi
0x06ff217c:  e4 64                    inb      $0x64, %al

----------------
IN: 
0x06ff217e:  0f b6 d0                 movzbl   %al, %edx
0x06ff2181:  f6 c2 01                 testb    $1, %dl
0x06ff2184:  74 3e                    je       0x6ff21c4

----------------
IN: 
0x06ff2186:  e4 60                    inb      $0x60, %al

----------------
IN: 
0x06ff2188:  f6 c2 20                 testb    $0x20, %dl
0x06ff218b:  75 25                    jne      0x6ff21b2

----------------
IN: 
0x06ff218d:  85 db                    testl    %ebx, %ebx
0x06ff218f:  75 05                    jne      0x6ff2196

----------------
IN: 
0x06ff2196:  3c fa                    cmpb     $0xfa, %al
0x06ff2198:  74 52                    je       0x6ff21ec

----------------
IN: 
0x06ff21ec:  b8 fa 00 00 00           movl     $0xfa, %eax
0x06ff21f1:  5b                       popl     %ebx
0x06ff21f2:  5e                       popl     %esi
0x06ff21f3:  c3                       retl     

----------------
IN: 
0x06ff2213:  3d fa 00 00 00           cmpl     $0xfa, %eax
0x06ff2218:  0f 95 c0                 setne    %al
0x06ff221b:  0f b6 c0                 movzbl   %al, %eax
0x06ff221e:  f7 d8                    negl     %eax
0x06ff2220:  eb 05                    jmp      0x6ff2227

----------------
IN: 
0x06ff2227:  5b                       popl     %ebx
0x06ff2228:  5e                       popl     %esi
0x06ff2229:  c3                       retl     

----------------
IN: 
0x06ff22ab:  ba a0 0f 00 00           movl     $0xfa0, %edx
0x06ff22b0:  85 c0                    testl    %eax, %eax
0x06ff22b2:  75 db                    jne      0x6ff228f

----------------
IN: 
0x06ff22b4:  eb 3f                    jmp      0x6ff22f5

----------------
IN: 
0x06ff22f5:  e8 75 fe ff ff           calll    0x6ff216f

----------------
IN: 
0x06ff2191:  0f b6 c0                 movzbl   %al, %eax
0x06ff2194:  eb 5b                    jmp      0x6ff21f1

----------------
IN: 
0x06ff21f1:  5b                       popl     %ebx
0x06ff21f2:  5e                       popl     %esi
0x06ff21f3:  c3                       retl     

----------------
IN: 
0x06ff22fa:  83 f8 ff                 cmpl     $-1, %eax
0x06ff22fd:  74 90                    je       0x6ff228f

----------------
IN: 
0x06ff22ff:  88 45 00                 movb     %al, (%ebp)
0x06ff2302:  89 f8                    movl     %edi, %eax
0x06ff2304:  a2 4c 99 0e 00           movb     %al, 0xe994c
0x06ff2309:  8d 54 24 02              leal     2(%esp), %edx
0x06ff230d:  b8 60 10 00 00           movl     $0x1060, %eax
0x06ff2312:  e8 3d ce ff ff           calll    0x6fef154

----------------
IN: 
0x06ff2317:  85 c0                    testl    %eax, %eax
0x06ff2319:  0f 85 3d ff ff ff        jne      0x6ff225c

----------------
IN: 
0x06ff231f:  89 d8                    movl     %ebx, %eax
0x06ff2321:  5a                       popl     %edx
0x06ff2322:  5b                       popl     %ebx
0x06ff2323:  5e                       popl     %esi
0x06ff2324:  5f                       popl     %edi
0x06ff2325:  5d                       popl     %ebp
0x06ff2326:  c3                       retl     

----------------
IN: 
0x06ff23f3:  0f b6 5c 24 02           movzbl   2(%esp), %ebx
0x06ff23f8:  85 c0                    testl    %eax, %eax
0x06ff23fa:  74 29                    je       0x6ff2425

----------------
IN: 
0x06ff2425:  80 fb aa                 cmpb     $0xaa, %bl
0x06ff2428:  74 08                    je       0x6ff2432

----------------
IN: 
0x06ff2432:  31 d2                    xorl     %edx, %edx
0x06ff2434:  b8 f5 00 00 00           movl     $0xf5, %eax
0x06ff2439:  e8 ec fd ff ff           calll    0x6ff222a

----------------
IN: 
0x06ff25f3:  59                       popl     %ecx
0x06ff25f4:  5f                       popl     %edi
0x06ff25f5:  83 e5 04                 andl     $4, %ebp
0x06ff25f8:  74 2f                    je       0x6ff2629

----------------
IN: 
0x06ff2629:  b9 0f 00 00 00           movl     $0xf, %ecx
0x06ff262e:  b8 74 03 00 00           movl     $0x374, %eax
0x06ff2633:  bf 70 01 00 00           movl     $0x170, %edi
0x06ff2638:  50                       pushl    %eax
0x06ff2639:  57                       pushl    %edi
0x06ff263a:  ba 01 00 00 00           movl     $1, %edx
0x06ff263f:  89 d8                    movl     %ebx, %eax
0x06ff2641:  e8 a0 fe ff ff           calll    0x6ff24e6

----------------
IN: 
0x000ec521:  f3 90                    pause    

----------------
IN: 
0x000ec523:  eb f1                    jmp      0xec516

----------------
IN: 
0x000ec516:  89 d8                    movl     %ebx, %eax
0x000ec518:  e8 e2 ff ff ff           calll    0xec4ff

----------------
IN: 
0x06fee2d4:  eb ee                    jmp      0x6fee2c4

----------------
IN: 
0x06fee2c4:  89 d8                    movl     %ebx, %eax
0x06fee2c6:  e8 34 e2 0f f9           calll    0xec4ff

----------------
IN: 
0x06ff22b6:  ba c8 00 00 00           movl     $0xc8, %edx
0x06ff22bb:  e8 34 ff ff ff           calll    0x6ff21f4

----------------
IN: 
0x06ff22c0:  85 c0                    testl    %eax, %eax
0x06ff22c2:  75 cb                    jne      0x6ff228f

----------------
IN: 
0x06ff22c4:  89 f0                    movl     %esi, %eax
0x06ff22c6:  c1 f8 0c                 sarl     $0xc, %eax
0x06ff22c9:  48                       decl     %eax
0x06ff22ca:  75 14                    jne      0x6ff22e0

----------------
IN: 
0x06ff22e0:  81 e6 00 0f 00 00        andl     $0xf00, %esi
0x06ff22e6:  81 fe 00 01 00 00        cmpl     $0x100, %esi
0x06ff22ec:  75 14                    jne      0x6ff2302

----------------
IN: 
0x06ff2302:  89 f8                    movl     %edi, %eax
0x06ff2304:  a2 4c 99 0e 00           movb     %al, 0xe994c
0x06ff2309:  8d 54 24 02              leal     2(%esp), %edx
0x06ff230d:  b8 60 10 00 00           movl     $0x1060, %eax
0x06ff2312:  e8 3d ce ff ff           calll    0x6fef154

----------------
IN: 
0x06ff243e:  85 c0                    testl    %eax, %eax
0x06ff2440:  75 39                    jne      0x6ff247b

----------------
IN: 
0x06ff2442:  c6 44 24 02 02           movb     $2, 2(%esp)
0x06ff2447:  8d 54 24 02              leal     2(%esp), %edx
0x06ff244b:  b8 f0 10 00 00           movl     $0x10f0, %eax
0x06ff2450:  e8 d5 fd ff ff           calll    0x6ff222a

----------------
IN: 
0x06ff2646:  58                       popl     %eax
0x06ff2647:  5a                       popl     %edx
0x06ff2648:  5b                       popl     %ebx
0x06ff2649:  5e                       popl     %esi
0x06ff264a:  5f                       popl     %edi
0x06ff264b:  5d                       popl     %ebp
0x06ff264c:  c3                       retl     

----------------
IN: 
0x06ff6bba:  c6 05 76 04 00 00 c0     movb     $0xc0, 0x476
0x06ff6bc1:  ba 19 d4 0f 00           movl     $0xfd419, %edx
0x06ff6bc6:  0f b7 d2                 movzwl   %dx, %edx
0x06ff6bc9:  81 ca 00 00 00 f0        orl      $0xf0000000, %edx
0x06ff6bcf:  b8 0e 00 00 00           movl     $0xe, %eax
0x06ff6bd4:  e8 36 68 ff ff           calll    0x6fed40f

----------------
IN: 
0x06ff6bd9:  a1 f8 fd ff 06           movl     0x6fffdf8, %eax
0x06ff6bde:  8d 78 fc                 leal     -4(%eax), %edi
0x06ff6be1:  83 ff fc                 cmpl     $-4, %edi
0x06ff6be4:  0f 84 3d 02 00 00        je       0x6ff6e27

----------------
IN: 
0x06ff6bea:  66 81 7f 14 06 01        cmpw     $0x106, 0x14(%edi)
0x06ff6bf0:  0f 85 26 02 00 00        jne      0x6ff6e1c

----------------
IN: 
0x06ff6e1c:  8b 7f 04                 movl     4(%edi), %edi
0x06ff6e1f:  83 ef 04                 subl     $4, %edi
0x06ff6e22:  e9 ba fd ff ff           jmp      0x6ff6be1

----------------
IN: 
0x06ff6be1:  83 ff fc                 cmpl     $-4, %edi
0x06ff6be4:  0f 84 3d 02 00 00        je       0x6ff6e27

----------------
IN: 
0x06ff6e27:  31 db                    xorl     %ebx, %ebx
0x06ff6e29:  8b 14 24                 movl     (%esp), %edx
0x06ff6e2c:  b8 60 29 0f 00           movl     $0xf2960, %eax
0x06ff6e31:  e8 e6 55 ff ff           calll    0x6fec41c

----------------
IN: 
0x06ff6e36:  89 04 24                 movl     %eax, (%esp)
0x06ff6e39:  85 c0                    testl    %eax, %eax
0x06ff6e3b:  74 0f                    je       0x6ff6e4c

----------------
IN: 
0x06ff6e4c:  85 db                    testl    %ebx, %ebx
0x06ff6e4e:  74 28                    je       0x6ff6e78

----------------
IN: 
0x06ff6e78:  a1 f8 fd ff 06           movl     0x6fffdf8, %eax
0x06ff6e7d:  8d 58 fc                 leal     -4(%eax), %ebx
0x06ff6e80:  83 fb fc                 cmpl     $-4, %ebx
0x06ff6e83:  74 cb                    je       0x6ff6e50

----------------
IN: 
0x06ff6e85:  66 81 7b 14 05 08        cmpw     $0x805, 0x14(%ebx)
0x06ff6e8b:  75 12                    jne      0x6ff6e9f

----------------
IN: 
0x06ff6e9f:  8b 5b 04                 movl     4(%ebx), %ebx
0x06ff6ea2:  83 eb 04                 subl     $4, %ebx
0x06ff6ea5:  eb d9                    jmp      0x6ff6e80

----------------
IN: 
0x06ff6e80:  83 fb fc                 cmpl     $-4, %ebx
0x06ff6e83:  74 cb                    je       0x6ff6e50

----------------
IN: 
0x06ff6e50:  31 d2                    xorl     %edx, %edx
0x06ff6e52:  b8 6b 29 0f 00           movl     $0xf296b, %eax
0x06ff6e57:  e8 c0 55 ff ff           calll    0x6fec41c

----------------
IN: 
0x06ff6e5c:  89 c3                    movl     %eax, %ebx
0x06ff6e5e:  85 c0                    testl    %eax, %eax
0x06ff6e60:  0f 84 8d 00 00 00        je       0x6ff6ef3

----------------
IN: 
0x06ff6ef3:  e8 5b 8f ff ff           calll    0x6fefe53

----------------
IN: 
0x06fefe53:  a1 2c fd ff 06           movl     0x6fffd2c, %eax
0x06fefe58:  83 f8 fe                 cmpl     $-2, %eax
0x06fefe5b:  75 0f                    jne      0x6fefe6c

----------------
IN: 
0x06fefe5d:  b8 dc 11 0f 00           movl     $0xf11dc, %eax
0x06fefe62:  e8 a9 ff ff ff           calll    0x6fefe10

----------------
IN: 
0x06fefe67:  a3 2c fd ff 06           movl     %eax, 0x6fffd2c
0x06fefe6c:  f7 d0                    notl     %eax
0x06fefe6e:  c1 e8 1f                 shrl     $0x1f, %eax
0x06fefe71:  c3                       retl     

----------------
IN: 
0x06ff6ef8:  89 c6                    movl     %eax, %esi
0x06ff6efa:  a1 f8 fd ff 06           movl     0x6fffdf8, %eax
0x06ff6eff:  8d 58 fc                 leal     -4(%eax), %ebx
0x06ff6f02:  83 fb fc                 cmpl     $-4, %ebx
0x06ff6f05:  74 4b                    je       0x6ff6f52

----------------
IN: 
0x06ff6f07:  66 81 7b 10 f4 1a        cmpw     $0x1af4, 0x10(%ebx)
0x06ff6f0d:  75 3b                    jne      0x6ff6f4a

----------------
IN: 
0x06ff6f4a:  8b 5b 04                 movl     4(%ebx), %ebx
0x06ff6f4d:  83 eb 04                 subl     $4, %ebx
0x06ff6f50:  eb b0                    jmp      0x6ff6f02

----------------
IN: 
0x06ff6f02:  83 fb fc                 cmpl     $-4, %ebx
0x06ff6f05:  74 4b                    je       0x6ff6f52

----------------
IN: 
0x06ff6f52:  e8 fc 8e ff ff           calll    0x6fefe53

----------------
IN: 
0x06fefe6c:  f7 d0                    notl     %eax
0x06fefe6e:  c1 e8 1f                 shrl     $0x1f, %eax
0x06fefe71:  c3                       retl     

----------------
IN: 
0x06ff6f57:  89 c6                    movl     %eax, %esi
0x06ff6f59:  a1 f8 fd ff 06           movl     0x6fffdf8, %eax
0x06ff6f5e:  8d 58 fc                 leal     -4(%eax), %ebx
0x06ff6f61:  83 fb fc                 cmpl     $-4, %ebx
0x06ff6f64:  74 4b                    je       0x6ff6fb1

----------------
IN: 
0x06ff6f66:  66 81 7b 10 f4 1a        cmpw     $0x1af4, 0x10(%ebx)
0x06ff6f6c:  75 3b                    jne      0x6ff6fa9

----------------
IN: 
0x06ff6fa9:  8b 5b 04                 movl     4(%ebx), %ebx
0x06ff6fac:  83 eb 04                 subl     $4, %ebx
0x06ff6faf:  eb b0                    jmp      0x6ff6f61

----------------
IN: 
0x06ff6f61:  83 fb fc                 cmpl     $-4, %ebx
0x06ff6f64:  74 4b                    je       0x6ff6fb1

----------------
IN: 
0x06ff6fb1:  a1 f8 fd ff 06           movl     0x6fffdf8, %eax
0x06ff6fb6:  8d 58 fc                 leal     -4(%eax), %ebx
0x06ff6fb9:  83 fb fc                 cmpl     $-4, %ebx
0x06ff6fbc:  74 23                    je       0x6ff6fe1

----------------
IN: 
0x06ff6fbe:  66 81 7b 10 00 10        cmpw     $0x1000, 0x10(%ebx)
0x06ff6fc4:  75 13                    jne      0x6ff6fd9

----------------
IN: 
0x06ff6fd9:  8b 5b 04                 movl     4(%ebx), %ebx
0x06ff6fdc:  83 eb 04                 subl     $4, %ebx
0x06ff6fdf:  eb d8                    jmp      0x6ff6fb9

----------------
IN: 
0x06ff6fb9:  83 fb fc                 cmpl     $-4, %ebx
0x06ff6fbc:  74 23                    je       0x6ff6fe1

----------------
IN: 
0x06ff6fe1:  a1 f8 fd ff 06           movl     0x6fffdf8, %eax
0x06ff6fe6:  8d 58 fc                 leal     -4(%eax), %ebx
0x06ff6fe9:  83 fb fc                 cmpl     $-4, %ebx
0x06ff6fec:  74 24                    je       0x6ff7012

----------------
IN: 
0x06ff6fee:  66 81 7b 10 22 10        cmpw     $0x1022, 0x10(%ebx)
0x06ff6ff4:  75 14                    jne      0x6ff700a

----------------
IN: 
0x06ff700a:  8b 5b 04                 movl     4(%ebx), %ebx
0x06ff700d:  83 eb 04                 subl     $4, %ebx
0x06ff7010:  eb d7                    jmp      0x6ff6fe9

----------------
IN: 
0x06ff6fe9:  83 fb fc                 cmpl     $-4, %ebx
0x06ff6fec:  74 24                    je       0x6ff7012

----------------
IN: 
0x06ff7012:  a1 f8 fd ff 06           movl     0x6fffdf8, %eax
0x06ff7017:  8d 58 fc                 leal     -4(%eax), %ebx
0x06ff701a:  83 fb fc                 cmpl     $-4, %ebx
0x06ff701d:  74 59                    je       0x6ff7078

----------------
IN: 
0x06ff701f:  8b 43 10                 movl     0x10(%ebx), %eax
0x06ff7022:  66 3d 28 10              cmpw     $0x1028, %ax
0x06ff7026:  74 06                    je       0x6ff702e

----------------
IN: 
0x06ff7028:  66 3d 00 10              cmpw     $0x1000, %ax
0x06ff702c:  75 42                    jne      0x6ff7070

----------------
IN: 
0x06ff7070:  8b 5b 04                 movl     4(%ebx), %ebx
0x06ff7073:  83 eb 04                 subl     $4, %ebx
0x06ff7076:  eb a2                    jmp      0x6ff701a

----------------
IN: 
0x06ff701a:  83 fb fc                 cmpl     $-4, %ebx
0x06ff701d:  74 59                    je       0x6ff7078

----------------
IN: 
0x06ff7078:  a1 f8 fd ff 06           movl     0x6fffdf8, %eax
0x06ff707d:  8d 58 fc                 leal     -4(%eax), %ebx
0x06ff7080:  83 fb fc                 cmpl     $-4, %ebx
0x06ff7083:  74 24                    je       0x6ff70a9

----------------
IN: 
0x06ff7085:  66 81 7b 10 ad 15        cmpw     $0x15ad, 0x10(%ebx)
0x06ff708b:  75 14                    jne      0x6ff70a1

----------------
IN: 
0x06ff70a1:  8b 5b 04                 movl     4(%ebx), %ebx
0x06ff70a4:  83 eb 04                 subl     $4, %ebx
0x06ff70a7:  eb d7                    jmp      0x6ff7080

----------------
IN: 
0x06ff7080:  83 fb fc                 cmpl     $-4, %ebx
0x06ff7083:  74 24                    je       0x6ff70a9

----------------
IN: 
0x06ff70a9:  a1 f8 fd ff 06           movl     0x6fffdf8, %eax
0x06ff70ae:  8d 58 fc                 leal     -4(%eax), %ebx
0x06ff70b1:  83 fb fc                 cmpl     $-4, %ebx
0x06ff70b4:  74 30                    je       0x6ff70e6

----------------
IN: 
0x06ff70b6:  66 81 7b 10 00 10        cmpw     $0x1000, 0x10(%ebx)
0x06ff70bc:  75 20                    jne      0x6ff70de

----------------
IN: 
0x06ff70de:  8b 5b 04                 movl     4(%ebx), %ebx
0x06ff70e1:  83 eb 04                 subl     $4, %ebx
0x06ff70e4:  eb cb                    jmp      0x6ff70b1

----------------
IN: 
0x06ff70b1:  83 fb fc                 cmpl     $-4, %ebx
0x06ff70b4:  74 30                    je       0x6ff70e6

----------------
IN: 
0x06ff70e6:  a1 f8 fd ff 06           movl     0x6fffdf8, %eax
0x06ff70eb:  8d 58 fc                 leal     -4(%eax), %ebx
0x06ff70ee:  83 fb fc                 cmpl     $-4, %ebx
0x06ff70f1:  74 22                    je       0x6ff7115

----------------
IN: 
0x06ff70f3:  66 81 7b 14 08 01        cmpw     $0x108, 0x14(%ebx)
0x06ff70f9:  75 12                    jne      0x6ff710d

----------------
IN: 
0x06ff710d:  8b 5b 04                 movl     4(%ebx), %ebx
0x06ff7110:  83 eb 04                 subl     $4, %ebx
0x06ff7113:  eb d9                    jmp      0x6ff70ee

----------------
IN: 
0x06ff70ee:  83 fb fc                 cmpl     $-4, %ebx
0x06ff70f1:  74 22                    je       0x6ff7115

----------------
IN: 
0x06ff7115:  ba 7a 03 00 00           movl     $0x37a, %edx
0x06ff711a:  ec                       inb      %dx, %al

----------------
IN: 
0x06ff711b:  83 e0 df                 andl     $0xffffffdf, %eax
0x06ff711e:  ee                       outb     %al, %dx

----------------
IN: 
0x06ff711f:  ba 78 03 00 00           movl     $0x378, %edx
0x06ff7124:  b0 aa                    movb     $0xaa, %al
0x06ff7126:  ee                       outb     %al, %dx

----------------
IN: 
0x06ff7127:  ec                       inb      %dx, %al

----------------
IN: 
0x06ff7128:  31 c9                    xorl     %ecx, %ecx
0x06ff712a:  3c aa                    cmpb     $0xaa, %al
0x06ff712c:  75 15                    jne      0x6ff7143

----------------
IN: 
0x06ff712e:  66 c7 05 08 04 00 00 78  movw     $0x378, 0x408
0x06ff7136:  03
0x06ff7137:  c6 05 78 04 00 00 14     movb     $0x14, 0x478
0x06ff713e:  b9 01 00 00 00           movl     $1, %ecx
0x06ff7143:  ba 7a 02 00 00           movl     $0x27a, %edx
0x06ff7148:  ec                       inb      %dx, %al

----------------
IN: 
0x06ff7149:  83 e0 df                 andl     $0xffffffdf, %eax
0x06ff714c:  ee                       outb     %al, %dx

----------------
IN: 
0x06ff714d:  ba 78 02 00 00           movl     $0x278, %edx
0x06ff7152:  b0 aa                    movb     $0xaa, %al
0x06ff7154:  ee                       outb     %al, %dx

----------------
IN: 
0x06ff7155:  ec                       inb      %dx, %al

----------------
IN: 
0x06ff7156:  31 d2                    xorl     %edx, %edx
0x06ff7158:  3c aa                    cmpb     $0xaa, %al
0x06ff715a:  75 19                    jne      0x6ff7175

----------------
IN: 
0x06ff7175:  8d 1c 0a                 leal     (%edx, %ecx), %ebx
0x06ff7178:  0f b7 c3                 movzwl   %bx, %eax
0x06ff717b:  50                       pushl    %eax
0x06ff717c:  68 08 2a 0f 00           pushl    $0xf2a08
0x06ff7181:  e8 53 5d 0f f9           calll    0xeced9

----------------
IN: 
0x06ff7186:  a1 10 04 00 00           movl     0x410, %eax
0x06ff718b:  66 25 ff 3f              andw     $0x3fff, %ax
0x06ff718f:  89 da                    movl     %ebx, %edx
0x06ff7191:  c1 e2 0e                 shll     $0xe, %edx
0x06ff7194:  09 d0                    orl      %edx, %eax
0x06ff7196:  66 a3 10 04 00 00        movw     %ax, 0x410
0x06ff719c:  31 d2                    xorl     %edx, %edx
0x06ff719e:  b8 f8 03 00 00           movl     $0x3f8, %eax
0x06ff71a3:  e8 9b 61 ff ff           calll    0x6fed343

----------------
IN: 
0x06fed343:  56                       pushl    %esi
0x06fed344:  53                       pushl    %ebx
0x06fed345:  89 c3                    movl     %eax, %ebx
0x06fed347:  89 d1                    movl     %edx, %ecx
0x06fed349:  b0 02                    movb     $2, %al
0x06fed34b:  8d 53 01                 leal     1(%ebx), %edx
0x06fed34e:  ee                       outb     %al, %dx

----------------
IN: 
0x06fed34f:  ec                       inb      %dx, %al

----------------
IN: 
0x06fed350:  3c 02                    cmpb     $2, %al
0x06fed352:  75 2d                    jne      0x6fed381

----------------
IN: 
0x06fed354:  8d 53 02                 leal     2(%ebx), %edx
0x06fed357:  ec                       inb      %dx, %al

----------------
IN: 
0x06fed358:  83 e0 3f                 andl     $0x3f, %eax
0x06fed35b:  3c 02                    cmpb     $2, %al
0x06fed35d:  b8 00 00 00 00           movl     $0, %eax
0x06fed362:  75 1f                    jne      0x6fed383

----------------
IN: 
0x06fed364:  8d 53 01                 leal     1(%ebx), %edx
0x06fed367:  ee                       outb     %al, %dx

----------------
IN: 
0x06fed368:  0f b6 c1                 movzbl   %cl, %eax
0x06fed36b:  66 89 9c 00 00 04 00 00  movw     %bx, 0x400(%eax, %eax)
0x06fed373:  c6 80 7c 04 00 00 0a     movb     $0xa, 0x47c(%eax)
0x06fed37a:  b8 01 00 00 00           movl     $1, %eax
0x06fed37f:  eb 02                    jmp      0x6fed383

----------------
IN: 
0x06fed383:  5b                       popl     %ebx
0x06fed384:  5e                       popl     %esi
0x06fed385:  c3                       retl     

----------------
IN: 
0x06ff71a8:  0f b7 d0                 movzwl   %ax, %edx
0x06ff71ab:  89 d3                    movl     %edx, %ebx
0x06ff71ad:  b8 f8 02 00 00           movl     $0x2f8, %eax
0x06ff71b2:  e8 8c 61 ff ff           calll    0x6fed343

----------------
IN: 
0x06fed381:  31 c0                    xorl     %eax, %eax
0x06fed383:  5b                       popl     %ebx
0x06fed384:  5e                       popl     %esi
0x06fed385:  c3                       retl     

----------------
IN: 
0x06ff71b7:  01 c3                    addl     %eax, %ebx
0x06ff71b9:  0f b7 d3                 movzwl   %bx, %edx
0x06ff71bc:  b8 e8 03 00 00           movl     $0x3e8, %eax
0x06ff71c1:  e8 7d 61 ff ff           calll    0x6fed343

----------------
IN: 
0x06ff71c6:  01 c3                    addl     %eax, %ebx
0x06ff71c8:  0f b7 d3                 movzwl   %bx, %edx
0x06ff71cb:  b8 e8 02 00 00           movl     $0x2e8, %eax
0x06ff71d0:  e8 6e 61 ff ff           calll    0x6fed343

----------------
IN: 
0x06ff71d5:  01 c3                    addl     %eax, %ebx
0x06ff71d7:  0f b7 c3                 movzwl   %bx, %eax
0x06ff71da:  50                       pushl    %eax
0x06ff71db:  68 1c 2a 0f 00           pushl    $0xf2a1c
0x06ff71e0:  e8 f4 5c 0f f9           calll    0xeced9

----------------
IN: 
0x06ff71e5:  a1 10 04 00 00           movl     0x410, %eax
0x06ff71ea:  80 e4 f1                 andb     $0xf1, %ah
0x06ff71ed:  c1 e3 09                 shll     $9, %ebx
0x06ff71f0:  09 d8                    orl      %ebx, %eax
0x06ff71f2:  66 a3 10 04 00 00        movw     %ax, 0x410
0x06ff71f8:  83 c4 24                 addl     $0x24, %esp
0x06ff71fb:  5b                       popl     %ebx
0x06ff71fc:  5e                       popl     %esi
0x06ff71fd:  5f                       popl     %edi
0x06ff71fe:  5d                       popl     %ebp
0x06ff71ff:  c3                       retl     

----------------
IN: 
0x06ffbed4:  e8 d5 22 ff ff           calll    0x6fee1ae

----------------
IN: 
0x06fee1ae:  81 3d ac 61 0f 00 ac 61  cmpl     $0xf61ac, 0xf61ac
0x06fee1b6:  0f 00
0x06fee1b8:  74 07                    je       0x6fee1c1

----------------
IN: 
0x06fee1ba:  e8 2c e9 0f f9           calll    0xecaeb

----------------
IN: 
0x06fee2d6:  5b                       popl     %ebx
0x06fee2d7:  c3                       retl     

----------------
IN: 
0x06ff9aaf:  89 f8                    movl     %edi, %eax
0x06ff9ab1:  e8 91 36 0f f9           calll    0xed147

----------------
IN: 
0x000ed147:  0f b7 c8                 movzwl   %ax, %ecx
0x000ed14a:  31 d2                    xorl     %edx, %edx
0x000ed14c:  b8 80 00 00 00           movl     $0x80, %eax
0x000ed151:  e9 9b ff ff ff           jmp      0xed0f1

----------------
IN: 
0x000ed0f1:  55                       pushl    %ebp
0x000ed0f2:  57                       pushl    %edi
0x000ed0f3:  56                       pushl    %esi
0x000ed0f4:  53                       pushl    %ebx
0x000ed0f5:  89 c3                    movl     %eax, %ebx
0x000ed0f7:  89 d6                    movl     %edx, %esi
0x000ed0f9:  89 cf                    movl     %ecx, %edi
0x000ed0fb:  b8 00 7d 00 00           movl     $0x7d00, %eax
0x000ed100:  e8 a3 f3 ff ff           calll    0xec4a8

----------------
IN: 
0x000ed105:  89 c5                    movl     %eax, %ebp
0x000ed107:  8d 57 07                 leal     7(%edi), %edx
0x000ed10a:  ec                       inb      %dx, %al

----------------
IN: 
0x000ed10b:  88 c2                    movb     %al, %dl
0x000ed10d:  21 da                    andl     %ebx, %edx
0x000ed10f:  89 f1                    movl     %esi, %ecx
0x000ed111:  38 ca                    cmpb     %cl, %dl
0x000ed113:  75 05                    jne      0xed11a

----------------
IN: 
0x000ed115:  0f b6 c0                 movzbl   %al, %eax
0x000ed118:  eb 28                    jmp      0xed142

----------------
IN: 
0x000ed142:  5b                       popl     %ebx
0x000ed143:  5e                       popl     %esi
0x000ed144:  5f                       popl     %edi
0x000ed145:  5d                       popl     %ebp
0x000ed146:  c3                       retl     

----------------
IN: 
0x06ff9ab6:  40                       incl     %eax
0x06ff9ab7:  74 69                    je       0x6ff9b22

----------------
IN: 
0x06ff9ab9:  83 c3 06                 addl     $6, %ebx
0x06ff9abc:  80 7c 24 03 00           cmpb     $0, 3(%esp)
0x06ff9ac1:  74 42                    je       0x6ff9b05

----------------
IN: 
0x06ff9b05:  b0 a0                    movb     $0xa0, %al
0x06ff9b07:  89 da                    movl     %ebx, %edx
0x06ff9b09:  ee                       outb     %al, %dx

----------------
IN: 
0x06ff9b0a:  80 7c 24 40 20           cmpb     $0x20, 0x40(%esp)
0x06ff9b0f:  75 11                    jne      0x6ff9b22

----------------
IN: 
0x06ff9b22:  b0 08                    movb     $8, %al
0x06ff9b24:  89 f2                    movl     %esi, %edx
0x06ff9b26:  ee                       outb     %al, %dx

----------------
IN: 
0x06ff9b27:  b9 a1 00 00 00           movl     $0xa1, %ecx
0x06ff9b2c:  8d 54 24 74              leal     0x74(%esp), %edx
0x06ff9b30:  8d 44 24 40              leal     0x40(%esp), %eax
0x06ff9b34:  e8 52 5b ff ff           calll    0x6fef68b

----------------
IN: 
0x06fef68b:  57                       pushl    %edi
0x06fef68c:  56                       pushl    %esi
0x06fef68d:  53                       pushl    %ebx
0x06fef68e:  83 ec 20                 subl     $0x20, %esp
0x06fef691:  89 c7                    movl     %eax, %edi
0x06fef693:  89 d3                    movl     %edx, %ebx
0x06fef695:  89 ce                    movl     %ecx, %esi
0x06fef697:  b9 00 02 00 00           movl     $0x200, %ecx
0x06fef69c:  31 d2                    xorl     %edx, %edx
0x06fef69e:  89 d8                    movl     %ebx, %eax
0x06fef6a0:  e8 2b c0 0f f9           calll    0xeb6d0

----------------
IN: 
0x06fef6a5:  b9 14 00 00 00           movl     $0x14, %ecx
0x06fef6aa:  8d 44 24 0c              leal     0xc(%esp), %eax
0x06fef6ae:  e8 1d c0 0f f9           calll    0xeb6d0

----------------
IN: 
0x06fef6b3:  89 7c 24 10              movl     %edi, 0x10(%esp)
0x06fef6b7:  66 c7 44 24 16 01 00     movw     $1, 0x16(%esp)
0x06fef6be:  c7 44 24 18 01 00 00 00  movl     $1, 0x18(%esp)
0x06fef6c6:  31 c0                    xorl     %eax, %eax
0x06fef6c8:  89 44 24 1c              movl     %eax, 0x1c(%esp)
0x06fef6cc:  89 5c 24 0c              movl     %ebx, 0xc(%esp)
0x06fef6d0:  b9 0c 00 00 00           movl     $0xc, %ecx
0x06fef6d5:  89 e0                    movl     %esp, %eax
0x06fef6d7:  e8 f4 bf 0f f9           calll    0xeb6d0

----------------
IN: 
0x06fef6dc:  89 f0                    movl     %esi, %eax
0x06fef6de:  88 44 24 06              movb     %al, 6(%esp)
0x06fef6e2:  8b 47 2c                 movl     0x2c(%edi), %eax
0x06fef6e5:  66 8b 30                 movw     (%eax), %si
0x06fef6e8:  66 8b 58 02              movw     2(%eax), %bx
0x06fef6ec:  83 c3 02                 addl     $2, %ebx
0x06fef6ef:  b0 0a                    movb     $0xa, %al
0x06fef6f1:  89 da                    movl     %ebx, %edx
0x06fef6f3:  ee                       outb     %al, %dx

----------------
IN: 
0x06fef6f4:  89 e2                    movl     %esp, %edx
0x06fef6f6:  89 f8                    movl     %edi, %eax
0x06fef6f8:  e8 b0 da 0f f9           calll    0xed1ad

----------------
IN: 
0x000ed1ad:  55                       pushl    %ebp
0x000ed1ae:  57                       pushl    %edi
0x000ed1af:  56                       pushl    %esi
0x000ed1b0:  53                       pushl    %ebx
0x000ed1b1:  83 ec 08                 subl     $8, %esp
0x000ed1b4:  89 d3                    movl     %edx, %ebx
0x000ed1b6:  0f b6 78 30              movzbl   0x30(%eax), %edi
0x000ed1ba:  8b 40 2c                 movl     0x2c(%eax), %eax
0x000ed1bd:  0f b7 00                 movzwl   (%eax), %eax
0x000ed1c0:  89 c5                    movl     %eax, %ebp
0x000ed1c2:  e8 80 ff ff ff           calll    0xed147

----------------
IN: 
0x000ed1c7:  40                       incl     %eax
0x000ed1c8:  75 0a                    jne      0xed1d4

----------------
IN: 
0x000ed1d4:  8a 43 05                 movb     5(%ebx), %al
0x000ed1d7:  83 e0 4f                 andl     $0x4f, %eax
0x000ed1da:  b1 a0                    movb     $0xa0, %cl
0x000ed1dc:  89 fa                    movl     %edi, %edx
0x000ed1de:  84 d2                    testb    %dl, %dl
0x000ed1e0:  74 02                    je       0xed1e4

----------------
IN: 
0x000ed1e4:  09 c1                    orl      %eax, %ecx
0x000ed1e6:  8d 55 06                 leal     6(%ebp), %edx
0x000ed1e9:  ec                       inb      %dx, %al

----------------
IN: 
0x000ed1ea:  89 c7                    movl     %eax, %edi
0x000ed1ec:  88 c8                    movb     %cl, %al
0x000ed1ee:  ee                       outb     %al, %dx

----------------
IN: 
0x000ed1ef:  31 f9                    xorl     %edi, %ecx
0x000ed1f1:  80 e1 10                 andb     $0x10, %cl
0x000ed1f4:  75 4b                    jne      0xed241

----------------
IN: 
0x000ed1f6:  8a 43 06                 movb     6(%ebx), %al
0x000ed1f9:  88 04 24                 movb     %al, (%esp)
0x000ed1fc:  8d 45 01                 leal     1(%ebp), %eax
0x000ed1ff:  66 89 44 24 04           movw     %ax, 4(%esp)
0x000ed204:  8d 45 05                 leal     5(%ebp), %eax
0x000ed207:  66 89 44 24 06           movw     %ax, 6(%esp)
0x000ed20c:  8b 04 24                 movl     (%esp), %eax
0x000ed20f:  25 ee 00 00 00           andl     $0xee, %eax
0x000ed214:  83 f8 24                 cmpl     $0x24, %eax
0x000ed217:  75 38                    jne      0xed251

----------------
IN: 
0x000ed251:  8a 03                    movb     (%ebx), %al
0x000ed253:  8b 54 24 04              movl     4(%esp), %edx
0x000ed257:  ee                       outb     %al, %dx

----------------
IN: 
0x000ed258:  8a 43 01                 movb     1(%ebx), %al
0x000ed25b:  8d 55 02                 leal     2(%ebp), %edx
0x000ed25e:  ee                       outb     %al, %dx

----------------
IN: 
0x000ed25f:  8a 43 02                 movb     2(%ebx), %al
0x000ed262:  8d 55 03                 leal     3(%ebp), %edx
0x000ed265:  ee                       outb     %al, %dx

----------------
IN: 
0x000ed266:  8a 43 03                 movb     3(%ebx), %al
0x000ed269:  8d 55 04                 leal     4(%ebp), %edx
0x000ed26c:  ee                       outb     %al, %dx

----------------
IN: 
0x000ed26d:  8a 43 04                 movb     4(%ebx), %al
0x000ed270:  66 8b 54 24 06           movw     6(%esp), %dx
0x000ed275:  ee                       outb     %al, %dx

----------------
IN: 
0x000ed276:  8d 55 07                 leal     7(%ebp), %edx
0x000ed279:  8a 04 24                 movb     (%esp), %al
0x000ed27c:  ee                       outb     %al, %dx

----------------
IN: 
0x000ed27d:  31 c0                    xorl     %eax, %eax
0x000ed27f:  83 c4 08                 addl     $8, %esp
0x000ed282:  5b                       popl     %ebx
0x000ed283:  5e                       popl     %esi
0x000ed284:  5f                       popl     %edi
0x000ed285:  5d                       popl     %ebp
0x000ed286:  c3                       retl     

----------------
IN: 
0x06fef6fd:  b9 ff ff ff ff           movl     $0xffffffff, %ecx
0x06fef702:  85 c0                    testl    %eax, %eax
0x06fef704:  75 1e                    jne      0x6fef724

----------------
IN: 
0x06fef706:  0f b7 c6                 movzwl   %si, %eax
0x06fef709:  e8 7c da 0f f9           calll    0xed18a

----------------
IN: 
0x000ed18a:  0f b7 c0                 movzwl   %ax, %eax
0x000ed18d:  e8 c4 ff ff ff           calll    0xed156

----------------
IN: 
0x000ed156:  56                       pushl    %esi
0x000ed157:  53                       pushl    %ebx
0x000ed158:  89 c3                    movl     %eax, %ebx
0x000ed15a:  e8 d9 f2 ff ff           calll    0xec438

----------------
IN: 
0x000ed15f:  89 c1                    movl     %eax, %ecx
0x000ed161:  69 05 7c 60 0f 00 90 01  imull    $0x190, 0xf607c, %eax
0x000ed169:  00 00
0x000ed16b:  05 3f 42 0f 00           addl     $0xf423f, %eax
0x000ed170:  be 40 42 0f 00           movl     $0xf4240, %esi
0x000ed175:  31 d2                    xorl     %edx, %edx
0x000ed177:  f7 f6                    divl     %esi
0x000ed179:  01 c8                    addl     %ecx, %eax
0x000ed17b:  e8 93 f3 ff ff           calll    0xec513

----------------
IN: 
0x000ed180:  0f b7 c3                 movzwl   %bx, %eax
0x000ed183:  5b                       popl     %ebx
0x000ed184:  5e                       popl     %esi
0x000ed185:  e9 bd ff ff ff           jmp      0xed147

----------------
IN: 
0x000ed192:  83 f8 ff                 cmpl     $-1, %eax
0x000ed195:  74 15                    je       0xed1ac

----------------
IN: 
0x000ed197:  a8 01                    testb    $1, %al
0x000ed199:  75 0c                    jne      0xed1a7

----------------
IN: 
0x000ed19b:  83 e0 08                 andl     $8, %eax
0x000ed19e:  83 f8 01                 cmpl     $1, %eax
0x000ed1a1:  19 c0                    sbbl     %eax, %eax
0x000ed1a3:  83 e0 fb                 andl     $0xfffffffb, %eax
0x000ed1a6:  c3                       retl     

----------------
IN: 
0x06fef70e:  89 c1                    movl     %eax, %ecx
0x06fef710:  85 c0                    testl    %eax, %eax
0x06fef712:  75 10                    jne      0x6fef724

----------------
IN: 
0x06fef714:  ba 00 02 00 00           movl     $0x200, %edx
0x06fef719:  8d 44 24 0c              leal     0xc(%esp), %eax
0x06fef71d:  e8 65 db 0f f9           calll    0xed287

----------------
IN: 
0x000ed287:  55                       pushl    %ebp
0x000ed288:  57                       pushl    %edi
0x000ed289:  56                       pushl    %esi
0x000ed28a:  53                       pushl    %ebx
0x000ed28b:  83 ec 10                 subl     $0x10, %esp
0x000ed28e:  89 c3                    movl     %eax, %ebx
0x000ed290:  89 14 24                 movl     %edx, (%esp)
0x000ed293:  8b 40 04                 movl     4(%eax), %eax
0x000ed296:  8b 40 2c                 movl     0x2c(%eax), %eax
0x000ed299:  66 8b 08                 movw     (%eax), %cx
0x000ed29c:  66 89 4c 24 04           movw     %cx, 4(%esp)
0x000ed2a1:  66 8b 40 02              movw     2(%eax), %ax
0x000ed2a5:  66 89 44 24 06           movw     %ax, 6(%esp)
0x000ed2aa:  0f b7 73 0a              movzwl   0xa(%ebx), %esi
0x000ed2ae:  8b 2b                    movl     (%ebx), %ebp
0x000ed2b0:  89 d0                    movl     %edx, %eax
0x000ed2b2:  d1 f8                    sarl     $1, %eax
0x000ed2b4:  89 44 24 08              movl     %eax, 8(%esp)
0x000ed2b8:  0f b7 c1                 movzwl   %cx, %eax
0x000ed2bb:  89 44 24 0c              movl     %eax, 0xc(%esp)
0x000ed2bf:  8b 4c 24 08              movl     8(%esp), %ecx
0x000ed2c3:  89 ef                    movl     %ebp, %edi
0x000ed2c5:  8b 54 24 04              movl     4(%esp), %edx
0x000ed2c9:  66 f3 6d                 rep insw %dx, %es:(%edi)

----------------
IN: 
0x000ed2cc:  66 8b 44 24 06           movw     6(%esp), %ax
0x000ed2d1:  8d 50 02                 leal     2(%eax), %edx
0x000ed2d4:  ec                       inb      %dx, %al

----------------
IN: 
0x000ed2d5:  8b 44 24 0c              movl     0xc(%esp), %eax
0x000ed2d9:  e8 69 fe ff ff           calll    0xed147

----------------
IN: 
0x000ed2de:  83 f8 ff                 cmpl     $-1, %eax
0x000ed2e1:  75 06                    jne      0xed2e9

----------------
IN: 
0x000ed2e9:  25 89 00 00 00           andl     $0x89, %eax
0x000ed2ee:  4e                       decl     %esi
0x000ed2ef:  74 13                    je       0xed304

----------------
IN: 
0x000ed304:  85 c0                    testl    %eax, %eax
0x000ed306:  74 05                    je       0xed30d

----------------
IN: 
0x000ed30d:  83 c4 10                 addl     $0x10, %esp
0x000ed310:  5b                       popl     %ebx
0x000ed311:  5e                       popl     %esi
0x000ed312:  5f                       popl     %edi
0x000ed313:  5d                       popl     %ebp
0x000ed314:  c3                       retl     

----------------
IN: 
0x06fef722:  89 c1                    movl     %eax, %ecx
0x06fef724:  b0 08                    movb     $8, %al
0x06fef726:  89 da                    movl     %ebx, %edx
0x06fef728:  ee                       outb     %al, %dx

----------------
IN: 
0x06fef729:  89 c8                    movl     %ecx, %eax
0x06fef72b:  83 c4 20                 addl     $0x20, %esp
0x06fef72e:  5b                       popl     %ebx
0x06fef72f:  5e                       popl     %esi
0x06fef730:  5f                       popl     %edi
0x06fef731:  c3                       retl     

----------------
IN: 
0x06ff9b39:  85 c0                    testl    %eax, %eax
0x06ff9b3b:  74 11                    je       0x6ff9b4e

----------------
IN: 
0x06ff9b4e:  8d 54 24 74              leal     0x74(%esp), %edx
0x06ff9b52:  8d 44 24 40              leal     0x40(%esp), %eax
0x06ff9b56:  e8 4e 52 ff ff           calll    0x6feeda9

----------------
IN: 
0x06feeda9:  57                       pushl    %edi
0x06feedaa:  56                       pushl    %esi
0x06feedab:  53                       pushl    %ebx
0x06feedac:  89 c7                    movl     %eax, %edi
0x06feedae:  89 d6                    movl     %edx, %esi
0x06feedb0:  b8 34 00 00 00           movl     $0x34, %eax
0x06feedb5:  e8 27 fc ff ff           calll    0x6fee9e1

----------------
IN: 
0x06feedba:  89 c3                    movl     %eax, %ebx
0x06feedbc:  85 c0                    testl    %eax, %eax
0x06feedbe:  75 11                    jne      0x6feedd1

----------------
IN: 
0x06feedd1:  b9 34 00 00 00           movl     $0x34, %ecx
0x06feedd6:  31 d2                    xorl     %edx, %edx
0x06feedd8:  e8 f3 c8 0f f9           calll    0xeb6d0

----------------
IN: 
0x06feeddd:  8b 47 2c                 movl     0x2c(%edi), %eax
0x06feede0:  89 43 2c                 movl     %eax, 0x2c(%ebx)
0x06feede3:  0f b6 57 30              movzbl   0x30(%edi), %edx
0x06feede7:  88 53 30                 movb     %dl, 0x30(%ebx)
0x06feedea:  0f b6 40 08              movzbl   8(%eax), %eax
0x06feedee:  01 c0                    addl     %eax, %eax
0x06feedf0:  01 d0                    addl     %edx, %eax
0x06feedf2:  89 43 14                 movl     %eax, 0x14(%ebx)
0x06feedf5:  0f b7 06                 movzwl   (%esi), %eax
0x06feedf8:  c0 e8 07                 shrb     $7, %al
0x06feedfb:  88 43 18                 movb     %al, 0x18(%ebx)
0x06feedfe:  89 d8                    movl     %ebx, %eax
0x06feee00:  5b                       popl     %ebx
0x06feee01:  5e                       popl     %esi
0x06feee02:  5f                       popl     %edi
0x06feee03:  c3                       retl     

----------------
IN: 
0x06ff9b5b:  89 c3                    movl     %eax, %ebx
0x06ff9b5d:  85 c0                    testl    %eax, %eax
0x06ff9b5f:  74 dc                    je       0x6ff9b3d

----------------
IN: 
0x06ff9b61:  c6 00 21                 movb     $0x21, (%eax)
0x06ff9b64:  66 c7 40 1a 00 08        movw     $0x800, 0x1a(%eax)
0x06ff9b6a:  c7 40 0c ff ff ff ff     movl     $0xffffffff, 0xc(%eax)
0x06ff9b71:  c7 40 10 ff ff ff ff     movl     $0xffffffff, 0x10(%eax)
0x06ff9b78:  0f b6 7c 24 75           movzbl   0x75(%esp), %edi
0x06ff9b7d:  83 e7 1f                 andl     $0x1f, %edi
0x06ff9b80:  bd a9 30 0f 00           movl     $0xf30a9, %ebp
0x06ff9b85:  66 83 ff 05              cmpw     $5, %di
0x06ff9b89:  75 05                    jne      0x6ff9b90

----------------
IN: 
0x06ff9b8b:  bd a2 30 0f 00           movl     $0xf30a2, %ebp
0x06ff9b90:  8d 44 24 74              leal     0x74(%esp), %eax
0x06ff9b94:  e8 32 27 ff ff           calll    0x6fec2cb

----------------
IN: 
0x06fec2cb:  89 c2                    movl     %eax, %edx
0x06fec2cd:  b8 0f 00 00 00           movl     $0xf, %eax
0x06fec2d2:  0f b7 92 a0 00 00 00     movzwl   0xa0(%edx), %edx
0x06fec2d9:  0f a3 c2                 btl      %eax, %edx
0x06fec2dc:  72 05                    jb       0x6fec2e3

----------------
IN: 
0x06fec2de:  48                       decl     %eax
0x06fec2df:  75 f8                    jne      0x6fec2d9

----------------
IN: 
0x06fec2d9:  0f a3 c2                 btl      %eax, %edx
0x06fec2dc:  72 05                    jb       0x6fec2e3

----------------
IN: 
0x06fec2e3:  c3                       retl     

----------------
IN: 
0x06ff9b99:  89 c6                    movl     %eax, %esi
0x06ff9b9b:  8d 44 24 17              leal     0x17(%esp), %eax
0x06ff9b9f:  8d 54 24 74              leal     0x74(%esp), %edx
0x06ff9ba3:  e8 10 37 ff ff           calll    0x6fed2b8

----------------
IN: 
0x06fed2b8:  53                       pushl    %ebx
0x06fed2b9:  89 c3                    movl     %eax, %ebx
0x06fed2bb:  89 d1                    movl     %edx, %ecx
0x06fed2bd:  31 c0                    xorl     %eax, %eax
0x06fed2bf:  66 8b 54 41 36           movw     0x36(%ecx, %eax, 2), %dx
0x06fed2c4:  86 f2                    xchgb    %dh, %dl
0x06fed2c6:  66 89 14 43              movw     %dx, (%ebx, %eax, 2)
0x06fed2ca:  40                       incl     %eax
0x06fed2cb:  83 f8 14                 cmpl     $0x14, %eax
0x06fed2ce:  75 ef                    jne      0x6fed2bf

----------------
IN: 
0x06fed2bf:  66 8b 54 41 36           movw     0x36(%ecx, %eax, 2), %dx
0x06fed2c4:  86 f2                    xchgb    %dh, %dl
0x06fed2c6:  66 89 14 43              movw     %dx, (%ebx, %eax, 2)
0x06fed2ca:  40                       incl     %eax
0x06fed2cb:  83 f8 14                 cmpl     $0x14, %eax
0x06fed2ce:  75 ef                    jne      0x6fed2bf

----------------
IN: 
0x06fed2d0:  c6 43 28 00              movb     $0, 0x28(%ebx)
0x06fed2d4:  89 d8                    movl     %ebx, %eax
0x06fed2d6:  e8 42 ed ff ff           calll    0x6fec01d

----------------
IN: 
0x06fec01d:  89 c1                    movl     %eax, %ecx
0x06fec01f:  e8 7c e3 0f f9           calll    0xea3a0

----------------
IN: 
0x06fec024:  8d 44 01 ff              leal     -1(%ecx, %eax), %eax
0x06fec028:  39 c8                    cmpl     %ecx, %eax
0x06fec02a:  72 0c                    jb       0x6fec038

----------------
IN: 
0x06fec02c:  80 38 20                 cmpb     $0x20, (%eax)
0x06fec02f:  7f 07                    jg       0x6fec038

----------------
IN: 
0x06fec031:  48                       decl     %eax
0x06fec032:  c6 40 01 00              movb     $0, 1(%eax)
0x06fec036:  eb f0                    jmp      0x6fec028

----------------
IN: 
0x06fec028:  39 c8                    cmpl     %ecx, %eax
0x06fec02a:  72 0c                    jb       0x6fec038

----------------
IN: 
0x06fec038:  89 c8                    movl     %ecx, %eax
0x06fec03a:  8a 10                    movb     (%eax), %dl
0x06fec03c:  84 d2                    testb    %dl, %dl
0x06fec03e:  74 08                    je       0x6fec048

----------------
IN: 
0x06fec040:  80 fa 20                 cmpb     $0x20, %dl
0x06fec043:  7f 03                    jg       0x6fec048

----------------
IN: 
0x06fec048:  c3                       retl     

----------------
IN: 
0x06fed2db:  89 d8                    movl     %ebx, %eax
0x06fed2dd:  5b                       popl     %ebx
0x06fed2de:  c3                       retl     

----------------
IN: 
0x06ff9ba8:  55                       pushl    %ebp
0x06ff9ba9:  56                       pushl    %esi
0x06ff9baa:  50                       pushl    %eax
0x06ff9bab:  0f b6 43 30              movzbl   0x30(%ebx), %eax
0x06ff9baf:  50                       pushl    %eax
0x06ff9bb0:  8b 43 2c                 movl     0x2c(%ebx), %eax
0x06ff9bb3:  0f b6 40 08              movzbl   8(%eax), %eax
0x06ff9bb7:  50                       pushl    %eax
0x06ff9bb8:  68 b0 30 0f 00           pushl    $0xf30b0
0x06ff9bbd:  6a 50                    pushl    $0x50
0x06ff9bbf:  e8 fe a4 ff ff           calll    0x6ff40c2

----------------
IN: 
0x06ff9bc4:  89 c6                    movl     %eax, %esi
0x06ff9bc6:  50                       pushl    %eax
0x06ff9bc7:  68 d2 30 0f 00           pushl    $0xf30d2
0x06ff9bcc:  e8 08 33 0f f9           calll    0xeced9

----------------
IN: 
0x06ff9bd1:  83 c4 24                 addl     $0x24, %esp
0x06ff9bd4:  66 83 ff 05              cmpw     $5, %di
0x06ff9bd8:  0f 85 9c 01 00 00        jne      0x6ff9d7a

----------------
IN: 
0x06ff9bde:  8b 43 2c                 movl     0x2c(%ebx), %eax
0x06ff9be1:  0f b6 4b 30              movzbl   0x30(%ebx), %ecx
0x06ff9be5:  0f b6 50 07              movzbl   7(%eax), %edx
0x06ff9be9:  8b 40 10                 movl     0x10(%eax), %eax
0x06ff9bec:  e8 61 a3 ff ff           calll    0x6ff3f52

----------------
IN: 
0x06ff3f52:  85 c0                    testl    %eax, %eax
0x06ff3f54:  74 43                    je       0x6ff3f99

----------------
IN: 
0x06ff3f56:  56                       pushl    %esi
0x06ff3f57:  53                       pushl    %ebx
0x06ff3f58:  81 ec 00 01 00 00        subl     $0x100, %esp
0x06ff3f5e:  89 d3                    movl     %edx, %ebx
0x06ff3f60:  89 ce                    movl     %ecx, %esi
0x06ff3f62:  89 c1                    movl     %eax, %ecx
0x06ff3f64:  ba e7 20 0f 00           movl     $0xf20e7, %edx
0x06ff3f69:  89 e0                    movl     %esp, %eax
0x06ff3f6b:  e8 e3 fd ff ff           calll    0x6ff3d53

----------------
IN: 
0x06ff3de0:  0f b6 f8                 movzbl   %al, %edi
0x06ff3de3:  57                       pushl    %edi
0x06ff3de4:  68 ae 20 0f 00           pushl    $0xf20ae
0x06ff3de9:  29 de                    subl     %ebx, %esi
0x06ff3deb:  56                       pushl    %esi
0x06ff3dec:  53                       pushl    %ebx
0x06ff3ded:  e8 2b eb ff ff           calll    0x6ff291d

----------------
IN: 
0x06ff3df2:  01 c3                    addl     %eax, %ebx
0x06ff3df4:  83 c4 10                 addl     $0x10, %esp
0x06ff3df7:  89 d8                    movl     %ebx, %eax
0x06ff3df9:  5b                       popl     %ebx
0x06ff3dfa:  5e                       popl     %esi
0x06ff3dfb:  5f                       popl     %edi
0x06ff3dfc:  5d                       popl     %ebp
0x06ff3dfd:  c3                       retl     

----------------
IN: 
0x06ff3f70:  56                       pushl    %esi
0x06ff3f71:  53                       pushl    %ebx
0x06ff3f72:  68 e9 20 0f 00           pushl    $0xf20e9
0x06ff3f77:  8d 94 24 0c 01 00 00     leal     0x10c(%esp), %edx
0x06ff3f7e:  29 c2                    subl     %eax, %edx
0x06ff3f80:  52                       pushl    %edx
0x06ff3f81:  50                       pushl    %eax
0x06ff3f82:  e8 96 e9 ff ff           calll    0x6ff291d

----------------
IN: 
0x06ff3f87:  8d 44 24 14              leal     0x14(%esp), %eax
0x06ff3f8b:  e8 80 be ff ff           calll    0x6fefe10

----------------
IN: 
0x06ff3f90:  81 c4 14 01 00 00        addl     $0x114, %esp
0x06ff3f96:  5b                       popl     %ebx
0x06ff3f97:  5e                       popl     %esi
0x06ff3f98:  c3                       retl     

----------------
IN: 
0x06ff9bf1:  89 c7                    movl     %eax, %edi
0x06ff9bf3:  8b 43 2c                 movl     0x2c(%ebx), %eax
0x06ff9bf6:  0f b6 4b 30              movzbl   0x30(%ebx), %ecx
0x06ff9bfa:  0f b6 50 07              movzbl   7(%eax), %edx
0x06ff9bfe:  8b 40 10                 movl     0x10(%eax), %eax
0x06ff9c01:  8d 6b 02                 leal     2(%ebx), %ebp
0x06ff9c04:  55                       pushl    %ebp
0x06ff9c05:  e8 4d a4 ff ff           calll    0x6ff4057

----------------
IN: 
0x06ff4057:  57                       pushl    %edi
0x06ff4058:  56                       pushl    %esi
0x06ff4059:  53                       pushl    %ebx
0x06ff405a:  81 ec 00 01 00 00        subl     $0x100, %esp
0x06ff4060:  8b 9c 24 10 01 00 00     movl     0x110(%esp), %ebx
0x06ff4067:  85 c0                    testl    %eax, %eax
0x06ff4069:  74 4d                    je       0x6ff40b8

----------------
IN: 
0x06ff406b:  89 d6                    movl     %edx, %esi
0x06ff406d:  89 cf                    movl     %ecx, %edi
0x06ff406f:  89 c1                    movl     %eax, %ecx
0x06ff4071:  ba e7 20 0f 00           movl     $0xf20e7, %edx
0x06ff4076:  89 e0                    movl     %esp, %eax
0x06ff4078:  e8 d6 fc ff ff           calll    0x6ff3d53

----------------
IN: 
0x06ff407d:  57                       pushl    %edi
0x06ff407e:  56                       pushl    %esi
0x06ff407f:  68 e9 20 0f 00           pushl    $0xf20e9
0x06ff4084:  8d 94 24 0c 01 00 00     leal     0x10c(%esp), %edx
0x06ff408b:  29 c2                    subl     %eax, %edx
0x06ff408d:  52                       pushl    %edx
0x06ff408e:  50                       pushl    %eax
0x06ff408f:  e8 89 e8 ff ff           calll    0x6ff291d

----------------
IN: 
0x06ff4094:  8d 44 24 14              leal     0x14(%esp), %eax
0x06ff4098:  e8 2a bd ff ff           calll    0x6fefdc7

----------------
IN: 
0x06fefdc7:  55                       pushl    %ebp
0x06fefdc8:  57                       pushl    %edi
0x06fefdc9:  56                       pushl    %esi
0x06fefdca:  53                       pushl    %ebx
0x06fefdcb:  51                       pushl    %ecx
0x06fefdcc:  89 c6                    movl     %eax, %esi
0x06fefdce:  50                       pushl    %eax
0x06fefdcf:  68 9e 11 0f 00           pushl    $0xf119e
0x06fefdd4:  e8 00 d1 0f f9           calll    0xeced9

----------------
IN: 
0x06fefdd9:  a1 48 ff ff 06           movl     0x6ffff48, %eax
0x06fefdde:  89 44 24 08              movl     %eax, 8(%esp)
0x06fefde2:  8b 1d 58 fe ff 06        movl     0x6fffe58, %ebx
0x06fefde8:  5f                       popl     %edi
0x06fefde9:  5d                       popl     %ebp
0x06fefdea:  31 ff                    xorl     %edi, %edi
0x06fefdec:  39 3c 24                 cmpl     %edi, (%esp)
0x06fefdef:  7e 15                    jle      0x6fefe06

----------------
IN: 
0x06fefe06:  31 ed                    xorl     %ebp, %ebp
0x06fefe08:  89 e8                    movl     %ebp, %eax
0x06fefe0a:  5a                       popl     %edx
0x06fefe0b:  5b                       popl     %ebx
0x06fefe0c:  5e                       popl     %esi
0x06fefe0d:  5f                       popl     %edi
0x06fefe0e:  5d                       popl     %ebp
0x06fefe0f:  c3                       retl     

----------------
IN: 
0x06ff409d:  83 c4 14                 addl     $0x14, %esp
0x06ff40a0:  85 c0                    testl    %eax, %eax
0x06ff40a2:  74 14                    je       0x6ff40b8

----------------
IN: 
0x06ff40b8:  81 c4 00 01 00 00        addl     $0x100, %esp
0x06ff40be:  5b                       popl     %ebx
0x06ff40bf:  5e                       popl     %esi
0x06ff40c0:  5f                       popl     %edi
0x06ff40c1:  c3                       retl     

----------------
IN: 
0x06ff9c0a:  89 f9                    movl     %edi, %ecx
0x06ff9c0c:  89 f2                    movl     %esi, %edx
0x06ff9c0e:  89 d8                    movl     %ebx, %eax
0x06ff9c10:  e8 37 fd ff ff           calll    0x6ff994c

----------------
IN: 
0x06ff994c:  55                       pushl    %ebp
0x06ff994d:  57                       pushl    %edi
0x06ff994e:  56                       pushl    %esi
0x06ff994f:  53                       pushl    %ebx
0x06ff9950:  89 c5                    movl     %eax, %ebp
0x06ff9952:  89 d3                    movl     %edx, %ebx
0x06ff9954:  89 ce                    movl     %ecx, %esi
0x06ff9956:  f6 05 c0 55 0f 00 01     testb    $1, 0xf55c0
0x06ff995d:  74 25                    je       0x6ff9984

----------------
IN: 
0x06ff995f:  e8 2b ff ff ff           calll    0x6ff988f

----------------
IN: 
0x06ff988f:  53                       pushl    %ebx
0x06ff9890:  81 ec 14 08 00 00        subl     $0x814, %esp
0x06ff9896:  89 c3                    movl     %eax, %ebx
0x06ff9898:  b9 14 00 00 00           movl     $0x14, %ecx
0x06ff989d:  31 d2                    xorl     %edx, %edx
0x06ff989f:  89 e0                    movl     %esp, %eax
0x06ff98a1:  e8 2a 1e 0f f9           calll    0xeb6d0

----------------
IN: 
0x06ff98a6:  89 5c 24 04              movl     %ebx, 4(%esp)
0x06ff98aa:  e8 2b 65 0f f9           calll    0xefdda

----------------
IN: 
0x000efdda:  55                       pushl    %ebp
0x000efddb:  57                       pushl    %edi
0x000efddc:  56                       pushl    %esi
0x000efddd:  53                       pushl    %ebx
0x000efdde:  83 ec 28                 subl     $0x28, %esp
0x000efde1:  89 c3                    movl     %eax, %ebx
0x000efde3:  b8 88 13 00 00           movl     $0x1388, %eax
0x000efde8:  e8 bb c6 ff ff           calll    0xec4a8

----------------
IN: 
0x000efded:  89 04 24                 movl     %eax, (%esp)
0x000efdf0:  31 ed                    xorl     %ebp, %ebp
0x000efdf2:  be 03 00 00 00           movl     $3, %esi
0x000efdf7:  8b 04 24                 movl     (%esp), %eax
0x000efdfa:  e8 00 c7 ff ff           calll    0xec4ff

----------------
IN: 
0x000efdff:  85 c0                    testl    %eax, %eax
0x000efe01:  74 10                    je       0xefe13

----------------
IN: 
0x000efe13:  8d 7c 24 16              leal     0x16(%esp), %edi
0x000efe17:  b9 10 00 00 00           movl     $0x10, %ecx
0x000efe1c:  31 d2                    xorl     %edx, %edx
0x000efe1e:  89 f8                    movl     %edi, %eax
0x000efe20:  e8 ab b8 ff ff           calll    0xeb6d0

----------------
IN: 
0x000efe25:  c6 44 24 16 00           movb     $0, 0x16(%esp)
0x000efe2a:  c6 43 08 20              movb     $0x20, 8(%ebx)
0x000efe2e:  31 c0                    xorl     %eax, %eax
0x000efe30:  89 03                    movl     %eax, (%ebx)
0x000efe32:  89 7b 10                 movl     %edi, 0x10(%ebx)
0x000efe35:  31 c0                    xorl     %eax, %eax
0x000efe37:  89 43 0a                 movl     %eax, 0xa(%ebx)
0x000efe3a:  89 d8                    movl     %ebx, %eax
0x000efe3c:  e8 58 ff ff ff           calll    0xefd99

----------------
IN: 
0x000efd99:  56                       pushl    %esi
0x000efd9a:  53                       pushl    %ebx
0x000efd9b:  0f b7 70 0a              movzwl   0xa(%eax), %esi
0x000efd9f:  8b 50 04                 movl     4(%eax), %edx
0x000efda2:  0f b7 52 1a              movzwl   0x1a(%edx), %edx
0x000efda6:  0f af d6                 imull    %esi, %edx
0x000efda9:  81 fa 00 00 01 00        cmpl     $0x10000, %edx
0x000efdaf:  7e 0d                    jle      0xefdbe

----------------
IN: 
0x000efdbe:  89 c3                    movl     %eax, %ebx
0x000efdc0:  e8 7c f3 ff ff           calll    0xef141

----------------
IN: 
0x000ef141:  55                       pushl    %ebp
0x000ef142:  57                       pushl    %edi
0x000ef143:  56                       pushl    %esi
0x000ef144:  53                       pushl    %ebx
0x000ef145:  81 ec f0 00 00 00        subl     $0xf0, %esp
0x000ef14b:  89 04 24                 movl     %eax, (%esp)
0x000ef14e:  8b 68 04                 movl     4(%eax), %ebp
0x000ef151:  8a 45 00                 movb     (%ebp), %al
0x000ef154:  3c 71                    cmpb     $0x71, %al
0x000ef156:  0f 84 82 01 00 00        je       0xef2de

----------------
IN: 
0x000ef15c:  77 24                    ja       0xef182

----------------
IN: 
0x000ef15e:  3c 60                    cmpb     $0x60, %al
0x000ef160:  0f 84 b2 01 00 00        je       0xef318

----------------
IN: 
0x000ef166:  77 11                    ja       0xef179

----------------
IN: 
0x000ef168:  3c 50                    cmpb     $0x50, %al
0x000ef16a:  74 6f                    je       0xef1db

----------------
IN: 
0x000ef16c:  3c 51                    cmpb     $0x51, %al
0x000ef16e:  0f 84 94 00 00 00        je       0xef208

----------------
IN: 
0x000ef174:  e9 cb 05 00 00           jmp      0xef744

----------------
IN: 
0x000ef744:  3c 21                    cmpb     $0x21, %al
0x000ef746:  74 24                    je       0xef76c

----------------
IN: 
0x000ef76c:  8b 04 24                 movl     (%esp), %eax
0x000ef76f:  8a 58 08                 movb     8(%eax), %bl
0x000ef772:  8d 43 fd                 leal     -3(%ebx), %eax
0x000ef775:  a8 fd                    testb    $0xfd, %al
0x000ef777:  0f 84 0a 06 00 00        je       0xefd87

----------------
IN: 
0x000ef77d:  8d 54 24 51              leal     0x51(%esp), %edx
0x000ef781:  b9 0c 00 00 00           movl     $0xc, %ecx
0x000ef786:  8b 04 24                 movl     (%esp), %eax
0x000ef789:  e8 02 c3 ff ff           calll    0xeba90

----------------
IN: 
0x000eba90:  55                       pushl    %ebp
0x000eba91:  57                       pushl    %edi
0x000eba92:  56                       pushl    %esi
0x000eba93:  53                       pushl    %ebx
0x000eba94:  89 d5                    movl     %edx, %ebp
0x000eba96:  8a 50 08                 movb     8(%eax), %dl
0x000eba99:  80 fa 03                 cmpb     $3, %dl
0x000eba9c:  77 07                    ja       0xebaa5

----------------
IN: 
0x000ebaa5:  80 fa 20                 cmpb     $0x20, %dl
0x000ebaa8:  0f 84 86 00 00 00        je       0xebb34

----------------
IN: 
0x000ebb34:  8b 70 10                 movl     0x10(%eax), %esi
0x000ebb37:  89 ef                    movl     %ebp, %edi
0x000ebb39:  f3 a4                    rep movsb (%esi), %es:(%edi)

----------------
IN: 
0x000ebb3b:  0f b7 40 0c              movzwl   0xc(%eax), %eax
0x000ebb3f:  5b                       popl     %ebx
0x000ebb40:  5e                       popl     %esi
0x000ebb41:  5f                       popl     %edi
0x000ebb42:  5d                       popl     %ebp
0x000ebb43:  c3                       retl     

----------------
IN: 
0x000ef78e:  89 c7                    movl     %eax, %edi
0x000ef790:  88 d8                    movb     %bl, %al
0x000ef792:  83 ff ff                 cmpl     $-1, %edi
0x000ef795:  0f 84 ae 04 00 00        je       0xefc49

----------------
IN: 
0x000ef79b:  8b 45 2c                 movl     0x2c(%ebp), %eax
0x000ef79e:  66 8b 30                 movw     (%eax), %si
0x000ef7a1:  66 89 74 24 04           movw     %si, 4(%esp)
0x000ef7a6:  66 8b 58 02              movw     2(%eax), %bx
0x000ef7aa:  b9 0c 00 00 00           movl     $0xc, %ecx
0x000ef7af:  31 d2                    xorl     %edx, %edx
0x000ef7b1:  8d 84 24 84 00 00 00     leal     0x84(%esp), %eax
0x000ef7b8:  e8 13 bf ff ff           calll    0xeb6d0

----------------
IN: 
0x000ef7bd:  66 89 bc 24 87 00 00 00  movw     %di, 0x87(%esp)
0x000ef7c5:  c6 84 24 8a 00 00 00 a0  movb     $0xa0, 0x8a(%esp)
0x000ef7cd:  83 c3 02                 addl     $2, %ebx
0x000ef7d0:  b0 0a                    movb     $0xa, %al
0x000ef7d2:  89 da                    movl     %ebx, %edx
0x000ef7d4:  ee                       outb     %al, %dx

----------------
IN: 
0x000ef7d5:  8d 94 24 84 00 00 00     leal     0x84(%esp), %edx
0x000ef7dc:  89 e8                    movl     %ebp, %eax
0x000ef7de:  e8 ca d9 ff ff           calll    0xed1ad

----------------
IN: 
0x000ef7e3:  85 c0                    testl    %eax, %eax
0x000ef7e5:  74 0a                    je       0xef7f1

----------------
IN: 
0x000ef7f1:  0f b7 6c 24 04           movzwl   4(%esp), %ebp
0x000ef7f6:  89 e8                    movl     %ebp, %eax
0x000ef7f8:  e8 8d d9 ff ff           calll    0xed18a

----------------
IN: 
0x000ef7fd:  85 c0                    testl    %eax, %eax
0x000ef7ff:  75 e6                    jne      0xef7e7

----------------
IN: 
0x000ef801:  8d 74 24 51              leal     0x51(%esp), %esi
0x000ef805:  b9 06 00 00 00           movl     $6, %ecx
0x000ef80a:  8b 54 24 04              movl     4(%esp), %edx
0x000ef80e:  26 66 f3 6f              rep outsw %es:(%esi), %dx

----------------
IN: 
0x000ef812:  89 da                    movl     %ebx, %edx
0x000ef814:  ec                       inb      %dx, %al

----------------
IN: 
0x000ef815:  89 e8                    movl     %ebp, %eax
0x000ef817:  e8 2b d9 ff ff           calll    0xed147

----------------
IN: 
0x000ef81c:  83 f8 ff                 cmpl     $-1, %eax
0x000ef81f:  74 c6                    je       0xef7e7

----------------
IN: 
0x000ef821:  89 c6                    movl     %eax, %esi
0x000ef823:  83 e6 01                 andl     $1, %esi
0x000ef826:  74 08                    je       0xef830

----------------
IN: 
0x000ef828:  8b 54 24 04              movl     4(%esp), %edx
0x000ef82c:  42                       incl     %edx
0x000ef82d:  ec                       inb      %dx, %al

----------------
IN: 
0x000ef82e:  eb b7                    jmp      0xef7e7

----------------
IN: 
0x000ef7e7:  b0 08                    movb     $8, %al
0x000ef7e9:  89 da                    movl     %ebx, %edx
0x000ef7eb:  ee                       outb     %al, %dx

----------------
IN: 
0x000ef7ec:  e9 7c 05 00 00           jmp      0xefd6d

----------------
IN: 
0x000efd6d:  be 0c 00 00 00           movl     $0xc, %esi
0x000efd72:  eb 18                    jmp      0xefd8c

----------------
IN: 
0x000efd8c:  89 f0                    movl     %esi, %eax
0x000efd8e:  81 c4 f0 00 00 00        addl     $0xf0, %esp
0x000efd94:  5b                       popl     %ebx
0x000efd95:  5e                       popl     %esi
0x000efd96:  5f                       popl     %edi
0x000efd97:  5d                       popl     %ebp
0x000efd98:  c3                       retl     

----------------
IN: 
0x000efdc5:  85 c0                    testl    %eax, %eax
0x000efdc7:  74 0e                    je       0xefdd7

----------------
IN: 
0x000efdc9:  0f b7 53 0a              movzwl   0xa(%ebx), %edx
0x000efdcd:  39 d6                    cmpl     %edx, %esi
0x000efdcf:  75 06                    jne      0xefdd7

----------------
IN: 
0x000efdd1:  66 c7 43 0a 00 00        movw     $0, 0xa(%ebx)
0x000efdd7:  5b                       popl     %ebx
0x000efdd8:  5e                       popl     %esi
0x000efdd9:  c3                       retl     

----------------
IN: 
0x000efe41:  85 c0                    testl    %eax, %eax
0x000efe43:  0f 84 98 00 00 00        je       0xefee1

----------------
IN: 
0x000efe49:  8d 44 24 06              leal     6(%esp), %eax
0x000efe4d:  b9 10 00 00 00           movl     $0x10, %ecx
0x000efe52:  31 d2                    xorl     %edx, %edx
0x000efe54:  e8 77 b8 ff ff           calll    0xeb6d0

----------------
IN: 
0x000efe59:  c6 44 24 06 03           movb     $3, 6(%esp)
0x000efe5e:  c6 44 24 0a 12           movb     $0x12, 0xa(%esp)
0x000efe63:  c6 43 08 20              movb     $0x20, 8(%ebx)
0x000efe67:  89 3b                    movl     %edi, (%ebx)
0x000efe69:  89 43 10                 movl     %eax, 0x10(%ebx)
0x000efe6c:  c7 43 0a 01 00 12 00     movl     $0x120001, 0xa(%ebx)
0x000efe73:  89 d8                    movl     %ebx, %eax
0x000efe75:  e8 1f ff ff ff           calll    0xefd99

----------------
IN: 
0x000ef830:  85 ff                    testl    %edi, %edi
0x000ef832:  75 0a                    jne      0xef83e

----------------
IN: 
0x000ef83e:  a8 08                    testb    $8, %al
0x000ef840:  74 a5                    je       0xef7e7

----------------
IN: 
0x000ef842:  89 fa                    movl     %edi, %edx
0x000ef844:  8b 04 24                 movl     (%esp), %eax
0x000ef847:  e8 3b da ff ff           calll    0xed287

----------------
IN: 
0x000ef84c:  89 c1                    movl     %eax, %ecx
0x000ef84e:  b0 08                    movb     $8, %al
0x000ef850:  89 da                    movl     %ebx, %edx
0x000ef852:  ee                       outb     %al, %dx

----------------
IN: 
0x000ef853:  85 c9                    testl    %ecx, %ecx
0x000ef855:  e9 c6 03 00 00           jmp      0xefc20

----------------
IN: 
0x000efc20:  0f 85 47 01 00 00        jne      0xefd6d

----------------
IN: 
0x000efc26:  e9 61 01 00 00           jmp      0xefd8c

----------------
IN: 
0x000efdd7:  5b                       popl     %ebx
0x000efdd8:  5e                       popl     %esi
0x000efdd9:  c3                       retl     

----------------
IN: 
0x000efe7a:  85 c0                    testl    %eax, %eax
0x000efe7c:  0f 85 75 ff ff ff        jne      0xefdf7

----------------
IN: 
0x000efe82:  80 7c 24 22 3a           cmpb     $0x3a, 0x22(%esp)
0x000efe87:  75 12                    jne      0xefe9b

----------------
IN: 
0x000efe89:  4e                       decl     %esi
0x000efe8a:  56                       pushl    %esi
0x000efe8b:  68 57 2f 0f 00           pushl    $0xf2f57
0x000efe90:  e8 44 d0 ff ff           calll    0xeced9

----------------
IN: 
0x000efe95:  5a                       popl     %edx
0x000efe96:  59                       popl     %ecx
0x000efe97:  85 f6                    testl    %esi, %esi
0x000efe99:  74 41                    je       0xefedc

----------------
IN: 
0x000efe9b:  80 7c 24 22 04           cmpb     $4, 0x22(%esp)
0x000efea0:  0f 85 51 ff ff ff        jne      0xefdf7

----------------
IN: 
0x000efdf7:  8b 04 24                 movl     (%esp), %eax
0x000efdfa:  e8 00 c7 ff ff           calll    0xec4ff

----------------
IN: 
0x000efedc:  b8 ff ff ff ff           movl     $0xffffffff, %eax
0x000efee1:  83 c4 28                 addl     $0x28, %esp
0x000efee4:  5b                       popl     %ebx
0x000efee5:  5e                       popl     %esi
0x000efee6:  5f                       popl     %edi
0x000efee7:  5d                       popl     %ebp
0x000efee8:  c3                       retl     

----------------
IN: 
0x06ff98af:  85 c0                    testl    %eax, %eax
0x06ff98b1:  74 07                    je       0x6ff98ba

----------------
IN: 
0x06ff98b3:  31 db                    xorl     %ebx, %ebx
0x06ff98b5:  e9 88 00 00 00           jmp      0x6ff9942

----------------
IN: 
0x06ff9942:  89 d8                    movl     %ebx, %eax
0x06ff9944:  81 c4 14 08 00 00        addl     $0x814, %esp
0x06ff994a:  5b                       popl     %ebx
0x06ff994b:  c3                       retl     

----------------
IN: 
0x06ff9964:  89 c7                    movl     %eax, %edi
0x06ff9966:  85 c0                    testl    %eax, %eax
0x06ff9968:  74 1a                    je       0x6ff9984

----------------
IN: 
0x06ff9984:  85 f6                    testl    %esi, %esi
0x06ff9986:  79 06                    jns      0x6ff998e

----------------
IN: 
0x06ff9988:  8b 35 4c fe ff 06        movl     0x6fffe4c, %esi
0x06ff998e:  53                       pushl    %ebx
0x06ff998f:  89 e9                    movl     %ebp, %ecx
0x06ff9991:  89 f2                    movl     %esi, %edx
0x06ff9993:  b8 03 00 00 00           movl     $3, %eax
0x06ff9998:  e8 b7 51 ff ff           calll    0x6feeb54

----------------
IN: 
0x06feebc8:  8b 0a                    movl     (%edx), %ecx
0x06feebca:  39 71 f8                 cmpl     %esi, -8(%ecx)
0x06feebcd:  7f ea                    jg       0x6feebb9

----------------
IN: 
0x06feebcf:  7c 25                    jl       0x6feebf6

----------------
IN: 
0x06feebf6:  89 ca                    movl     %ecx, %edx
0x06feebf8:  8b 09                    movl     (%ecx), %ecx
0x06feebfa:  eb b9                    jmp      0x6feebb5

----------------
IN: 
0x06feebb5:  85 c9                    testl    %ecx, %ecx
0x06feebb7:  75 0f                    jne      0x6feebc8

----------------
IN: 
0x06ff999d:  58                       popl     %eax
0x06ff999e:  5b                       popl     %ebx
0x06ff999f:  5e                       popl     %esi
0x06ff99a0:  5f                       popl     %edi
0x06ff99a1:  5d                       popl     %ebp
0x06ff99a2:  c3                       retl     

----------------
IN: 
0x06ff9c15:  58                       popl     %eax
0x06ff9c16:  e9 5f 01 00 00           jmp      0x6ff9d7a

----------------
IN: 
0x06ff9d7a:  80 7c 24 03 00           cmpb     $0, 3(%esp)
0x06ff9d7f:  75 2a                    jne      0x6ff9dab

----------------
IN: 
0x06ff9d81:  66 8b 84 24 2e 01 00 00  movw     0x12e(%esp), %ax
0x06ff9d89:  66 25 61 df              andw     $0xdf61, %ax
0x06ff9d8d:  66 3d 41 40              cmpw     $0x4041, %ax
0x06ff9d91:  74 18                    je       0x6ff9dab

----------------
IN: 
0x06ff9d93:  be 01 00 00 00           movl     $1, %esi
0x06ff9d98:  eb 07                    jmp      0x6ff9da1

----------------
IN: 
0x06ff9da1:  c6 44 24 03 01           movb     $1, 3(%esp)
0x06ff9da6:  e9 25 fc ff ff           jmp      0x6ff99d0

----------------
IN: 
0x06ff99d0:  8b 44 24 0c              movl     0xc(%esp), %eax
0x06ff99d4:  0f b7 00                 movzwl   (%eax), %eax
0x06ff99d7:  89 c5                    movl     %eax, %ebp
0x06ff99d9:  89 44 24 04              movl     %eax, 4(%esp)
0x06ff99dd:  e8 50 5d ff ff           calll    0x6fef732

----------------
IN: 
0x06ff99f2:  b3 b0                    movb     $0xb0, %bl
0x06ff99f4:  88 d8                    movb     %bl, %al
0x06ff99f6:  8d 55 06                 leal     6(%ebp), %edx
0x06ff99f9:  ee                       outb     %al, %dx

----------------
IN: 
0x000ed1e2:  b1 b0                    movb     $0xb0, %cl
0x000ed1e4:  09 c1                    orl      %eax, %ecx
0x000ed1e6:  8d 55 06                 leal     6(%ebp), %edx
0x000ed1e9:  ec                       inb      %dx, %al

----------------
IN: 
0x06fef724:  b0 08                    movb     $8, %al
0x06fef726:  89 da                    movl     %ebx, %edx
0x06fef728:  ee                       outb     %al, %dx

----------------
IN: 
0x06ff9b3d:  8d 55 07                 leal     7(%ebp), %edx
0x06ff9b40:  ec                       inb      %dx, %al

----------------
IN: 
0x06ff9b41:  84 c0                    testb    %al, %al
0x06ff9b43:  0f 84 fe 00 00 00        je       0x6ff9c47

----------------
IN: 
0x06ff9c47:  be 01 00 00 00           movl     $1, %esi
0x06ff9c4c:  e9 49 01 00 00           jmp      0x6ff9d9a

----------------
IN: 
0x06ff9d9a:  80 7c 24 03 01           cmpb     $1, 3(%esp)
0x06ff9d9f:  74 0a                    je       0x6ff9dab

----------------
IN: 
0x06ff9dab:  81 c4 74 02 00 00        addl     $0x274, %esp
0x06ff9db1:  5b                       popl     %ebx
0x06ff9db2:  5e                       popl     %esi
0x06ff9db3:  5f                       popl     %edi
0x06ff9db4:  5d                       popl     %ebp
0x06ff9db5:  c3                       retl     

----------------
IN: 
0x06fee96a:  89 d8                    movl     %ebx, %eax
0x06fee96c:  8b 5b 04                 movl     4(%ebx), %ebx
0x06fee96f:  8b 25 a8 61 0f 00        movl     0xf61a8, %esp
0x06fee975:  e8 59 fb ff ff           calll    0x6fee4d3

----------------
IN: 
0x06fee4d3:  89 c1                    movl     %eax, %ecx
0x06fee4d5:  8d 40 04                 leal     4(%eax), %eax
0x06fee4d8:  e8 e3 da ff ff           calll    0x6febfc0

----------------
IN: 
0x06fee4dd:  89 c8                    movl     %ecx, %eax
0x06fee4df:  e8 6d ff ff ff           calll    0x6fee451

----------------
IN: 
0x06fee4e4:  81 3d ac 61 0f 00 ac 61  cmpl     $0xf61ac, 0xf61ac
0x06fee4ec:  0f 00
0x06fee4ee:  75 0b                    jne      0x6fee4fb

----------------
IN: 
0x06fee4fb:  c3                       retl     

----------------
IN: 
0x06fee97a:  8b 63 fc                 movl     -4(%ebx), %esp
0x06fee97d:  5d                       popl     %ebp
0x06fee97e:  c3                       retl     

----------------
IN: 
0x000ed1a7:  b8 fc ff ff ff           movl     $0xfffffffc, %eax
0x000ed1ac:  c3                       retl     

----------------
IN: 
0x06ff9b49:  e9 cd 00 00 00           jmp      0x6ff9c1b

----------------
IN: 
0x06ff9c1b:  8b 4c 24 04              movl     4(%esp), %ecx
0x06ff9c1f:  ba 40 00 00 00           movl     $0x40, %edx
0x06ff9c24:  b8 40 00 00 00           movl     $0x40, %eax
0x06ff9c29:  e8 c3 34 0f f9           calll    0xed0f1

----------------
IN: 
0x06ff9c2e:  40                       incl     %eax
0x06ff9c2f:  74 16                    je       0x6ff9c47

----------------
IN: 
0x06ff9c31:  b9 ec 00 00 00           movl     $0xec, %ecx
0x06ff9c36:  8d 54 24 74              leal     0x74(%esp), %edx
0x06ff9c3a:  8d 44 24 40              leal     0x40(%esp), %eax
0x06ff9c3e:  e8 48 5a ff ff           calll    0x6fef68b

----------------
IN: 
0x06ff9c43:  85 c0                    testl    %eax, %eax
0x06ff9c45:  74 0a                    je       0x6ff9c51

----------------
IN: 
0x06ff9c51:  8d 54 24 74              leal     0x74(%esp), %edx
0x06ff9c55:  8d 44 24 40              leal     0x40(%esp), %eax
0x06ff9c59:  e8 4b 51 ff ff           calll    0x6feeda9

----------------
IN: 
0x06ff9c5e:  89 c3                    movl     %eax, %ebx
0x06ff9c60:  85 c0                    testl    %eax, %eax
0x06ff9c62:  74 e3                    je       0x6ff9c47

----------------
IN: 
0x06ff9c64:  c6 00 20                 movb     $0x20, (%eax)
0x06ff9c67:  66 c7 40 1a 00 02        movw     $0x200, 0x1a(%eax)
0x06ff9c6d:  66 8b 44 24 76           movw     0x76(%esp), %ax
0x06ff9c72:  66 89 43 1e              movw     %ax, 0x1e(%ebx)
0x06ff9c76:  66 8b 44 24 7a           movw     0x7a(%esp), %ax
0x06ff9c7b:  66 89 43 1c              movw     %ax, 0x1c(%ebx)
0x06ff9c7f:  8b 84 24 80 00 00 00     movl     0x80(%esp), %eax
0x06ff9c86:  66 89 43 20              movw     %ax, 0x20(%ebx)
0x06ff9c8a:  f6 84 24 1b 01 00 00 04  testb    $4, 0x11b(%esp)
0x06ff9c92:  74 10                    je       0x6ff9ca4

----------------
IN: 
0x06ff9c94:  8b 84 24 3c 01 00 00     movl     0x13c(%esp), %eax
0x06ff9c9b:  8b 94 24 40 01 00 00     movl     0x140(%esp), %edx
0x06ff9ca2:  eb 09                    jmp      0x6ff9cad

----------------
IN: 
0x06ff9cad:  89 43 0c                 movl     %eax, 0xc(%ebx)
0x06ff9cb0:  89 53 10                 movl     %edx, 0x10(%ebx)
0x06ff9cb3:  89 c6                    movl     %eax, %esi
0x06ff9cb5:  89 d7                    movl     %edx, %edi
0x06ff9cb7:  0f ac fe 0b              shrdl    $0xb, %edi, %esi
0x06ff9cbb:  c1 ef 0b                 shrl     $0xb, %edi
0x06ff9cbe:  89 74 24 04              movl     %esi, 4(%esp)
0x06ff9cc2:  89 7c 24 08              movl     %edi, 8(%esp)
0x06ff9cc6:  b9 ff ff 00 00           movl     $0xffff, %ecx
0x06ff9ccb:  3b 4c 24 04              cmpl     4(%esp), %ecx
0x06ff9ccf:  b9 00 00 00 00           movl     $0, %ecx
0x06ff9cd4:  1b 4c 24 08              sbbl     8(%esp), %ecx
0x06ff9cd8:  bd 4d 00 00 00           movl     $0x4d, %ebp
0x06ff9cdd:  73 14                    jae      0x6ff9cf3

----------------
IN: 
0x06ff9cf3:  8d 44 24 74              leal     0x74(%esp), %eax
0x06ff9cf7:  e8 cf 25 ff ff           calll    0x6fec2cb

----------------
IN: 
0x06ff9cfc:  89 c7                    movl     %eax, %edi
0x06ff9cfe:  8d 44 24 17              leal     0x17(%esp), %eax
0x06ff9d02:  8d 54 24 74              leal     0x74(%esp), %edx
0x06ff9d06:  e8 ad 35 ff ff           calll    0x6fed2b8

----------------
IN: 
0x06ff9d0b:  89 e9                    movl     %ebp, %ecx
0x06ff9d0d:  0f be e9                 movsbl   %cl, %ebp
0x06ff9d10:  55                       pushl    %ebp
0x06ff9d11:  ff 74 24 08              pushl    8(%esp)
0x06ff9d15:  57                       pushl    %edi
0x06ff9d16:  50                       pushl    %eax
0x06ff9d17:  0f b6 43 30              movzbl   0x30(%ebx), %eax
0x06ff9d1b:  50                       pushl    %eax
0x06ff9d1c:  8b 43 2c                 movl     0x2c(%ebx), %eax
0x06ff9d1f:  0f b6 40 08              movzbl   8(%eax), %eax
0x06ff9d23:  50                       pushl    %eax
0x06ff9d24:  68 d6 30 0f 00           pushl    $0xf30d6
0x06ff9d29:  6a 50                    pushl    $0x50
0x06ff9d2b:  e8 92 a3 ff ff           calll    0x6ff40c2

----------------
IN: 
0x000ec788:  8b 03                    movl     (%ebx), %eax
0x000ec78a:  84 d2                    testb    %dl, %dl
0x000ec78c:  75 05                    jne      0xec793

----------------
IN: 
0x000ec78e:  83 c3 04                 addl     $4, %ebx
0x000ec791:  eb 03                    jmp      0xec796

----------------
IN: 
0x000ec796:  89 c2                    movl     %eax, %edx
0x000ec798:  89 e8                    movl     %ebp, %eax
0x000ec79a:  e8 a1 da ff ff           calll    0xea240

----------------
IN: 
0x06ff9d30:  89 c6                    movl     %eax, %esi
0x06ff9d32:  83 c4 20                 addl     $0x20, %esp
0x06ff9d35:  50                       pushl    %eax
0x06ff9d36:  68 d2 30 0f 00           pushl    $0xf30d2
0x06ff9d3b:  e8 99 31 0f f9           calll    0xeced9

----------------
IN: 
0x06ff9d40:  8b 43 2c                 movl     0x2c(%ebx), %eax
0x06ff9d43:  0f b6 4b 30              movzbl   0x30(%ebx), %ecx
0x06ff9d47:  0f b6 50 07              movzbl   7(%eax), %edx
0x06ff9d4b:  8b 40 10                 movl     0x10(%eax), %eax
0x06ff9d4e:  e8 ff a1 ff ff           calll    0x6ff3f52

----------------
IN: 
0x06ff9d53:  89 c7                    movl     %eax, %edi
0x06ff9d55:  8b 43 2c                 movl     0x2c(%ebx), %eax
0x06ff9d58:  0f b6 4b 30              movzbl   0x30(%ebx), %ecx
0x06ff9d5c:  0f b6 50 07              movzbl   7(%eax), %edx
0x06ff9d60:  8b 40 10                 movl     0x10(%eax), %eax
0x06ff9d63:  8d 6b 02                 leal     2(%ebx), %ebp
0x06ff9d66:  55                       pushl    %ebp
0x06ff9d67:  e8 eb a2 ff ff           calll    0x6ff4057

----------------
IN: 
0x06ff9d6c:  89 f9                    movl     %edi, %ecx
0x06ff9d6e:  89 f2                    movl     %esi, %edx
0x06ff9d70:  89 d8                    movl     %ebx, %eax
0x06ff9d72:  e8 85 4e ff ff           calll    0x6feebfc

----------------
IN: 
0x06feebfc:  53                       pushl    %ebx
0x06feebfd:  89 c3                    movl     %eax, %ebx
0x06feebff:  89 d0                    movl     %edx, %eax
0x06feec01:  8b 15 48 fe ff 06        movl     0x6fffe48, %edx
0x06feec07:  85 c9                    testl    %ecx, %ecx
0x06feec09:  78 02                    js       0x6feec0d

----------------
IN: 
0x06feec0d:  50                       pushl    %eax
0x06feec0e:  89 d9                    movl     %ebx, %ecx
0x06feec10:  b8 02 00 00 00           movl     $2, %eax
0x06feec15:  e8 3a ff ff ff           calll    0x6feeb54

----------------
IN: 
0x06feec1a:  58                       popl     %eax
0x06feec1b:  5b                       popl     %ebx
0x06feec1c:  c3                       retl     

----------------
IN: 
0x06ff9d77:  83 c4 0c                 addl     $0xc, %esp
0x06ff9d7a:  80 7c 24 03 00           cmpb     $0, 3(%esp)
0x06ff9d7f:  75 2a                    jne      0x6ff9dab

----------------
IN: 
0x06ff22cc:  0f b6 45 00              movzbl   (%ebp), %eax
0x06ff22d0:  ba c8 00 00 00           movl     $0xc8, %edx
0x06ff22d5:  e8 1a ff ff ff           calll    0x6ff21f4

----------------
IN: 
0x06ff22da:  f7 d8                    negl     %eax
0x06ff22dc:  19 db                    sbbl     %ebx, %ebx
0x06ff22de:  eb 22                    jmp      0x6ff2302

----------------
IN: 
0x06ff2455:  85 c0                    testl    %eax, %eax
0x06ff2457:  75 22                    jne      0x6ff247b

----------------
IN: 
0x06ff2459:  c6 05 4c 99 0e 00 61     movb     $0x61, 0xe994c
0x06ff2460:  31 d2                    xorl     %edx, %edx
0x06ff2462:  b8 f4 00 00 00           movl     $0xf4, %eax
0x06ff2467:  e8 be fd ff ff           calll    0x6ff222a

----------------
IN: 
0x000ff3b6:  67 66 8d 6b 05           leal     5(%ebx), %ebp
0x000ff3bb:  66 89 ea                 movl     %ebp, %edx
0x000ff3be:  ec                       inb      %dx, %al

----------------
IN: 
0x000ff3bf:  fe c0                    incb     %al
0x000ff3c1:  0f 84 3f 01              je       0xff504

----------------
IN: 
0x000ff3c5:  66 e8 8d 96 ff ff        calll    0xf8a58

----------------
IN: 
0x000f8abe:  66 89 f8                 movl     %edi, %eax
0x000f8ac1:  84 c0                    testb    %al, %al
0x000f8ac3:  74 10                    je       0xf8ad5

----------------
IN: 
0x000f8ad5:  8e c3                    movw     %bx, %es
0x000f8ad7:  26 a0 6e f1              movb     %es:0xf16e, %al
0x000f8adb:  66 89 f1                 movl     %esi, %ecx
0x000f8ade:  38 c1                    cmpb     %al, %cl
0x000f8ae0:  73 26                    jae      0xf8b08

----------------
IN: 
0x000f8b08:  26 a0 6f f1              movb     %es:0xf16f, %al
0x000f8b0c:  84 c0                    testb    %al, %al
0x000f8b0e:  74 15                    je       0xf8b25

----------------
IN: 
0x000f8b10:  66 b8 0d 00 00 00        movl     $0xd, %eax
0x000f8b16:  66 e8 bf 64 00 00        calll    0xfefdb

----------------
IN: 
0x000f8b1c:  8e c3                    movw     %bx, %es
0x000f8b1e:  66 89 f8                 movl     %edi, %eax
0x000f8b21:  26 a2 6f f1              movb     %al, %es:0xf16f
0x000f8b25:  8e c3                    movw     %bx, %es
0x000f8b27:  26 a0 6e f1              movb     %es:0xf16e, %al
0x000f8b2b:  66 89 f2                 movl     %esi, %edx
0x000f8b2e:  38 d0                    cmpb     %dl, %al
0x000f8b30:  73 1a                    jae      0xf8b4c

----------------
IN: 
0x000f8b32:  66 b8 0a 00 00 00        movl     $0xa, %eax
0x000f8b38:  66 e8 9d 64 00 00        calll    0xfefdb

----------------
IN: 
0x000f8b3e:  8e c3                    movw     %bx, %es
0x000f8b40:  26 a0 6e f1              movb     %es:0xf16e, %al
0x000f8b44:  66 40                    incl     %eax
0x000f8b46:  26 a2 6e f1              movb     %al, %es:0xf16e
0x000f8b4a:  eb d9                    jmp      0xf8b25

----------------
IN: 
0x000f8b25:  8e c3                    movw     %bx, %es
0x000f8b27:  26 a0 6e f1              movb     %es:0xf16e, %al
0x000f8b2b:  66 89 f2                 movl     %esi, %edx
0x000f8b2e:  38 d0                    cmpb     %dl, %al
0x000f8b30:  73 1a                    jae      0xf8b4c

----------------
IN: 
0x000f8b4c:  38 c2                    cmpb     %al, %dl
0x000f8b4e:  75 92                    jne      0xf8ae2

----------------
IN: 
0x000f8b50:  26 a0 6f f1              movb     %es:0xf16f, %al
0x000f8b54:  84 c0                    testb    %al, %al
0x000f8b56:  75 8a                    jne      0xf8ae2

----------------
IN: 
0x000ff3cb:  66 31 ff                 xorl     %edi, %edi
0x000ff3ce:  66 89 ea                 movl     %ebp, %edx
0x000ff3d1:  ec                       inb      %dx, %al

----------------
IN: 
0x000ff3d2:  a8 01                    testb    $1, %al
0x000ff3d4:  0f 84 8e 00              je       0xff466

----------------
IN: 
0x000ff466:  8e c6                    movw     %si, %es
0x000ff468:  26 a0 59 f1              movb     %es:0xf159, %al
0x000ff46c:  84 c0                    testb    %al, %al
0x000ff46e:  75 8f                    jne      0xff3ff

----------------
IN: 
0x000ff470:  e9 91 00                 jmp      0xff504

----------------
IN: 
0x06fee1bf:  eb ed                    jmp      0x6fee1ae

----------------
IN: 
0x06ff246c:  85 c0                    testl    %eax, %eax
0x06ff246e:  75 0b                    jne      0x6ff247b

----------------
IN: 
0x06ff2470:  68 b1 1c 0f 00           pushl    $0xf1cb1
0x06ff2475:  e8 5f aa 0f f9           calll    0xeced9

----------------
IN: 
0x06ff247a:  5a                       popl     %edx
0x06ff247b:  58                       popl     %eax
0x06ff247c:  5b                       popl     %ebx
0x06ff247d:  5e                       popl     %esi
0x06ff247e:  5f                       popl     %edi
0x06ff247f:  c3                       retl     

----------------
IN: 
0x06fee4f0:  68 81 0f 0f 00           pushl    $0xf0f81
0x06fee4f5:  e8 df e9 0f f9           calll    0xeced9

----------------
IN: 
0x06fee4fa:  58                       popl     %eax
0x06fee4fb:  c3                       retl     

----------------
IN: 
0x06fee1c1:  c3                       retl     

----------------
IN: 
0x06ffbed9:  e8 4a 98 ff ff           calll    0x6ff5728

----------------
IN: 
0x06ff5728:  57                       pushl    %edi
0x06ff5729:  8d 7c 24 08              leal     8(%esp), %edi
0x06ff572d:  83 e4 f8                 andl     $0xfffffff8, %esp
0x06ff5730:  ff 77 fc                 pushl    -4(%edi)
0x06ff5733:  55                       pushl    %ebp
0x06ff5734:  89 e5                    movl     %esp, %ebp
0x06ff5736:  57                       pushl    %edi
0x06ff5737:  56                       pushl    %esi
0x06ff5738:  53                       pushl    %ebx
0x06ff5739:  81 ec 14 03 00 00        subl     $0x314, %esp
0x06ff573f:  68 e8 25 0f 00           pushl    $0xf25e8
0x06ff5744:  e8 90 77 0f f9           calll    0xeced9

----------------
IN: 
0x06ff5749:  b9 00 03 00 00           movl     $0x300, %ecx
0x06ff574e:  31 d2                    xorl     %edx, %edx
0x06ff5750:  8d 85 f0 fc ff ff        leal     -0x310(%ebp), %eax
0x06ff5756:  e8 75 5f 0f f9           calll    0xeb6d0

----------------
IN: 
0x06ff575b:  8b 1d 60 fe ff 06        movl     0x6fffe60, %ebx
0x06ff5761:  a1 f8 fd ff 06           movl     0x6fffdf8, %eax
0x06ff5766:  8d 70 fc                 leal     -4(%eax), %esi
0x06ff5769:  59                       popl     %ecx
0x06ff576a:  83 fe fc                 cmpl     $-4, %esi
0x06ff576d:  74 28                    je       0x6ff5797

----------------
IN: 
0x06ff576f:  8b 46 14                 movl     0x14(%esi), %eax
0x06ff5772:  24 7f                    andb     $0x7f, %al
0x06ff5774:  66 3d 00 03              cmpw     $0x300, %ax
0x06ff5778:  74 15                    je       0x6ff578f

----------------
IN: 
0x06ff577a:  83 7e 1c 00              cmpl     $0, 0x1c(%esi)
0x06ff577e:  75 0f                    jne      0x6ff578f

----------------
IN: 
0x06ff5780:  8d 8d f0 fc ff ff        leal     -0x310(%ebp), %ecx
0x06ff5786:  31 d2                    xorl     %edx, %edx
0x06ff5788:  89 f0                    movl     %esi, %eax
0x06ff578a:  e8 72 fe ff ff           calll    0x6ff5601

----------------
IN: 
0x06fefdaf:  89 e9                    movl     %ebp, %ecx
0x06fefdb1:  ba 30 00 00 00           movl     $0x30, %edx
0x06fefdb6:  89 f0                    movl     %esi, %eax
0x06fefdb8:  e8 37 a6 0f f9           calll    0xea3f4

----------------
IN: 
0x06fefdbd:  31 db                    xorl     %ebx, %ebx
0x06fefdbf:  89 d8                    movl     %ebx, %eax
0x06fefdc1:  5a                       popl     %edx
0x06fefdc2:  5b                       popl     %ebx
0x06fefdc3:  5e                       popl     %esi
0x06fefdc4:  5f                       popl     %edi
0x06fefdc5:  5d                       popl     %ebp
0x06fefdc6:  c3                       retl     

----------------
IN: 
0x06ff578f:  8b 76 04                 movl     4(%esi), %esi
0x06ff5792:  83 ee 04                 subl     $4, %esi
0x06ff5795:  eb d3                    jmp      0x6ff576a

----------------
IN: 
0x06ff576a:  83 fe fc                 cmpl     $-4, %esi
0x06ff576d:  74 28                    je       0x6ff5797

----------------
IN: 
0x06fec3be:  89 c8                    movl     %ecx, %eax
0x06fec3c0:  83 c0 10                 addl     $0x10, %eax
0x06fec3c3:  89 43 08                 movl     %eax, 8(%ebx)
0x06fec3c6:  89 d0                    movl     %edx, %eax
0x06fec3c8:  eb 02                    jmp      0x6fec3cc

----------------
IN: 
0x06ff5697:  83 7c 24 04 00           cmpl     $0, 4(%esp)
0x06ff569c:  74 18                    je       0x6ff56b6

----------------
IN: 
0x06ff569e:  8d 90 00 00 f4 ff        leal     -0xc0000(%eax), %edx
0x06ff56a4:  c1 ea 0b                 shrl     $0xb, %edx
0x06ff56a7:  8b 4c 24 04              movl     4(%esp), %ecx
0x06ff56ab:  89 1c d1                 movl     %ebx, (%ecx, %edx, 8)
0x06ff56ae:  c7 44 d1 04 02 00 00 00  movl     $2, 4(%ecx, %edx, 8)
0x06ff56b6:  0f b7 13                 movzwl   (%ebx), %edx
0x06ff56b9:  8b 0c 24                 movl     (%esp), %ecx
0x06ff56bc:  89 44 24 04              movl     %eax, 4(%esp)
0x06ff56c0:  e8 e9 fd ff ff           calll    0x6ff54ae

----------------
IN: 
0x06ff5555:  0f b7 43 1a              movzwl   0x1a(%ebx), %eax
0x06ff5559:  81 3c 03 24 50 6e 50     cmpl     $0x506e5024, (%ebx, %eax)
0x06ff5560:  75 0f                    jne      0x6ff5571

----------------
IN: 
0x000ca003:  e9 a2 00                 jmp      0xca0a8

----------------
IN: 
0x000ca0a8:  60                       pushaw   
0x000ca0a9:  1e                       pushw    %ds
0x000ca0aa:  06                       pushw    %es
0x000ca0ab:  0f a0                    pushw    %fs
0x000ca0ad:  0f a8                    pushw    %gs
0x000ca0af:  fc                       cld      
0x000ca0b0:  0e                       pushw    %cs
0x000ca0b1:  1f                       popw     %ds
0x000ca0b2:  be 27 03                 movw     $0x327, %si
0x000ca0b5:  31 ff                    xorw     %di, %di
0x000ca0b7:  e8 4d 04                 callw    0xca507

----------------
IN: 
0x000ca507:  50                       pushw    %ax
0x000ca508:  ac                       lodsb    (%si), %al
0x000ca509:  84 c0                    testb    %al, %al
0x000ca50b:  74 05                    je       0xca512

----------------
IN: 
0x000ca50d:  e8 d0 ff                 callw    0xca4e0

----------------
IN: 
0x000ca4e0:  50                       pushw    %ax
0x000ca4e1:  53                       pushw    %bx
0x000ca4e2:  55                       pushw    %bp
0x000ca4e3:  85 ff                    testw    %di, %di
0x000ca4e5:  74 05                    je       0xca4ec

----------------
IN: 
0x000ca4ec:  bb 07 00                 movw     $7, %bx
0x000ca4ef:  b4 0e                    movb     $0xe, %ah
0x000ca4f1:  3c 0a                    cmpb     $0xa, %al
0x000ca4f3:  75 04                    jne      0xca4f9

----------------
IN: 
0x000ca4f5:  cd 10                    int      $0x10

----------------
IN: 
0x000ca4f7:  b0 0d                    movb     $0xd, %al
0x000ca4f9:  cd 10                    int      $0x10

----------------
IN: 
0x000ca4fb:  5d                       popw     %bp
0x000ca4fc:  5b                       popw     %bx
0x000ca4fd:  58                       popw     %ax
0x000ca4fe:  c3                       retw     

----------------
IN: 
0x000ca510:  eb f6                    jmp      0xca508

----------------
IN: 
0x000ca508:  ac                       lodsb    (%si), %al
0x000ca509:  84 c0                    testb    %al, %al
0x000ca50b:  74 05                    je       0xca512

----------------
IN: 
0x000ca4f9:  cd 10                    int      $0x10

----------------
IN: 
0x000f8a9b:  66 e8 49 e2 ff ff        calll    0xf6cea

----------------
IN: 
0x000ca512:  58                       popw     %ax
0x000ca513:  c3                       retw     

----------------
IN: 
0x000ca0ba:  8e eb                    movw     %bx, %gs
0x000ca0bc:  31 ff                    xorw     %di, %di
0x000ca0be:  e8 3e 04                 callw    0xca4ff

----------------
IN: 
0x000ca4ff:  50                       pushw    %ax
0x000ca500:  b0 20                    movb     $0x20, %al
0x000ca502:  e8 db ff                 callw    0xca4e0

----------------
IN: 
0x000ca505:  58                       popw     %ax
0x000ca506:  c3                       retw     

----------------
IN: 
0x000ca0c1:  a3 7a 03                 movw     %ax, 0x37a
0x000ca0c4:  e8 75 04                 callw    0xca53c

----------------
IN: 
0x000ca53c:  50                       pushw    %ax
0x000ca53d:  86 c4                    xchgb    %al, %ah
0x000ca53f:  e8 e4 ff                 callw    0xca526

----------------
IN: 
0x000ca526:  c0 c8 04                 rorb     $4, %al
0x000ca529:  e8 03 00                 callw    0xca52f

----------------
IN: 
0x000ca52f:  50                       pushw    %ax
0x000ca530:  24 0f                    andb     $0xf, %al
0x000ca532:  3c 0a                    cmpb     $0xa, %al
0x000ca534:  1c 69                    sbbb     $0x69, %al
0x000ca536:  2f                       das      
0x000ca537:  e8 a6 ff                 callw    0xca4e0

----------------
IN: 
0x000ca53a:  58                       popw     %ax
0x000ca53b:  c3                       retw     

----------------
IN: 
0x000ca52c:  c0 c8 04                 rorb     $4, %al
0x000ca52f:  50                       pushw    %ax
0x000ca530:  24 0f                    andb     $0xf, %al
0x000ca532:  3c 0a                    cmpb     $0xa, %al
0x000ca534:  1c 69                    sbbb     $0x69, %al
0x000ca536:  2f                       das      
0x000ca537:  e8 a6 ff                 callw    0xca4e0

----------------
IN: 
0x000ca542:  b0 3a                    movb     $0x3a, %al
0x000ca544:  e8 99 ff                 callw    0xca4e0

----------------
IN: 
0x000ca547:  88 e0                    movb     %ah, %al
0x000ca549:  c0 e8 03                 shrb     $3, %al
0x000ca54c:  e8 d7 ff                 callw    0xca526

----------------
IN: 
0x000ca54f:  b0 2e                    movb     $0x2e, %al
0x000ca551:  e8 8c ff                 callw    0xca4e0

----------------
IN: 
0x000ca554:  88 e0                    movb     %ah, %al
0x000ca556:  24 07                    andb     $7, %al
0x000ca558:  e8 d4 ff                 callw    0xca52f

----------------
IN: 
0x000ca55b:  58                       popw     %ax
0x000ca55c:  c3                       retw     

----------------
IN: 
0x000ca0c7:  bf 7b 00                 movw     $0x7b, %di
0x000ca0ca:  e8 6f 04                 callw    0xca53c

----------------
IN: 
0x000ca4e7:  88 05                    movb     %al, (%di)
0x000ca4e9:  47                       incw     %di
0x000ca4ea:  eb 0f                    jmp      0xca4fb

----------------
IN: 
0x000ca0cd:  c6 06 75 00 20           movb     $0x20, 0x75
0x000ca0d2:  31 ff                    xorw     %di, %di
0x000ca0d4:  e8 28 04                 callw    0xca4ff

----------------
IN: 
0x000ca0d7:  8c c8                    movw     %cs, %ax
0x000ca0d9:  e8 43 04                 callw    0xca51f

----------------
IN: 
0x000ca51f:  86 c4                    xchgb    %al, %ah
0x000ca521:  e8 02 00                 callw    0xca526

----------------
IN: 
0x000ca524:  86 c4                    xchgb    %al, %ah
0x000ca526:  c0 c8 04                 rorb     $4, %al
0x000ca529:  e8 03 00                 callw    0xca52f

----------------
IN: 
0x000ca0dc:  66 53                    pushl    %ebx
0x000ca0de:  66 52                    pushl    %edx
0x000ca0e0:  66 57                    pushl    %edi
0x000ca0e2:  f9                       stc      
0x000ca0e3:  b8 01 b1                 movw     $0xb101, %ax
0x000ca0e6:  cd 1a                    int      $0x1a

----------------
IN: 
0x000ffe6e:  80 fc b1                 cmpb     $0xb1, %ah
0x000ffe71:  0f 84 92 d3              je       0xfd207

----------------
IN: 
0x000fd207:  fa                       cli      
0x000fd208:  fc                       cld      
0x000fd209:  66 50                    pushl    %eax
0x000fd20b:  66 51                    pushl    %ecx
0x000fd20d:  66 52                    pushl    %edx
0x000fd20f:  66 53                    pushl    %ebx
0x000fd211:  66 55                    pushl    %ebp
0x000fd213:  66 56                    pushl    %esi
0x000fd215:  66 57                    pushl    %edi
0x000fd217:  06                       pushw    %es
0x000fd218:  1e                       pushw    %ds
0x000fd219:  8c d0                    movw     %ss, %ax
0x000fd21b:  8e d8                    movw     %ax, %ds
0x000fd21d:  66 89 e3                 movl     %esp, %ebx
0x000fd220:  66 0f b7 e4              movzwl   %sp, %esp
0x000fd224:  66 89 e0                 movl     %esp, %eax
0x000fd227:  66 e8 2a f9 ff ff        calll    0xfcb57

----------------
IN: 
0x000fcb57:  66 55                    pushl    %ebp
0x000fcb59:  66 57                    pushl    %edi
0x000fcb5b:  66 56                    pushl    %esi
0x000fcb5d:  66 53                    pushl    %ebx
0x000fcb5f:  66 89 c3                 movl     %eax, %ebx
0x000fcb62:  67 8a 40 1c              movb     0x1c(%eax), %al
0x000fcb66:  3c 0a                    cmpb     $0xa, %al
0x000fcb68:  0f 84 2d 02              je       0xfcd99

----------------
IN: 
0x000fcb6c:  0f 87 81 00              ja       0xfcbf1

----------------
IN: 
0x000fcb70:  66 89 de                 movl     %ebx, %esi
0x000fcb73:  3c 03                    cmpb     $3, %al
0x000fcb75:  0f 84 5e 01              je       0xfccd7

----------------
IN: 
0x000fcb79:  77 2e                    ja       0xfcba9

----------------
IN: 
0x000fcb7b:  3c 01                    cmpb     $1, %al
0x000fcb7d:  0f 84 c4 00              je       0xfcc45

----------------
IN: 
0x000fcc45:  67 c7 43 10 10 02        movw     $0x210, 0x10(%ebx)
0x000fcc4b:  2e 66 a1 cc 55           movl     %cs:0x55cc, %eax
0x000fcc50:  67 88 43 18              movb     %al, 0x18(%ebx)
0x000fcc54:  67 66 c7 43 14 50 43 49  movl     $0x20494350, 0x14(%ebx)
0x000fcc5c:  20
0x000fcc5d:  67 66 c7 43 04 d9 d1 0f  movl     $0xfd1d9, 4(%ebx)
0x000fcc65:  00
0x000fcc66:  eb 04                    jmp      0xfcc6c

----------------
IN: 
0x000fcc6c:  66 89 f0                 movl     %esi, %eax
0x000fcc6f:  e9 31 02                 jmp      0xfcea3

----------------
IN: 
0x000fcea3:  66 5b                    popl     %ebx
0x000fcea5:  66 5e                    popl     %esi
0x000fcea7:  66 5f                    popl     %edi
0x000fcea9:  66 5d                    popl     %ebp
0x000fceab:  e9 b1 9c                 jmp      0xf6b5f

----------------
IN: 
0x000f6b5f:  67 c6 40 1d 00           movb     $0, 0x1d(%eax)
0x000f6b64:  67 83 60 24 fe           andw     $0xfffe, 0x24(%eax)
0x000f6b69:  66 c3                    retl     

----------------
IN: 
0x000fd22d:  66 89 dc                 movl     %ebx, %esp
0x000fd230:  1f                       popw     %ds
0x000fd231:  07                       popw     %es
0x000fd232:  66 5f                    popl     %edi
0x000fd234:  66 5e                    popl     %esi
0x000fd236:  66 5d                    popl     %ebp
0x000fd238:  66 5b                    popl     %ebx
0x000fd23a:  66 5a                    popl     %edx
0x000fd23c:  66 59                    popl     %ecx
0x000fd23e:  66 58                    popl     %eax
0x000fd240:  cf                       iretw    

----------------
IN: 
0x000ca0e8:  72 56                    jb       0xca140

----------------
IN: 
0x000ca0ea:  66 81 fa 50 43 49 20     cmpl     $0x20494350, %edx
0x000ca0f1:  75 4d                    jne      0xca140

----------------
IN: 
0x000ca0f3:  84 e4                    testb    %ah, %ah
0x000ca0f5:  75 49                    jne      0xca140

----------------
IN: 
0x000ca0f7:  be 41 03                 movw     $0x341, %si
0x000ca0fa:  31 ff                    xorw     %di, %di
0x000ca0fc:  e8 08 04                 callw    0xca507

----------------
IN: 
0x000ca0ff:  88 f8                    movb     %bh, %al
0x000ca101:  e8 2b 04                 callw    0xca52f

----------------
IN: 
0x000ca104:  b0 2e                    movb     $0x2e, %al
0x000ca106:  e8 d7 03                 callw    0xca4e0

----------------
IN: 
0x000ca109:  88 d8                    movb     %bl, %al
0x000ca10b:  e8 18 04                 callw    0xca526

----------------
IN: 
0x000ca10e:  80 ff 03                 cmpb     $3, %bh
0x000ca111:  72 2d                    jb       0xca140

----------------
IN: 
0x000ca140:  0e                       pushw    %cs
0x000ca141:  0f a9                    popw     %gs
0x000ca143:  66 5f                    popl     %edi
0x000ca145:  66 5a                    popl     %edx
0x000ca147:  66 5b                    popl     %ebx
0x000ca149:  bb ff ef                 movw     $0xefff, %bx
0x000ca14c:  43                       incw     %bx
0x000ca14d:  74 2a                    je       0xca179

----------------
IN: 
0x000ca14f:  8e c3                    movw     %bx, %es
0x000ca151:  26 66 81 3e 00 00 24 50  cmpl     $0x506e5024, %es:0
0x000ca159:  6e 50
0x000ca15b:  75 ef                    jne      0xca14c

----------------
IN: 
0x000ca14c:  43                       incw     %bx
0x000ca14d:  74 2a                    je       0xca179

----------------
IN: 
0x000ca15d:  31 d2                    xorw     %dx, %dx
0x000ca15f:  31 f6                    xorw     %si, %si
0x000ca161:  26 0f b6 0e 05 00        movzbw   %es:5, %cx
0x000ca167:  26 ac                    lodsb    %es:(%si), %al
0x000ca169:  00 c2                    addb     %al, %dl
0x000ca16b:  e2 fa                    loop     0xca167

----------------
IN: 
0x000ca167:  26 ac                    lodsb    %es:(%si), %al
0x000ca169:  00 c2                    addb     %al, %dl
0x000ca16b:  e2 fa                    loop     0xca167

----------------
IN: 
0x000ca16d:  75 dd                    jne      0xca14c

----------------
IN: 
0x000ca16f:  be 46 03                 movw     $0x346, %si
0x000ca172:  31 ff                    xorw     %di, %di
0x000ca174:  e8 90 03                 callw    0xca507

----------------
IN: 
0x000ca177:  eb 00                    jmp      0xca179

----------------
IN: 
0x000ca179:  bb ff df                 movw     $0xdfff, %bx
0x000ca17c:  43                       incw     %bx
0x000ca17d:  0f 84 ad 00              je       0xca22e

----------------
IN: 
0x000ca181:  8e c3                    movw     %bx, %es
0x000ca183:  26 66 81 3e 00 00 24 50  cmpl     $0x4d4d5024, %es:0
0x000ca18b:  4d 4d
0x000ca18d:  75 ed                    jne      0xca17c

----------------
IN: 
0x000ca17c:  43                       incw     %bx
0x000ca17d:  0f 84 ad 00              je       0xca22e

----------------
IN: 
0x000ca18f:  31 d2                    xorw     %dx, %dx
0x000ca191:  31 f6                    xorw     %si, %si
0x000ca193:  26 0f b6 0e 05 00        movzbw   %es:5, %cx
0x000ca199:  26 ac                    lodsb    %es:(%si), %al
0x000ca19b:  00 c2                    addb     %al, %dl
0x000ca19d:  e2 fa                    loop     0xca199

----------------
IN: 
0x000ca199:  26 ac                    lodsb    %es:(%si), %al
0x000ca19b:  00 c2                    addb     %al, %dl
0x000ca19d:  e2 fa                    loop     0xca199

----------------
IN: 
0x000ca19f:  75 db                    jne      0xca17c

----------------
IN: 
0x000ca1a1:  be 4b 03                 movw     $0x34b, %si
0x000ca1a4:  31 ff                    xorw     %di, %di
0x000ca1a6:  e8 5e 03                 callw    0xca507

----------------
IN: 
0x000ca1a9:  66 60                    pushal   
0x000ca1ab:  66 0f b6 0e 02 00        movzbl   2, %ecx
0x000ca1b1:  03 0e 80 03              addw     0x380, %cx
0x000ca1b5:  83 c1 07                 addw     $7, %cx
0x000ca1b8:  83 e1 f8                 andw     $0xfff8, %cx
0x000ca1bb:  66 c1 e1 05              shll     $5, %ecx
0x000ca1bf:  66 bb 00 10 ae 18        movl     $0x18ae1000, %ebx
0x000ca1c5:  bd 0e 03                 movw     $0x30e, %bp
0x000ca1c8:  e8 ef 00                 callw    0xca2ba

----------------
IN: 
0x000ca2ba:  66 50                    pushl    %eax
0x000ca2bc:  57                       pushw    %di
0x000ca2bd:  bf 20 00                 movw     $0x20, %di
0x000ca2c0:  66 53                    pushl    %ebx
0x000ca2c2:  6a 01                    pushw    $1
0x000ca2c4:  26 ff 1e 07 00           lcallw   *%es:7

----------------
IN: 
0x06ffefe0:  8b 4b 02                 movl     2(%ebx), %ecx
0x06ffefe3:  83 f9 ff                 cmpl     $-1, %ecx
0x06ffefe6:  0f 84 f2 fe ff ff        je       0x6ffeede

----------------
IN: 
0x06ffefec:  31 d2                    xorl     %edx, %edx
0x06ffefee:  8b 04 95 64 fe ff 06     movl     0x6fffe64(, %edx, 4), %eax
0x06ffeff5:  8b 00                    movl     (%eax), %eax
0x06ffeff7:  85 c0                    testl    %eax, %eax
0x06ffeff9:  74 0f                    je       0x6fff00a

----------------
IN: 
0x06ffeffb:  3b 40 08                 cmpl     8(%eax), %eax
0x06ffeffe:  75 f5                    jne      0x6ffeff5

----------------
IN: 
0x06ffeff5:  8b 00                    movl     (%eax), %eax
0x06ffeff7:  85 c0                    testl    %eax, %eax
0x06ffeff9:  74 0f                    je       0x6fff00a

----------------
IN: 
0x06fff00a:  42                       incl     %edx
0x06fff00b:  83 fa 05                 cmpl     $5, %edx
0x06fff00e:  75 de                    jne      0x6ffefee

----------------
IN: 
0x06ffefee:  8b 04 95 64 fe ff 06     movl     0x6fffe64(, %edx, 4), %eax
0x06ffeff5:  8b 00                    movl     (%eax), %eax
0x06ffeff7:  85 c0                    testl    %eax, %eax
0x06ffeff9:  74 0f                    je       0x6fff00a

----------------
IN: 
0x06fff000:  3b 48 28                 cmpl     0x28(%eax), %ecx
0x06fff003:  75 f0                    jne      0x6ffeff5

----------------
IN: 
0x06fff010:  e9 c9 fe ff ff           jmp      0x6ffeede

----------------
IN: 
0x06ffeede:  31 db                    xorl     %ebx, %ebx
0x06ffeee0:  e9 46 01 00 00           jmp      0x6fff02b

----------------
IN: 
0x000ca2c9:  83 c4 06                 addw     $6, %sp
0x000ca2cc:  52                       pushw    %dx
0x000ca2cd:  50                       pushw    %ax
0x000ca2ce:  66 5e                    popl     %esi
0x000ca2d0:  66 46                    incl     %esi
0x000ca2d2:  74 0c                    je       0xca2e0

----------------
IN: 
0x000ca2d4:  66 4e                    decl     %esi
0x000ca2d6:  74 08                    je       0xca2e0

----------------
IN: 
0x000ca2e0:  6a 02                    pushw    $2
0x000ca2e2:  66 53                    pushl    %ebx
0x000ca2e4:  66 51                    pushl    %ecx
0x000ca2e6:  6a 00                    pushw    $0
0x000ca2e8:  26 ff 1e 07 00           lcallw   *%es:7

----------------
IN: 
0x06ffeeb1:  bf 78 fe ff 06           movl     $0x6fffe78, %edi
0x06ffeeb6:  b8 7c fe ff 06           movl     $0x6fffe7c, %eax
0x06ffeebb:  eb 0a                    jmp      0x6ffeec7

----------------
IN: 
0x06ffeec7:  85 f6                    testl    %esi, %esi
0x06ffeec9:  75 45                    jne      0x6ffef10

----------------
IN: 
0x06ffef51:  89 4c 24 04              movl     %ecx, 4(%esp)
0x06ffef55:  89 f2                    movl     %esi, %edx
0x06ffef57:  89 f8                    movl     %edi, %eax
0x06ffef59:  e8 67 f9 fe ff           calll    0x6fee8c5

----------------
IN: 
0x06ffef5e:  89 c3                    movl     %eax, %ebx
0x06ffef60:  85 c0                    testl    %eax, %eax
0x06ffef62:  75 5d                    jne      0x6ffefc1

----------------
IN: 
0x06ffefc6:  89 d8                    movl     %ebx, %eax
0x06ffefc8:  e8 31 d3 fe ff           calll    0x6fec2fe

----------------
IN: 
0x06ffefcd:  85 c0                    testl    %eax, %eax
0x06ffefcf:  74 5a                    je       0x6fff02b

----------------
IN: 
0x06ffefd1:  39 d8                    cmpl     %ebx, %eax
0x06ffefd3:  74 56                    je       0x6fff02b

----------------
IN: 
0x06ffefd5:  83 78 10 00              cmpl     $0, 0x10(%eax)
0x06ffefd9:  74 50                    je       0x6fff02b

----------------
IN: 
0x06ffefdb:  89 68 14                 movl     %ebp, 0x14(%eax)
0x06ffefde:  eb 4b                    jmp      0x6fff02b

----------------
IN: 
0x000ca2ed:  83 c4 0c                 addw     $0xc, %sp
0x000ca2f0:  52                       pushw    %dx
0x000ca2f1:  50                       pushw    %ax
0x000ca2f2:  66 5e                    popl     %esi
0x000ca2f4:  bf 2b 00                 movw     $0x2b, %di
0x000ca2f7:  89 f8                    movw     %di, %ax
0x000ca2f9:  31 ff                    xorw     %di, %di
0x000ca2fb:  e8 e2 01                 callw    0xca4e0

----------------
IN: 
0x000ca2fe:  66 89 f0                 movl     %esi, %eax
0x000ca301:  e8 10 02                 callw    0xca514

----------------
IN: 
0x000ca514:  66 c1 c8 10              rorl     $0x10, %eax
0x000ca518:  e8 04 00                 callw    0xca51f

----------------
IN: 
0x000ca51b:  66 c1 c8 10              rorl     $0x10, %eax
0x000ca51f:  86 c4                    xchgb    %al, %ah
0x000ca521:  e8 02 00                 callw    0xca526

----------------
IN: 
0x000ca304:  66 46                    incl     %esi
0x000ca306:  74 02                    je       0xca30a

----------------
IN: 
0x000ca308:  66 4e                    decl     %esi
0x000ca30a:  5f                       popw     %di
0x000ca30b:  66 58                    popl     %eax
0x000ca30d:  c3                       retw     

----------------
IN: 
0x000ca1cb:  66 89 36 7c 03           movl     %esi, 0x37c
0x000ca1d0:  74 20                    je       0xca1f2

----------------
IN: 
0x000ca1d2:  06                       pushw    %es
0x000ca1d3:  31 c0                    xorw     %ax, %ax
0x000ca1d5:  8e c0                    movw     %ax, %es
0x000ca1d7:  66 89 f7                 movl     %esi, %edi
0x000ca1da:  66 31 f6                 xorl     %esi, %esi
0x000ca1dd:  66 0f b6 0e 02 00        movzbl   2, %ecx
0x000ca1e3:  66 c1 e1 07              shll     $7, %ecx
0x000ca1e7:  67 66 f3 a5              rep movsl (%esi), %es:(%edi)

----------------
IN: 
0x000ca1eb:  07                       popw     %es
0x000ca1ec:  a0 a2 00                 movb     0xa2, %al
0x000ca1ef:  a2 02 00                 movb     %al, 2
0x000ca1f2:  66 b9 35 34 04 00        movl     $0x43435, %ecx
0x000ca1f8:  66 81 c1 ff 20 00 00     addl     $0x20ff, %ecx
0x000ca1ff:  66 81 e1 00 e0 ff ff     andl     $0xffffe000, %ecx
0x000ca206:  66 89 cb                 movl     %ecx, %ebx
0x000ca209:  c1 eb 0c                 shrw     $0xc, %bx
0x000ca20c:  66 81 cb 00 20 ae 18     orl      $0x18ae2000, %ebx
0x000ca213:  bd 25 03                 movw     $0x325, %bp
0x000ca216:  e8 a1 00                 callw    0xca2ba

----------------
IN: 
0x000ca219:  66 81 c6 ff 0f 00 00     addl     $0xfff, %esi
0x000ca220:  66 81 e6 00 f0 ff ff     andl     $0xfffff000, %esi
0x000ca227:  66 89 36 82 03           movl     %esi, 0x382
0x000ca22c:  66 61                    popal    
0x000ca22e:  31 db                    xorw     %bx, %bx
0x000ca230:  31 f6                    xorw     %si, %si
0x000ca232:  0f b6 0e 02 00           movzbw   2, %cx
0x000ca237:  c1 e1 09                 shlw     $9, %cx
0x000ca23a:  ac                       lodsb    (%si), %al
0x000ca23b:  00 c3                    addb     %al, %bl
0x000ca23d:  e2 fb                    loop     0xca23a

----------------
IN: 
0x000ca23a:  ac                       lodsb    (%si), %al
0x000ca23b:  00 c3                    addb     %al, %bl
0x000ca23d:  e2 fb                    loop     0xca23a

----------------
IN: 
0x000ca23f:  28 1e 06 00              subb     %bl, 6
0x000ca243:  8c e8                    movw     %gs, %ax
0x000ca245:  8e c0                    movw     %ax, %es
0x000ca247:  0f b6 0e 02 00           movzbw   2, %cx
0x000ca24c:  31 ff                    xorw     %di, %di
0x000ca24e:  e8 ae 02                 callw    0xca4ff

----------------
IN: 
0x000ca251:  e8 cb 02                 callw    0xca51f

----------------
IN: 
0x000ca254:  8c ce                    movw     %cs, %si
0x000ca256:  39 f0                    cmpw     %si, %ax
0x000ca258:  74 0d                    je       0xca267

----------------
IN: 
0x000ca267:  c1 e1 09                 shlw     $9, %cx
0x000ca26a:  31 f6                    xorw     %si, %si
0x000ca26c:  31 ff                    xorw     %di, %di
0x000ca26e:  2e f3 a4                 rep movsb %cs:(%si), %es:(%di)

----------------
IN: 
0x000ca26e:  2e f3 a4                 rep movsb %cs:(%si), %es:(%di)

----------------
IN: 
0x000ca271:  f6 06 7a 03 07           testb    $7, 0x37a
0x000ca276:  75 30                    jne      0xca2a8

----------------
IN: 
0x000ca278:  be 57 03                 movw     $0x357, %si
0x000ca27b:  31 ff                    xorw     %di, %di
0x000ca27d:  e8 87 02                 callw    0xca507

----------------
IN: 
0x000ca507:  50                       pushw    %ax
0x000ca508:  ac                       lodsb    (%si), %al
0x000ca509:  84 c0                    testb    %al, %al
0x000ca50b:  74 05                    je       0xca512

----------------
IN: 
0x000ca50d:  e8 d0 ff                 callw    0xca4e0

----------------
IN: 
0x000ca4e0:  50                       pushw    %ax
0x000ca4e1:  53                       pushw    %bx
0x000ca4e2:  55                       pushw    %bp
0x000ca4e3:  85 ff                    testw    %di, %di
0x000ca4e5:  74 05                    je       0xca4ec

----------------
IN: 
0x000ca4ec:  bb 07 00                 movw     $7, %bx
0x000ca4ef:  b4 0e                    movb     $0xe, %ah
0x000ca4f1:  3c 0a                    cmpb     $0xa, %al
0x000ca4f3:  75 04                    jne      0xca4f9

----------------
IN: 
0x000ca4f5:  cd 10                    int      $0x10

----------------
IN: 
0x000ca4f7:  b0 0d                    movb     $0xd, %al
0x000ca4f9:  cd 10                    int      $0x10

----------------
IN: 
0x000ca4fb:  5d                       popw     %bp
0x000ca4fc:  5b                       popw     %bx
0x000ca4fd:  58                       popw     %ax
0x000ca4fe:  c3                       retw     

----------------
IN: 
0x000ca510:  eb f6                    jmp      0xca508

----------------
IN: 
0x000ca508:  ac                       lodsb    (%si), %al
0x000ca509:  84 c0                    testb    %al, %al
0x000ca50b:  74 05                    je       0xca512

----------------
IN: 
0x000ca4f9:  cd 10                    int      $0x10

----------------
IN: 
0x000ca512:  58                       popw     %ax
0x000ca513:  c3                       retw     

----------------
IN: 
0x000ca280:  be 71 00                 movw     $0x71, %si
0x000ca283:  e8 81 02                 callw    0xca507

----------------
IN: 
0x000ca286:  be 73 03                 movw     $0x373, %si
0x000ca289:  e8 7b 02                 callw    0xca507

----------------
IN: 
0x000ca28c:  bb 02 ff                 movw     $0xff02, %bx
0x000ca28f:  e8 c8 01                 callw    0xca45a

----------------
IN: 
0x000ca45a:  51                       pushw    %cx
0x000ca45b:  50                       pushw    %ax
0x000ca45c:  b4 01                    movb     $1, %ah
0x000ca45e:  cd 16                    int      $0x16

----------------
IN: 
0x000fe82e:  66 68 42 e7 00 00        pushl    $0xe742
0x000fe834:  e9 37 eb                 jmp      0xfd36e

----------------
IN: 
0x000fe742:  66 53                    pushl    %ebx
0x000fe744:  66 89 c3                 movl     %eax, %ebx
0x000fe747:  66 e8 ad ad ff ff        calll    0xf94fa

----------------
IN: 
0x000f94fa:  66 56                    pushl    %esi
0x000f94fc:  66 53                    pushl    %ebx
0x000f94fe:  66 52                    pushl    %edx
0x000f9500:  66 be 40 00 00 00        movl     $0x40, %esi
0x000f9506:  8e c6                    movw     %si, %es
0x000f9508:  26 a1 17 00              movw     %es:0x17, %ax
0x000f950c:  c1 e8 04                 shrw     $4, %ax
0x000f950f:  66 83 e0 07              andl     $7, %eax
0x000f9513:  67 88 44 24 03           movb     %al, 3(%esp)
0x000f9518:  26 8a 1e 97 00           movb     %es:0x97, %bl
0x000f951d:  88 d8                    movb     %bl, %al
0x000f951f:  66 83 e0 07              andl     $7, %eax
0x000f9523:  67 38 44 24 03           cmpb     %al, 3(%esp)
0x000f9528:  74 31                    je       0xf955b

----------------
IN: 
0x000f955b:  66 58                    popl     %eax
0x000f955d:  66 5b                    popl     %ebx
0x000f955f:  66 5e                    popl     %esi
0x000f9561:  66 c3                    retl     

----------------
IN: 
0x000fe74d:  67 8a 43 1d              movb     0x1d(%ebx), %al
0x000fe751:  3c 0a                    cmpb     $0xa, %al
0x000fe753:  74 7d                    je       0xfe7d2

----------------
IN: 
0x000fe755:  77 26                    ja       0xfe77d

----------------
IN: 
0x000fe757:  3c 02                    cmpb     $2, %al
0x000fe759:  74 4d                    je       0xfe7a8

----------------
IN: 
0x000fe75b:  77 0e                    ja       0xfe76b

----------------
IN: 
0x000fe75d:  66 31 c9                 xorl     %ecx, %ecx
0x000fe760:  84 c0                    testb    %al, %al
0x000fe762:  0f 85 82 00              jne      0xfe7e8

----------------
IN: 
0x000fe7e8:  66 31 d2                 xorl     %edx, %edx
0x000fe7eb:  66 89 d8                 movl     %ebx, %eax
0x000fe7ee:  66 5b                    popl     %ebx
0x000fe7f0:  e9 ca cf                 jmp      0xfb7bd

----------------
IN: 
0x000fb7bd:  66 55                    pushl    %ebp
0x000fb7bf:  66 57                    pushl    %edi
0x000fb7c1:  66 56                    pushl    %esi
0x000fb7c3:  66 53                    pushl    %ebx
0x000fb7c5:  66 89 c3                 movl     %eax, %ebx
0x000fb7c8:  66 89 d6                 movl     %edx, %esi
0x000fb7cb:  66 89 cf                 movl     %ecx, %edi
0x000fb7ce:  66 e8 30 d1 ff ff        calll    0xf8904

----------------
IN: 
0x000f890f:  66 b9 04 89 00 00        movl     $0x8904, %ecx
0x000f8915:  66 31 d2                 xorl     %edx, %edx
0x000f8918:  66 31 c0                 xorl     %eax, %eax
0x000f891b:  e9 2c e8                 jmp      0xf714a

----------------
IN: 
0x000fb7d4:  66 bd 40 00 00 00        movl     $0x40, %ebp
0x000fb7da:  8e c5                    movw     %bp, %es
0x000fb7dc:  26 8b 16 1a 00           movw     %es:0x1a, %dx
0x000fb7e1:  26 a1 1c 00              movw     %es:0x1c, %ax
0x000fb7e5:  39 d0                    cmpw     %dx, %ax
0x000fb7e7:  75 15                    jne      0xfb7fe

----------------
IN: 
0x000fb7e9:  66 85 f6                 testl    %esi, %esi
0x000fb7ec:  75 08                    jne      0xfb7f6

----------------
IN: 
0x000fb7ee:  67 83 4b 24 40           orw      $0x40, 0x24(%ebx)
0x000fb7f3:  e9 96 00                 jmp      0xfb88c

----------------
IN: 
0x000fb88c:  66 5b                    popl     %ebx
0x000fb88e:  66 5e                    popl     %esi
0x000fb890:  66 5f                    popl     %edi
0x000fb892:  66 5d                    popl     %ebp
0x000fb894:  66 c3                    retl     

----------------
IN: 
0x000ca460:  74 06                    je       0xca468

----------------
IN: 
0x000ca468:  b9 00 00                 movw     $0, %cx
0x000ca46b:  49                       decw     %cx
0x000ca46c:  78 15                    js       0xca483

----------------
IN: 
0x000ca483:  58                       popw     %ax
0x000ca484:  59                       popw     %cx
0x000ca485:  c3                       retw     

----------------
IN: 
0x000ca292:  9c                       pushfw   
0x000ca293:  31 ff                    xorw     %di, %di
0x000ca295:  e8 c5 02                 callw    0xca55d

----------------
IN: 
0x000ca55d:  50                       pushw    %ax
0x000ca55e:  51                       pushw    %cx
0x000ca55f:  b0 0d                    movb     $0xd, %al
0x000ca561:  e8 7c ff                 callw    0xca4e0

----------------
IN: 
0x000ca564:  b9 4f 00                 movw     $0x4f, %cx
0x000ca567:  e8 95 ff                 callw    0xca4ff

----------------
IN: 
0x000ca4ff:  50                       pushw    %ax
0x000ca500:  b0 20                    movb     $0x20, %al
0x000ca502:  e8 db ff                 callw    0xca4e0

----------------
IN: 
0x000ca505:  58                       popw     %ax
0x000ca506:  c3                       retw     

----------------
IN: 
0x000ca56a:  e2 fb                    loop     0xca567

----------------
IN: 
0x000ca567:  e8 95 ff                 callw    0xca4ff

----------------
IN: 
0x000ca56c:  e8 71 ff                 callw    0xca4e0

----------------
IN: 
0x000ca56f:  59                       popw     %cx
0x000ca570:  58                       popw     %ax
0x000ca571:  c3                       retw     

----------------
IN: 
0x000ca298:  be 77 03                 movw     $0x377, %si
0x000ca29b:  e8 69 02                 callw    0xca507

----------------
IN: 
0x000ca29e:  9d                       popfw    

----------------
IN: 
0x000ca29f:  75 07                    jne      0xca2a8

----------------
IN: 
0x000ca2a8:  b0 0a                    movb     $0xa, %al
0x000ca2aa:  31 ff                    xorw     %di, %di
0x000ca2ac:  e8 31 02                 callw    0xca4e0

----------------
IN: 
0x000ca2af:  0f a9                    popw     %gs
0x000ca2b1:  0f a1                    popw     %fs
0x000ca2b3:  07                       popw     %es
0x000ca2b4:  1f                       popw     %ds
0x000ca2b5:  61                       popaw    
0x000ca2b6:  b8 20 00                 movw     $0x20, %ax
0x000ca2b9:  cb                       lretw    

----------------
IN: 
0x06ff5797:  8d 8d f0 fc ff ff        leal     -0x310(%ebp), %ecx
0x06ff579d:  31 d2                    xorl     %edx, %edx
0x06ff579f:  b8 fe 25 0f 00           movl     $0xf25fe, %eax
0x06ff57a4:  e8 0e fe ff ff           calll    0x6ff55b7

----------------
IN: 
0x06ff55d2:  e8 46 8f ff ff           calll    0x6fee51d

----------------
IN: 
0x06fee51d:  57                       pushl    %edi
0x06fee51e:  56                       pushl    %esi
0x06fee51f:  53                       pushl    %ebx
0x06fee520:  89 c6                    movl     %eax, %esi
0x06fee522:  8b b8 84 00 00 00        movl     0x84(%eax), %edi
0x06fee528:  89 f8                    movl     %edi, %eax
0x06fee52a:  e8 63 de ff ff           calll    0x6fec392

----------------
IN: 
0x06fee52f:  85 c0                    testl    %eax, %eax
0x06fee531:  75 11                    jne      0x6fee544

----------------
IN: 
0x06fee544:  89 c3                    movl     %eax, %ebx
0x06fee546:  89 f9                    movl     %edi, %ecx
0x06fee548:  89 c2                    movl     %eax, %edx
0x06fee54a:  89 f0                    movl     %esi, %eax
0x06fee54c:  ff 96 88 00 00 00        calll    *0x88(%esi)

----------------
IN: 
0x06fee552:  85 c0                    testl    %eax, %eax
0x06fee554:  7f 02                    jg       0x6fee558

----------------
IN: 
0x06fee558:  89 d8                    movl     %ebx, %eax
0x06fee55a:  5b                       popl     %ebx
0x06fee55b:  5e                       popl     %esi
0x06fee55c:  5f                       popl     %edi
0x06fee55d:  c3                       retl     

----------------
IN: 
0x06ff55d7:  85 c0                    testl    %eax, %eax
0x06ff55d9:  74 e8                    je       0x6ff55c3

----------------
IN: 
0x06ff55db:  85 f6                    testl    %esi, %esi
0x06ff55dd:  74 12                    je       0x6ff55f1

----------------
IN: 
0x06ff55df:  8d 90 00 00 f4 ff        leal     -0xc0000(%eax), %edx
0x06ff55e5:  c1 ea 0b                 shrl     $0xb, %edx
0x06ff55e8:  89 1c d6                 movl     %ebx, (%esi, %edx, 8)
0x06ff55eb:  31 c9                    xorl     %ecx, %ecx
0x06ff55ed:  89 4c d6 04              movl     %ecx, 4(%esi, %edx, 8)
0x06ff55f1:  89 f9                    movl     %edi, %ecx
0x06ff55f3:  31 d2                    xorl     %edx, %edx
0x06ff55f5:  e8 b4 fe ff ff           calll    0x6ff54ae

----------------
IN: 
0x06ff55fa:  eb c7                    jmp      0x6ff55c3

----------------
IN: 
0x06ff55c3:  89 da                    movl     %ebx, %edx
0x06ff55c5:  89 e8                    movl     %ebp, %eax
0x06ff55c7:  e8 50 6e ff ff           calll    0x6fec41c

----------------
IN: 
0x06fec434:  8b 19                    movl     (%ecx), %ebx
0x06fec436:  eb 12                    jmp      0x6fec44a

----------------
IN: 
0x06ff57a9:  31 c0                    xorl     %eax, %eax
0x06ff57ab:  e8 e2 6b ff ff           calll    0x6fec392

----------------
IN: 
0x06ff57b0:  3b 1d 60 fe ff 06        cmpl     0x6fffe60, %ebx
0x06ff57b6:  0f 83 75 01 00 00        jae      0x6ff5931

----------------
IN: 
0x06ff57bc:  89 d8                    movl     %ebx, %eax
0x06ff57be:  e8 46 8c 0f f9           calll    0xee409

----------------
IN: 
0x06ff57c3:  85 c0                    testl    %eax, %eax
0x06ff57c5:  75 08                    jne      0x6ff57cf

----------------
IN: 
0x06ff57cf:  0f b6 43 02              movzbl   2(%ebx), %eax
0x06ff57d3:  c1 e0 09                 shll     $9, %eax
0x06ff57d6:  05 ff 07 00 00           addl     $0x7ff, %eax
0x06ff57db:  25 00 f8 ff ff           andl     $0xfffff800, %eax
0x06ff57e0:  01 d8                    addl     %ebx, %eax
0x06ff57e2:  89 85 e4 fc ff ff        movl     %eax, -0x31c(%ebp)
0x06ff57e8:  0f b7 73 1a              movzwl   0x1a(%ebx), %esi
0x06ff57ec:  01 de                    addl     %ebx, %esi
0x06ff57ee:  81 3e 24 50 6e 50        cmpl     $0x506e5024, (%esi)
0x06ff57f4:  75 21                    jne      0x6ff5817

----------------
IN: 
0x06ff57f6:  c7 85 ec fc ff ff 01 00  movl     $1, -0x314(%ebp)
0x06ff57fe:  00 00
0x06ff5800:  85 f6                    testl    %esi, %esi
0x06ff5802:  74 13                    je       0x6ff5817

----------------
IN: 
0x06ff5804:  89 d8                    movl     %ebx, %eax
0x06ff5806:  c1 e8 04                 shrl     $4, %eax
0x06ff5809:  0f b7 c0                 movzwl   %ax, %eax
0x06ff580c:  89 85 e8 fc ff ff        movl     %eax, -0x318(%ebp)
0x06ff5812:  e9 ab 00 00 00           jmp      0x6ff58c2

----------------
IN: 
0x06ff58c2:  8b 85 ec fc ff ff        movl     -0x314(%ebp), %eax
0x06ff58c8:  8d 48 ff                 leal     -1(%eax), %ecx
0x06ff58cb:  66 83 7e 1a 00           cmpw     $0, 0x1a(%esi)
0x06ff58d0:  75 81                    jne      0x6ff5853

----------------
IN: 
0x06ff5853:  8d 85 f0 fc ff ff        leal     -0x310(%ebp), %eax
0x06ff5859:  89 da                    movl     %ebx, %edx
0x06ff585b:  e8 57 e6 ff ff           calll    0x6ff3eb7

----------------
IN: 
0x06ff3eb7:  53                       pushl    %ebx
0x06ff3eb8:  81 ec 00 01 00 00        subl     $0x100, %esp
0x06ff3ebe:  89 cb                    movl     %ecx, %ebx
0x06ff3ec0:  81 ea 00 00 0c 00        subl     $0xc0000, %edx
0x06ff3ec6:  c1 ea 0b                 shrl     $0xb, %edx
0x06ff3ec9:  8d 14 d0                 leal     (%eax, %edx, 8), %edx
0x06ff3ecc:  8b 02                    movl     (%edx), %eax
0x06ff3ece:  8b 52 04                 movl     4(%edx), %edx
0x06ff3ed1:  85 d2                    testl    %edx, %edx
0x06ff3ed3:  75 04                    jne      0x6ff3ed9

----------------
IN: 
0x06ff3ed9:  89 c1                    movl     %eax, %ecx
0x06ff3edb:  83 e2 02                 andl     $2, %edx
0x06ff3ede:  74 32                    je       0x6ff3f12

----------------
IN: 
0x06ff3ee0:  ba e7 20 0f 00           movl     $0xf20e7, %edx
0x06ff3ee5:  89 e0                    movl     %esp, %eax
0x06ff3ee7:  e8 67 fe ff ff           calll    0x6ff3d53

----------------
IN: 
0x06ff3eec:  85 db                    testl    %ebx, %ebx
0x06ff3eee:  74 19                    je       0x6ff3f09

----------------
IN: 
0x06ff3f09:  89 e0                    movl     %esp, %eax
0x06ff3f0b:  e8 00 bf ff ff           calll    0x6fefe10

----------------
IN: 
0x06ff3f10:  eb 16                    jmp      0x6ff3f28

----------------
IN: 
0x06ff3f28:  81 c4 00 01 00 00        addl     $0x100, %esp
0x06ff3f2e:  5b                       popl     %ebx
0x06ff3f2f:  c3                       retl     

----------------
IN: 
0x06ff5860:  89 c2                    movl     %eax, %edx
0x06ff5862:  0f b7 7e 10              movzwl   0x10(%esi), %edi
0x06ff5866:  0f b7 4e 1a              movzwl   0x1a(%esi), %ecx
0x06ff586a:  b8 ce 25 0f 00           movl     $0xf25ce, %eax
0x06ff586f:  66 85 ff                 testw    %di, %di
0x06ff5872:  74 09                    je       0x6ff587d

----------------
IN: 
0x06ff5874:  89 d8                    movl     %ebx, %eax
0x06ff5876:  25 f0 ff 0f 00           andl     $0xffff0, %eax
0x06ff587b:  01 f8                    addl     %edi, %eax
0x06ff587d:  8b bd e8 fc ff ff        movl     -0x318(%ebp), %edi
0x06ff5883:  c1 e7 10                 shll     $0x10, %edi
0x06ff5886:  09 f9                    orl      %edi, %ecx
0x06ff5888:  83 fa ff                 cmpl     $-1, %edx
0x06ff588b:  75 06                    jne      0x6ff5893

----------------
IN: 
0x06ff588d:  8b 15 44 fe ff 06        movl     0x6fffe44, %edx
0x06ff5893:  50                       pushl    %eax
0x06ff5894:  b8 80 00 00 00           movl     $0x80, %eax
0x06ff5899:  e8 b6 92 ff ff           calll    0x6feeb54

----------------
IN: 
0x06ff589e:  c7 05 44 fe ff 06 0f 27  movl     $0x270f, 0x6fffe44
0x06ff58a6:  00 00
0x06ff58a8:  58                       popl     %eax
0x06ff58a9:  0f b7 76 06              movzwl   6(%esi), %esi
0x06ff58ad:  66 85 f6                 testw    %si, %si
0x06ff58b0:  74 74                    je       0x6ff5926

----------------
IN: 
0x06ff5926:  8b 9d e4 fc ff ff        movl     -0x31c(%ebp), %ebx
0x06ff592c:  e9 7f fe ff ff           jmp      0x6ff57b0

----------------
IN: 
0x06ff5817:  8d 85 f0 fc ff ff        leal     -0x310(%ebp), %eax
0x06ff581d:  31 c9                    xorl     %ecx, %ecx
0x06ff581f:  89 da                    movl     %ebx, %edx
0x06ff5821:  e8 91 e6 ff ff           calll    0x6ff3eb7

----------------
IN: 
0x06ff3ed5:  85 c0                    testl    %eax, %eax
0x06ff3ed7:  74 4a                    je       0x6ff3f23

----------------
IN: 
0x06ff3f12:  8d 40 04                 leal     4(%eax), %eax
0x06ff3f15:  89 da                    movl     %ebx, %edx
0x06ff3f17:  81 c4 00 01 00 00        addl     $0x100, %esp
0x06ff3f1d:  5b                       popl     %ebx
0x06ff3f1e:  e9 45 ea ff ff           jmp      0x6ff2968

----------------
IN: 
0x06ff2968:  56                       pushl    %esi
0x06ff2969:  53                       pushl    %ebx
0x06ff296a:  81 ec 00 01 00 00        subl     $0x100, %esp
0x06ff2970:  89 d3                    movl     %edx, %ebx
0x06ff2972:  50                       pushl    %eax
0x06ff2973:  68 6f 1e 0f 00           pushl    $0xf1e6f
0x06ff2978:  68 00 01 00 00           pushl    $0x100
0x06ff297d:  8d 74 24 0c              leal     0xc(%esp), %esi
0x06ff2981:  56                       pushl    %esi
0x06ff2982:  e8 96 ff ff ff           calll    0x6ff291d

----------------
IN: 
0x06ff2987:  89 f4                    movl     %esi, %esp
0x06ff2989:  85 db                    testl    %ebx, %ebx
0x06ff298b:  74 18                    je       0x6ff29a5

----------------
IN: 
0x06ff29a5:  89 f0                    movl     %esi, %eax
0x06ff29a7:  e8 64 d4 ff ff           calll    0x6fefe10

----------------
IN: 
0x06ff29ac:  81 c4 00 01 00 00        addl     $0x100, %esp
0x06ff29b2:  5b                       popl     %ebx
0x06ff29b3:  5e                       popl     %esi
0x06ff29b4:  c3                       retl     

----------------
IN: 
0x06ff5826:  89 c2                    movl     %eax, %edx
0x06ff5828:  c1 eb 04                 shrl     $4, %ebx
0x06ff582b:  89 d9                    movl     %ebx, %ecx
0x06ff582d:  c1 e1 10                 shll     $0x10, %ecx
0x06ff5830:  83 c9 03                 orl      $3, %ecx
0x06ff5833:  83 f8 ff                 cmpl     $-1, %eax
0x06ff5836:  75 06                    jne      0x6ff583e

----------------
IN: 
0x06ff5838:  8b 15 48 fe ff 06        movl     0x6fffe48, %edx
0x06ff583e:  68 d6 25 0f 00           pushl    $0xf25d6
0x06ff5843:  b8 81 00 00 00           movl     $0x81, %eax
0x06ff5848:  e8 07 93 ff ff           calll    0x6feeb54

----------------
IN: 
0x06feebd1:  8b 1c 24                 movl     (%esp), %ebx
0x06feebd4:  39 59 f0                 cmpl     %ebx, -0x10(%ecx)
0x06feebd7:  7f e0                    jg       0x6feebb9

----------------
IN: 
0x06feebd9:  75 1b                    jne      0x6feebf6

----------------
IN: 
0x06ff584d:  5a                       popl     %edx
0x06ff584e:  e9 d3 00 00 00           jmp      0x6ff5926

----------------
IN: 
0x06ff5931:  8d 65 f4                 leal     -0xc(%ebp), %esp
0x06ff5934:  5b                       popl     %ebx
0x06ff5935:  5e                       popl     %esi
0x06ff5936:  5f                       popl     %edi
0x06ff5937:  5d                       popl     %ebp
0x06ff5938:  8d 67 f8                 leal     -8(%edi), %esp
0x06ff593b:  5f                       popl     %edi
0x06ff593c:  c3                       retl     

----------------
IN: 
0x06ffbede:  ba 01 00 00 00           movl     $1, %edx
0x06ffbee3:  31 c9                    xorl     %ecx, %ecx
0x06ffbee5:  b8 4b 1f 0f 00           movl     $0xf1f4b, %eax
0x06ffbeea:  e8 30 22 ff ff           calll    0x6fee11f

----------------
IN: 
0x06ffbeef:  85 c0                    testl    %eax, %eax
0x06ffbef1:  0f 84 79 1f 00 00        je       0x6ffde70

----------------
IN: 
0x06ffde70:  e8 39 03 ff ff           calll    0x6fee1ae

----------------
IN: 
0x06ffde75:  a0 c4 4c 0f 00           movb     0xf4cc4, %al
0x06ffde7a:  3c 01                    cmpb     $1, %al
0x06ffde7c:  74 09                    je       0x6ffde87

----------------
IN: 
0x06ffde7e:  3c 02                    cmpb     $2, %al
0x06ffde80:  74 2e                    je       0x6ffdeb0

----------------
IN: 
0x06ffde82:  e9 cd 01 00 00           jmp      0x6ffe054

----------------
IN: 
0x06ffe054:  ba e7 3e 0f 00           movl     $0xf3ee7, %edx
0x06ffe059:  b8 04 00 00 00           movl     $4, %eax
0x06ffe05e:  e8 0b e3 0e f9           calll    0xec36e

----------------
IN: 
0x000ec36e:  53                       pushl    %ebx
0x000ec36f:  89 c3                    movl     %eax, %ebx
0x000ec371:  89 d1                    movl     %edx, %ecx
0x000ec373:  89 d0                    movl     %edx, %eax
0x000ec375:  e8 26 e0 ff ff           calll    0xea3a0

----------------
IN: 
0x000ec37a:  50                       pushl    %eax
0x000ec37b:  51                       pushl    %ecx
0x000ec37c:  50                       pushl    %eax
0x000ec37d:  ba 05 00 00 00           movl     $5, %edx
0x000ec382:  89 d8                    movl     %ebx, %eax
0x000ec384:  e8 4b ff ff ff           calll    0xec2d4

----------------
IN: 
0x000ec2d4:  80 3d 21 99 0e 00 00     cmpb     $0, 0xe9921
0x000ec2db:  0f 84 8c 00 00 00        je       0xec36d

----------------
IN: 
0x000ec36d:  c3                       retl     

----------------
IN: 
0x000ec389:  83 c4 0c                 addl     $0xc, %esp
0x000ec38c:  5b                       popl     %ebx
0x000ec38d:  c3                       retl     

----------------
IN: 
0x06ffe063:  31 db                    xorl     %ebx, %ebx
0x06ffe065:  6a 04                    pushl    $4
0x06ffe067:  68 60 f6 ff 06           pushl    $0x6fff660
0x06ffe06c:  6a 04                    pushl    $4
0x06ffe06e:  b9 60 f6 ff 06           movl     $0x6fff660, %ecx
0x06ffe073:  ba 04 00 00 00           movl     $4, %edx
0x06ffe078:  89 d8                    movl     %ebx, %eax
0x06ffe07a:  e8 55 e2 0e f9           calll    0xec2d4

----------------
IN: 
0x06ffe07f:  43                       incl     %ebx
0x06ffe080:  83 c4 0c                 addl     $0xc, %esp
0x06ffe083:  83 fb 08                 cmpl     $8, %ebx
0x06ffe086:  75 dd                    jne      0x6ffe065

----------------
IN: 
0x06ffe065:  6a 04                    pushl    $4
0x06ffe067:  68 60 f6 ff 06           pushl    $0x6fff660
0x06ffe06c:  6a 04                    pushl    $4
0x06ffe06e:  b9 60 f6 ff 06           movl     $0x6fff660, %ecx
0x06ffe073:  ba 04 00 00 00           movl     $4, %edx
0x06ffe078:  89 d8                    movl     %ebx, %eax
0x06ffe07a:  e8 55 e2 0e f9           calll    0xec2d4

----------------
IN: 
0x06ffe088:  b8 dc 11 0f 00           movl     $0xf11dc, %eax
0x06ffe08d:  e8 7e 1d ff ff           calll    0x6fefe10

----------------
IN: 
0x06ffe092:  83 f8 ff                 cmpl     $-1, %eax
0x06ffe095:  74 14                    je       0x6ffe0ab

----------------
IN: 
0x06ffe0ab:  a1 40 fe ff 06           movl     0x6fffe40, %eax
0x06ffe0b0:  83 e8 10                 subl     $0x10, %eax
0x06ffe0b3:  89 04 24                 movl     %eax, (%esp)
0x06ffe0b6:  83 3c 24 f0              cmpl     $-0x10, (%esp)
0x06ffe0ba:  0f 84 ff 03 00 00        je       0x6ffe4bf

----------------
IN: 
0x06ffe0c0:  8b 04 24                 movl     (%esp), %eax
0x06ffe0c3:  8b 00                    movl     (%eax), %eax
0x06ffe0c5:  83 f8 03                 cmpl     $3, %eax
0x06ffe0c8:  0f 84 c4 03 00 00        je       0x6ffe492

----------------
IN: 
0x06ffe0ce:  7f 0f                    jg       0x6ffe0df

----------------
IN: 
0x06ffe0d0:  83 f8 01                 cmpl     $1, %eax
0x06ffe0d3:  74 2f                    je       0x6ffe104

----------------
IN: 
0x06ffe0d5:  83 f8 02                 cmpl     $2, %eax
0x06ffe0d8:  74 7f                    je       0x6ffe159

----------------
IN: 
0x06ffe159:  8b 04 24                 movl     (%esp), %eax
0x06ffe15c:  8b 58 04                 movl     4(%eax), %ebx
0x06ffe15f:  0f b6 05 75 04 00 00     movzbl   0x475, %eax
0x06ffe166:  88 44 24 18              movb     %al, 0x18(%esp)
0x06ffe16a:  89 44 24 1c              movl     %eax, 0x1c(%esp)
0x06ffe16e:  89 d9                    movl     %ebx, %ecx
0x06ffe170:  ba 75 04 00 00           movl     $0x475, %edx
0x06ffe175:  b8 20 61 0f 00           movl     $0xf6120, %eax
0x06ffe17a:  e8 7d 03 ff ff           calll    0x6fee4fc

----------------
IN: 
0x06fee4fc:  53                       pushl    %ebx
0x06fee4fd:  89 c3                    movl     %eax, %ebx
0x06fee4ff:  0f b6 02                 movzbl   (%edx), %eax
0x06fee502:  3c 0f                    cmpb     $0xf, %al
0x06fee504:  76 10                    jbe      0x6fee516

----------------
IN: 
0x06fee516:  89 0c 83                 movl     %ecx, (%ebx, %eax, 4)
0x06fee519:  fe 02                    incb     (%edx)
0x06fee51b:  5b                       popl     %ebx
0x06fee51c:  c3                       retl     

----------------
IN: 
0x06ffe17f:  66 8b 73 02              movw     2(%ebx), %si
0x06ffe183:  66 81 fe ff 00           cmpw     $0xff, %si
0x06ffe188:  77 13                    ja       0x6ffe19d

----------------
IN: 
0x06ffe18a:  66 8b 43 06              movw     6(%ebx), %ax
0x06ffe18e:  8d 50 ff                 leal     -1(%eax), %edx
0x06ffe191:  b0 04                    movb     $4, %al
0x06ffe193:  66 83 fa 3e              cmpw     $0x3e, %dx
0x06ffe197:  0f 86 a0 00 00 00        jbe      0x6ffe23d

----------------
IN: 
0x06ffe19d:  80 3b 20                 cmpb     $0x20, (%ebx)
0x06ffe1a0:  75 21                    jne      0x6ffe1c3

----------------
IN: 
0x06ffe1a2:  8b 4b 14                 movl     0x14(%ebx), %ecx
0x06ffe1a5:  89 c8                    movl     %ecx, %eax
0x06ffe1a7:  c1 e8 02                 shrl     $2, %eax
0x06ffe1aa:  83 c0 39                 addl     $0x39, %eax
0x06ffe1ad:  83 c8 80                 orl      $0xffffff80, %eax
0x06ffe1b0:  e6 70                    outb     %al, $0x70

----------------
IN: 
0x06ffe1b2:  e4 71                    inb      $0x71, %al

----------------
IN: 
0x06ffe1b4:  0f b6 c0                 movzbl   %al, %eax
0x06ffe1b7:  83 e1 03                 andl     $3, %ecx
0x06ffe1ba:  01 c9                    addl     %ecx, %ecx
0x06ffe1bc:  d3 f8                    sarl     %cl, %eax
0x06ffe1be:  83 e0 03                 andl     $3, %eax
0x06ffe1c1:  eb 7a                    jmp      0x6ffe23d

----------------
IN: 
0x06ffe23d:  88 43 19                 movb     %al, 0x19(%ebx)
0x06ffe240:  8b 7b 1c                 movl     0x1c(%ebx), %edi
0x06ffe243:  66 89 7c 24 08           movw     %di, 8(%esp)
0x06ffe248:  0f b7 4b 1e              movzwl   0x1e(%ebx), %ecx
0x06ffe24c:  8b 7b 20                 movl     0x20(%ebx), %edi
0x06ffe24f:  66 89 7c 24 0c           movw     %di, 0xc(%esp)
0x06ffe254:  8b 7b 0c                 movl     0xc(%ebx), %edi
0x06ffe257:  89 7c 24 14              movl     %edi, 0x14(%esp)
0x06ffe25b:  8b 53 10                 movl     0x10(%ebx), %edx
0x06ffe25e:  3c 03                    cmpb     $3, %al
0x06ffe260:  0f 84 92 00 00 00        je       0x6ffe2f8

----------------
IN: 
0x06ffe266:  3c 04                    cmpb     $4, %al
0x06ffe268:  0f 84 da 00 00 00        je       0x6ffe348

----------------
IN: 
0x06ffe26e:  3c 01                    cmpb     $1, %al
0x06ffe270:  74 1c                    je       0x6ffe28e

----------------
IN: 
0x06ffe272:  3c 02                    cmpb     $2, %al
0x06ffe274:  0f 84 a3 00 00 00        je       0x6ffe31d

----------------
IN: 
0x06ffe27a:  8b 6c 24 0c              movl     0xc(%esp), %ebp
0x06ffe27e:  89 c8                    movl     %ecx, %eax
0x06ffe280:  8b 74 24 08              movl     8(%esp), %esi
0x06ffe284:  ba d3 36 0f 00           movl     $0xf36d3, %edx
0x06ffe289:  e9 cc 00 00 00           jmp      0x6ffe35a

----------------
IN: 
0x06ffe35a:  89 c7                    movl     %eax, %edi
0x06ffe35c:  66 3d 00 04              cmpw     $0x400, %ax
0x06ffe360:  76 16                    jbe      0x6ffe378

----------------
IN: 
0x06ffe378:  ff 74 24 14              pushl    0x14(%esp)
0x06ffe37c:  0f b7 c5                 movzwl   %bp, %eax
0x06ffe37f:  50                       pushl    %eax
0x06ffe380:  0f b7 c6                 movzwl   %si, %eax
0x06ffe383:  50                       pushl    %eax
0x06ffe384:  0f b7 c7                 movzwl   %di, %eax
0x06ffe387:  50                       pushl    %eax
0x06ffe388:  52                       pushl    %edx
0x06ffe389:  0f b7 44 24 20           movzwl   0x20(%esp), %eax
0x06ffe38e:  50                       pushl    %eax
0x06ffe38f:  0f b7 44 24 20           movzwl   0x20(%esp), %eax
0x06ffe394:  50                       pushl    %eax
0x06ffe395:  51                       pushl    %ecx
0x06ffe396:  53                       pushl    %ebx
0x06ffe397:  68 f7 3e 0f 00           pushl    $0xf3ef7
0x06ffe39c:  e8 38 eb 0e f9           calll    0xeced9

----------------
IN: 
0x06ffe3a1:  66 89 73 02              movw     %si, 2(%ebx)
0x06ffe3a5:  66 89 7b 04              movw     %di, 4(%ebx)
0x06ffe3a9:  66 89 6b 06              movw     %bp, 6(%ebx)
0x06ffe3ad:  83 c4 28                 addl     $0x28, %esp
0x06ffe3b0:  83 7c 24 1c 01           cmpl     $1, 0x1c(%esp)
0x06ffe3b5:  0f 8f ce 00 00 00        jg       0x6ffe489

----------------
IN: 
0x06ffe3bb:  66 8b 53 1e              movw     0x1e(%ebx), %dx
0x06ffe3bf:  8b 43 1c                 movl     0x1c(%ebx), %eax
0x06ffe3c2:  66 89 44 24 08           movw     %ax, 8(%esp)
0x06ffe3c7:  8b 5b 20                 movl     0x20(%ebx), %ebx
0x06ffe3ca:  66 89 5c 24 0c           movw     %bx, 0xc(%esp)
0x06ffe3cf:  0f b7 0d 0e 04 00 00     movzwl   0x40e, %ecx
0x06ffe3d6:  c1 e1 04                 shll     $4, %ecx
0x06ffe3d9:  89 4c 24 14              movl     %ecx, 0x14(%esp)
0x06ffe3dd:  0f b6 4c 24 18           movzbl   0x18(%esp), %ecx
0x06ffe3e2:  c1 e1 04                 shll     $4, %ecx
0x06ffe3e5:  89 4c 24 18              movl     %ecx, 0x18(%esp)
0x06ffe3e9:  8b 5c 24 14              movl     0x14(%esp), %ebx
0x06ffe3ed:  01 cb                    addl     %ecx, %ebx
0x06ffe3ef:  66 c7 43 42 ff ff        movw     $0xffff, 0x42(%ebx)
0x06ffe3f5:  b1 c0                    movb     $0xc0, %cl
0x06ffe3f7:  66 83 f8 08              cmpw     $8, %ax
0x06ffe3fb:  76 02                    jbe      0x6ffe3ff

----------------
IN: 
0x06ffe3fd:  b1 c8                    movb     $0xc8, %cl
0x06ffe3ff:  88 4b 45                 movb     %cl, 0x45(%ebx)
0x06ffe402:  66 89 53 49              movw     %dx, 0x49(%ebx)
0x06ffe406:  66 89 7b 3d              movw     %di, 0x3d(%ebx)
0x06ffe40a:  89 f1                    movl     %esi, %ecx
0x06ffe40c:  88 4b 3f                 movb     %cl, 0x3f(%ebx)
0x06ffe40f:  89 e9                    movl     %ebp, %ecx
0x06ffe411:  88 4b 4b                 movb     %cl, 0x4b(%ebx)
0x06ffe414:  66 39 fa                 cmpw     %di, %dx
0x06ffe417:  0f 95 c0                 setne    %al
0x06ffe41a:  66 39 74 24 08           cmpw     %si, 8(%esp)
0x06ffe41f:  0f 95 c1                 setne    %cl
0x06ffe422:  08 c8                    orb      %cl, %al
0x06ffe424:  75 07                    jne      0x6ffe42d

----------------
IN: 
0x06ffe426:  66 39 6c 24 0c           cmpw     %bp, 0xc(%esp)
0x06ffe42b:  74 2f                    je       0x6ffe45c

----------------
IN: 
0x06ffe45c:  66 a1 0e 04 00 00        movw     0x40e, %ax
0x06ffe462:  83 7c 24 1c 00           cmpl     $0, 0x1c(%esp)
0x06ffe467:  75 11                    jne      0x6ffe47a

----------------
IN: 
0x06ffe469:  66 c7 05 04 01 00 00 3d  movw     $0x3d, 0x104
0x06ffe471:  00
0x06ffe472:  66 a3 06 01 00 00        movw     %ax, 0x106
0x06ffe478:  eb 0f                    jmp      0x6ffe489

----------------
IN: 
0x06ffe489:  31 d2                    xorl     %edx, %edx
0x06ffe48b:  b8 02 00 00 00           movl     $2, %eax
0x06ffe490:  eb 1d                    jmp      0x6ffe4af

----------------
IN: 
0x06ffe4af:  e8 60 e0 fe ff           calll    0x6fec514

----------------
IN: 
0x06fec514:  53                       pushl    %ebx
0x06fec515:  89 c1                    movl     %eax, %ecx
0x06fec517:  83 f8 02                 cmpl     $2, %eax
0x06fec51a:  75 35                    jne      0x6fec551

----------------
IN: 
0x06fec51c:  a1 40 ff ff 06           movl     0x6ffff40, %eax
0x06fec521:  8d 58 01                 leal     1(%eax), %ebx
0x06fec524:  89 1d 40 ff ff 06        movl     %ebx, 0x6ffff40
0x06fec52a:  85 c0                    testl    %eax, %eax
0x06fec52c:  75 38                    jne      0x6fec566

----------------
IN: 
0x06fec52e:  a1 c8 4c 0f 00           movl     0xf4cc8, %eax
0x06fec533:  83 f8 13                 cmpl     $0x13, %eax
0x06fec536:  77 2e                    ja       0x6fec566

----------------
IN: 
0x06fec538:  8d 58 01                 leal     1(%eax), %ebx
0x06fec53b:  89 1d c8 4c 0f 00        movl     %ebx, 0xf4cc8
0x06fec541:  89 0c c5 e0 4c 0f 00     movl     %ecx, 0xf4ce0(, %eax, 8)
0x06fec548:  89 14 c5 e4 4c 0f 00     movl     %edx, 0xf4ce4(, %eax, 8)
0x06fec54f:  eb 15                    jmp      0x6fec566

----------------
IN: 
0x06fec566:  5b                       popl     %ebx
0x06fec567:  c3                       retl     

----------------
IN: 
0x06ffe4b4:  8b 04 24                 movl     (%esp), %eax
0x06ffe4b7:  8b 40 10                 movl     0x10(%eax), %eax
0x06ffe4ba:  e9 f1 fb ff ff           jmp      0x6ffe0b0

----------------
IN: 
0x06ffe0b0:  83 e8 10                 subl     $0x10, %eax
0x06ffe0b3:  89 04 24                 movl     %eax, (%esp)
0x06ffe0b6:  83 3c 24 f0              cmpl     $-0x10, (%esp)
0x06ffe0ba:  0f 84 ff 03 00 00        je       0x6ffe4bf

----------------
IN: 
0x06ffe0df:  3d 81 00 00 00           cmpl     $0x81, %eax
0x06ffe0e4:  0f 85 bd 03 00 00        jne      0x6ffe4a7

----------------
IN: 
0x06ffe0ea:  8b 04 24                 movl     (%esp), %eax
0x06ffe0ed:  0f b7 50 04              movzwl   4(%eax), %edx
0x06ffe0f1:  0f b7 40 06              movzwl   6(%eax), %eax
0x06ffe0f5:  c1 e0 04                 shll     $4, %eax
0x06ffe0f8:  31 c9                    xorl     %ecx, %ecx
0x06ffe0fa:  e8 47 0e 0f f9           calll    0xeef46

----------------
IN: 
0x000cb003:  06                       pushw    %es
0x000cb004:  0e                       pushw    %cs
0x000cb005:  07                       popw     %es
0x000cb006:  31 c0                    xorw     %ax, %ax
0x000cb008:  b9 00 10                 movw     $0x1000, %cx
0x000cb00b:  8d 3e 00 03              leaw     0x300, %di
0x000cb00f:  fc                       cld      
0x000cb010:  f3 ab                    rep stosw %ax, %es:(%di)

----------------
IN: 
0x000cb012:  07                       popw     %es
0x000cb013:  b8 20 00                 movw     $0x20, %ax
0x000cb016:  e7 7e                    outw     %ax, $0x7e

----------------
IN: 
0x000cb018:  cb                       lretw    

----------------
IN: 
0x06ffe0ff:  e9 85 03 00 00           jmp      0x6ffe489

----------------
IN: 
0x06ffe104:  8b 04 24                 movl     (%esp), %eax
0x06ffe107:  8b 48 04                 movl     4(%eax), %ecx
0x06ffe10a:  ba a0 61 0f 00           movl     $0xf61a0, %edx
0x06ffe10f:  b8 e0 60 0f 00           movl     $0xf60e0, %eax
0x06ffe114:  e8 e3 03 ff ff           calll    0x6fee4fc

----------------
IN: 
0x06ffe119:  80 3d a0 61 0f 00 01     cmpb     $1, 0xf61a0
0x06ffe120:  75 1a                    jne      0x6ffe13c

----------------
IN: 
0x06ffe122:  a1 10 04 00 00           movl     0x410, %eax
0x06ffe127:  83 e0 be                 andl     $0xffffffbe, %eax
0x06ffe12a:  83 c8 01                 orl      $1, %eax
0x06ffe12d:  66 a3 10 04 00 00        movw     %ax, 0x410
0x06ffe133:  c6 05 8f 04 00 00 07     movb     $7, 0x48f
0x06ffe13a:  eb 11                    jmp      0x6ffe14d

----------------
IN: 
0x06ffe14d:  31 d2                    xorl     %edx, %edx
0x06ffe14f:  b8 01 00 00 00           movl     $1, %eax
0x06ffe154:  e9 56 03 00 00           jmp      0x6ffe4af

----------------
IN: 
0x06fec551:  83 f8 01                 cmpl     $1, %eax
0x06fec554:  75 d8                    jne      0x6fec52e

----------------
IN: 
0x06fec556:  a1 3c ff ff 06           movl     0x6ffff3c, %eax
0x06fec55b:  8d 58 01                 leal     1(%eax), %ebx
0x06fec55e:  89 1d 3c ff ff 06        movl     %ebx, 0x6ffff3c
0x06fec564:  eb c4                    jmp      0x6fec52a

----------------
IN: 
0x06fec52a:  85 c0                    testl    %eax, %eax
0x06fec52c:  75 38                    jne      0x6fec566

----------------
IN: 
0x06ffe492:  8b 04 24                 movl     (%esp), %eax
0x06ffe495:  8b 48 04                 movl     4(%eax), %ecx
0x06ffe498:  ba 5c ff ff 06           movl     $0x6ffff5c, %edx
0x06ffe49d:  b8 60 61 0f 00           movl     $0xf6160, %eax
0x06ffe4a2:  e8 55 00 ff ff           calll    0x6fee4fc

----------------
IN: 
0x06ffe4a7:  8b 04 24                 movl     (%esp), %eax
0x06ffe4aa:  8b 50 04                 movl     4(%eax), %edx
0x06ffe4ad:  8b 00                    movl     (%eax), %eax
0x06ffe4af:  e8 60 e0 fe ff           calll    0x6fec514

----------------
IN: 
0x06ffe4bf:  31 d2                    xorl     %edx, %edx
0x06ffe4c1:  b8 01 00 00 00           movl     $1, %eax
0x06ffe4c6:  e8 49 e0 fe ff           calll    0x6fec514

----------------
IN: 
0x06ffe4cb:  b8 02 00 00 00           movl     $2, %eax
0x06ffe4d0:  e8 3f e0 fe ff           calll    0x6fec514

----------------
IN: 
0x06ffe4d5:  80 3d 5c ff ff 06 00     cmpb     $0, 0x6ffff5c
0x06ffe4dc:  74 4f                    je       0x6ffe52d

----------------
IN: 
0x06ffe4de:  e8 92 08 ff ff           calll    0x6feed75

----------------
IN: 
0x06feed75:  83 3d cc 60 0f 00 00     cmpl     $0, 0xf60cc
0x06feed7c:  75 28                    jne      0x6feeda6

----------------
IN: 
0x06feed7e:  b8 00 08 00 00           movl     $0x800, %eax
0x06feed83:  e8 48 fc ff ff           calll    0x6fee9d0

----------------
IN: 
0x06fee9d0:  b9 10 00 00 00           movl     $0x10, %ecx
0x06fee9d5:  89 c2                    movl     %eax, %edx
0x06fee9d7:  b8 88 fe ff 06           movl     $0x6fffe88, %eax
0x06fee9dc:  e9 e4 fe ff ff           jmp      0x6fee8c5

----------------
IN: 
0x06feed88:  85 c0                    testl    %eax, %eax
0x06feed8a:  75 15                    jne      0x6feeda1

----------------
IN: 
0x06feeda1:  a3 cc 60 0f 00           movl     %eax, 0xf60cc
0x06feeda6:  31 c0                    xorl     %eax, %eax
0x06feeda8:  c3                       retl     

----------------
IN: 
0x06ffe4e3:  40                       incl     %eax
0x06ffe4e4:  74 47                    je       0x6ffe52d

----------------
IN: 
0x06ffe4e6:  b8 2c 00 00 00           movl     $0x2c, %eax
0x06ffe4eb:  e8 f1 04 ff ff           calll    0x6fee9e1

----------------
IN: 
0x06ffe4f0:  85 c0                    testl    %eax, %eax
0x06ffe4f2:  75 11                    jne      0x6ffe505

----------------
IN: 
0x06ffe505:  a3 c8 60 0f 00           movl     %eax, 0xf60c8
0x06ffe50a:  b9 2c 00 00 00           movl     $0x2c, %ecx
0x06ffe50f:  31 d2                    xorl     %edx, %edx
0x06ffe511:  e8 ba d1 0e f9           calll    0xeb6d0

----------------
IN: 
0x06ffe516:  c6 00 40                 movb     $0x40, (%eax)
0x06ffe519:  66 c7 40 1a 00 02        movw     $0x200, 0x1a(%eax)
0x06ffe51f:  c7 40 0c ff ff ff ff     movl     $0xffffffff, 0xc(%eax)
0x06ffe526:  c7 40 10 ff ff ff ff     movl     $0xffffffff, 0x10(%eax)
0x06ffe52d:  31 db                    xorl     %ebx, %ebx
0x06ffe52f:  89 1d d0 55 0f 00        movl     %ebx, 0xf55d0
0x06ffe535:  89 1d d7 55 0f 00        movl     %ebx, 0xf55d7
0x06ffe53b:  e8 41 c0 0e f9           calll    0xea581

----------------
IN: 
0x06ffe540:  89 c6                    movl     %eax, %esi
0x06ffe542:  a1 60 fe ff 06           movl     0x6fffe60, %eax
0x06ffe547:  89 f1                    movl     %esi, %ecx
0x06ffe549:  29 c1                    subl     %eax, %ecx
0x06ffe54b:  31 d2                    xorl     %edx, %edx
0x06ffe54d:  e8 7e d1 0e f9           calll    0xeb6d0

----------------
IN: 
0x06ffe552:  66 c7 06 55 aa           movw     $0xaa55, (%esi)
0x06ffe557:  b8 00 00 0f 00           movl     $0xf0000, %eax
0x06ffe55c:  29 f0                    subl     %esi, %eax
0x06ffe55e:  89 c2                    movl     %eax, %edx
0x06ffe560:  c1 ea 09                 shrl     $9, %edx
0x06ffe563:  3d ff ff 01 00           cmpl     $0x1ffff, %eax
0x06ffe568:  76 05                    jbe      0x6ffe56f

----------------
IN: 
0x06ffe56f:  88 56 02                 movb     %dl, 2(%esi)
0x06ffe572:  0f b7 1d 13 04 00 00     movzwl   0x413, %ebx
0x06ffe579:  c1 e3 0a                 shll     $0xa, %ebx
0x06ffe57c:  89 d8                    movl     %ebx, %eax
0x06ffe57e:  99                       cltd     
0x06ffe57f:  6a 02                    pushl    $2
0x06ffe581:  b9 00 00 0a 00           movl     $0xa0000, %ecx
0x06ffe586:  29 d9                    subl     %ebx, %ecx
0x06ffe588:  31 db                    xorl     %ebx, %ebx
0x06ffe58a:  53                       pushl    %ebx
0x06ffe58b:  51                       pushl    %ecx
0x06ffe58c:  e8 74 02 ff ff           calll    0x6fee805

----------------
IN: 
0x06fee771:  03 86 08 56 0f 00        addl     0xf5608(%esi), %eax
0x06fee777:  13 96 0c 56 0f 00        adcl     0xf560c(%esi), %edx
0x06fee77d:  39 c7                    cmpl     %eax, %edi
0x06fee77f:  89 e9                    movl     %ebp, %ecx
0x06fee781:  19 d1                    sbbl     %edx, %ecx
0x06fee783:  72 0a                    jb       0x6fee78f

----------------
IN: 
0x06fee785:  8b 04 24                 movl     (%esp), %eax
0x06fee788:  e8 d3 f5 ff ff           calll    0x6fedd60

----------------
IN: 
0x06fedd60:  89 c2                    movl     %eax, %edx
0x06fedd62:  a1 e4 55 0f 00           movl     0xf55e4, %eax
0x06fedd67:  8d 48 ff                 leal     -1(%eax), %ecx
0x06fedd6a:  89 0d e4 55 0f 00        movl     %ecx, 0xf55e4
0x06fedd70:  8d 42 01                 leal     1(%edx), %eax
0x06fedd73:  6b c0 14                 imull    $0x14, %eax, %eax
0x06fedd76:  29 d1                    subl     %edx, %ecx
0x06fedd78:  6b c9 14                 imull    $0x14, %ecx, %ecx
0x06fedd7b:  8d 90 00 56 0f 00        leal     0xf5600(%eax), %edx
0x06fedd81:  05 ec 55 0f 00           addl     $0xf55ec, %eax
0x06fedd86:  e9 b7 ff ff ff           jmp      0x6fedd42

----------------
IN: 
0x06fedd4a:  89 c7                    movl     %eax, %edi
0x06fedd4c:  f3 a4                    rep movsb (%esi), %es:(%edi)

----------------
IN: 
0x06fedd4e:  eb 0d                    jmp      0x6fedd5d

----------------
IN: 
0x06fee78d:  eb c3                    jmp      0x6fee752

----------------
IN: 
0x06fee752:  8b 04 24                 movl     (%esp), %eax
0x06fee755:  3b 05 e4 55 0f 00        cmpl     0xf55e4, %eax
0x06fee75b:  7d 6a                    jge      0x6fee7c7

----------------
IN: 
0x06ffe591:  8b 1d 80 fe ff 06        movl     0x6fffe80, %ebx
0x06ffe597:  83 c4 0c                 addl     $0xc, %esp
0x06ffe59a:  31 ff                    xorl     %edi, %edi
0x06ffe59c:  85 db                    testl    %ebx, %ebx
0x06ffe59e:  74 06                    je       0x6ffe5a6

----------------
IN: 
0x06ffe5a0:  89 df                    movl     %ebx, %edi
0x06ffe5a2:  8b 1b                    movl     (%ebx), %ebx
0x06ffe5a4:  eb f6                    jmp      0x6ffe59c

----------------
IN: 
0x06ffe59c:  85 db                    testl    %ebx, %ebx
0x06ffe59e:  74 06                    je       0x6ffe5a6

----------------
IN: 
0x06ffe5a6:  8b 47 08                 movl     8(%edi), %eax
0x06ffe5a9:  8b 4f 0c                 movl     0xc(%edi), %ecx
0x06ffe5ac:  29 c1                    subl     %eax, %ecx
0x06ffe5ae:  31 d2                    xorl     %edx, %edx
0x06ffe5b0:  e8 1b d1 0e f9           calll    0xeb6d0

----------------
IN: 
0x06ffe5b5:  ff 77 0c                 pushl    0xc(%edi)
0x06ffe5b8:  ff 77 08                 pushl    8(%edi)
0x06ffe5bb:  56                       pushl    %esi
0x06ffe5bc:  ff 35 60 fe ff 06        pushl    0x6fffe60
0x06ffe5c2:  68 32 3f 0f 00           pushl    $0xf3f32
0x06ffe5c7:  e8 0d e9 0e f9           calll    0xeced9

----------------
IN: 
0x06ffe5cc:  a1 84 fe ff 06           movl     0x6fffe84, %eax
0x06ffe5d1:  83 c4 14                 addl     $0x14, %esp
0x06ffe5d4:  85 c0                    testl    %eax, %eax
0x06ffe5d6:  74 06                    je       0x6ffe5de

----------------
IN: 
0x06ffe5d8:  89 c3                    movl     %eax, %ebx
0x06ffe5da:  8b 00                    movl     (%eax), %eax
0x06ffe5dc:  eb f6                    jmp      0x6ffe5d4

----------------
IN: 
0x06ffe5d4:  85 c0                    testl    %eax, %eax
0x06ffe5d6:  74 06                    je       0x6ffe5de

----------------
IN: 
0x06ffe5de:  85 db                    testl    %ebx, %ebx
0x06ffe5e0:  74 29                    je       0x6ffe60b

----------------
IN: 
0x06ffe5e2:  8b 43 08                 movl     8(%ebx), %eax
0x06ffe5e5:  8b 5b 0c                 movl     0xc(%ebx), %ebx
0x06ffe5e8:  29 c3                    subl     %eax, %ebx
0x06ffe5ea:  81 e3 00 f0 ff ff        andl     $0xfffff000, %ebx
0x06ffe5f0:  31 d2                    xorl     %edx, %edx
0x06ffe5f2:  6a 01                    pushl    $1
0x06ffe5f4:  31 ff                    xorl     %edi, %edi
0x06ffe5f6:  57                       pushl    %edi
0x06ffe5f7:  53                       pushl    %ebx
0x06ffe5f8:  e8 08 02 ff ff           calll    0x6fee805

----------------
IN: 
0x06fee6b6:  ff 04 24                 incl     (%esp)
0x06fee6b9:  eb b8                    jmp      0x6fee673

----------------
IN: 
0x06fee673:  39 34 24                 cmpl     %esi, (%esp)
0x06fee676:  0f 8d 4b 01 00 00        jge      0x6fee7c7

----------------
IN: 
0x06fee6eb:  89 f9                    movl     %edi, %ecx
0x06fee6ed:  89 eb                    movl     %ebp, %ebx
0x06fee6ef:  29 c1                    subl     %eax, %ecx
0x06fee6f1:  19 d3                    sbbl     %edx, %ebx
0x06fee6f3:  89 4c 24 14              movl     %ecx, 0x14(%esp)
0x06fee6f7:  89 5c 24 18              movl     %ebx, 0x18(%esp)
0x06fee6fb:  89 44 24 04              movl     %eax, 4(%esp)
0x06fee6ff:  89 54 24 08              movl     %edx, 8(%esp)
0x06fee703:  eb 49                    jmp      0x6fee74e

----------------
IN: 
0x06fee78f:  89 be 00 56 0f 00        movl     %edi, 0xf5600(%esi)
0x06fee795:  89 ae 04 56 0f 00        movl     %ebp, 0xf5604(%esi)
0x06fee79b:  29 f8                    subl     %edi, %eax
0x06fee79d:  19 ea                    sbbl     %ebp, %edx
0x06fee79f:  89 86 08 56 0f 00        movl     %eax, 0xf5608(%esi)
0x06fee7a5:  89 96 0c 56 0f 00        movl     %edx, 0xf560c(%esi)
0x06fee7ab:  8b 4c 24 1c              movl     0x1c(%esp), %ecx
0x06fee7af:  3b 8e 10 56 0f 00        cmpl     0xf5610(%esi), %ecx
0x06fee7b5:  75 10                    jne      0x6fee7c7

----------------
IN: 
0x06ffe5fd:  53                       pushl    %ebx
0x06ffe5fe:  68 59 3f 0f 00           pushl    $0xf3f59
0x06ffe603:  e8 d1 e8 0e f9           calll    0xeced9

----------------
IN: 
0x06ffe608:  83 c4 14                 addl     $0x14, %esp
0x06ffe60b:  e8 be dd fe ff           calll    0x6fec3ce

----------------
IN: 
0x06ffe610:  ff 35 e4 55 0f 00        pushl    0xf55e4
0x06ffe616:  68 78 3f 0f 00           pushl    $0xf3f78
0x06ffe61b:  e8 b9 e8 0e f9           calll    0xeced9

----------------
IN: 
0x06ffe620:  bb 00 56 0f 00           movl     $0xf5600, %ebx
0x06ffe625:  5a                       popl     %edx
0x06ffe626:  59                       popl     %ecx
0x06ffe627:  31 f6                    xorl     %esi, %esi
0x06ffe629:  3b 35 e4 55 0f 00        cmpl     0xf55e4, %esi
0x06ffe62f:  7d 4d                    jge      0x6ffe67e

----------------
IN: 
0x06ffe631:  8b 03                    movl     (%ebx), %eax
0x06ffe633:  8b 53 04                 movl     4(%ebx), %edx
0x06ffe636:  89 c7                    movl     %eax, %edi
0x06ffe638:  89 d5                    movl     %edx, %ebp
0x06ffe63a:  03 7b 08                 addl     8(%ebx), %edi
0x06ffe63d:  13 6b 0c                 adcl     0xc(%ebx), %ebp
0x06ffe640:  89 3c 24                 movl     %edi, (%esp)
0x06ffe643:  89 6c 24 04              movl     %ebp, 4(%esp)
0x06ffe647:  8b 4b 10                 movl     0x10(%ebx), %ecx
0x06ffe64a:  8d 69 ff                 leal     -1(%ecx), %ebp
0x06ffe64d:  bf ea 36 0f 00           movl     $0xf36ea, %edi
0x06ffe652:  83 fd 04                 cmpl     $4, %ebp
0x06ffe655:  77 07                    ja       0x6ffe65e

----------------
IN: 
0x06ffe657:  8b 3c ad 48 f1 ff 06     movl     0x6fff148(, %ebp, 4), %edi
0x06ffe65e:  57                       pushl    %edi
0x06ffe65f:  51                       pushl    %ecx
0x06ffe660:  ff 74 24 0c              pushl    0xc(%esp)
0x06ffe664:  ff 74 24 0c              pushl    0xc(%esp)
0x06ffe668:  52                       pushl    %edx
0x06ffe669:  50                       pushl    %eax
0x06ffe66a:  56                       pushl    %esi
0x06ffe66b:  68 90 3f 0f 00           pushl    $0xf3f90
0x06ffe670:  e8 64 e8 0e f9           calll    0xeced9

----------------
IN: 
0x06ffe675:  46                       incl     %esi
0x06ffe676:  83 c3 14                 addl     $0x14, %ebx
0x06ffe679:  83 c4 20                 addl     $0x20, %esp
0x06ffe67c:  eb ab                    jmp      0x6ffe629

----------------
IN: 
0x06ffe629:  3b 35 e4 55 0f 00        cmpl     0xf55e4, %esi
0x06ffe62f:  7d 4d                    jge      0x6ffe67e

----------------
IN: 
0x06ffe67e:  c7 05 08 62 0f 00 02 00  movl     $2, 0xf6208
0x06ffe686:  00 00
0x06ffe688:  ba 00 00 01 00           movl     $0x10000, %edx
0x06ffe68d:  b8 00 00 0f 00           movl     $0xf0000, %eax
0x06ffe692:  e8 66 cf 0e f9           calll    0xeb5fd

----------------
IN: 
0x06ffe697:  28 05 ff ff 0f 00        subb     %al, 0xfffff
0x06ffe69d:  e8 d3 fe 0e f9           calll    0xee575

----------------
IN: 
0x000ee575:  53                       pushl    %ebx
0x000ee576:  e8 7f bc ff ff           calll    0xea1fa

----------------
IN: 
0x000ee57b:  85 c0                    testl    %eax, %eax
0x000ee57d:  75 3e                    jne      0xee5bd

----------------
IN: 
0x000ee57f:  8b 1d 18 4a 0f 00        movl     0xf4a18, %ebx
0x000ee585:  85 db                    testl    %ebx, %ebx
0x000ee587:  79 0d                    jns      0xee596

----------------
IN: 
0x000ee596:  0f b7 db                 movzwl   %bx, %ebx
0x000ee599:  ba 02 00 00 00           movl     $2, %edx
0x000ee59e:  89 d8                    movl     %ebx, %eax
0x000ee5a0:  e8 40 bf ff ff           calll    0xea4e5

----------------
IN: 
0x000ee5a5:  ba 59 00 00 00           movl     $0x59, %edx
0x000ee5aa:  66 3d 37 12              cmpw     $0x1237, %ax
0x000ee5ae:  74 05                    je       0xee5b5

----------------
IN: 
0x000ee5b5:  89 d8                    movl     %ebx, %eax
0x000ee5b7:  5b                       popl     %ebx
0x000ee5b8:  e9 1e c0 ff ff           jmp      0xea5db

----------------
IN: 
0x000ea5db:  55                       pushl    %ebp
0x000ea5dc:  57                       pushl    %edi
0x000ea5dd:  56                       pushl    %esi
0x000ea5de:  53                       pushl    %ebx
0x000ea5df:  83 ec 14                 subl     $0x14, %esp
0x000ea5e2:  89 d7                    movl     %edx, %edi
0x000ea5e4:  0f 09                    wbinvd   
0x000ea5e6:  89 d6                    movl     %edx, %esi
0x000ea5e8:  83 e6 fc                 andl     $0xfffffffc, %esi
0x000ea5eb:  0f b7 d8                 movzwl   %ax, %ebx
0x000ea5ee:  89 f2                    movl     %esi, %edx
0x000ea5f0:  89 d8                    movl     %ebx, %eax
0x000ea5f2:  e8 ba fe ff ff           calll    0xea4b1

----------------
IN: 
0x000ea5f7:  89 44 24 0c              movl     %eax, 0xc(%esp)
0x000ea5fb:  8d 6e 04                 leal     4(%esi), %ebp
0x000ea5fe:  89 ea                    movl     %ebp, %edx
0x000ea600:  89 d8                    movl     %ebx, %eax
0x000ea602:  e8 aa fe ff ff           calll    0xea4b1

----------------
IN: 
0x000ea607:  89 44 24 10              movl     %eax, 0x10(%esp)
0x000ea60b:  83 e7 03                 andl     $3, %edi
0x000ea60e:  8d 44 3c 0c              leal     0xc(%esp, %edi), %eax
0x000ea612:  89 04 24                 movl     %eax, (%esp)
0x000ea615:  e8 67 ff ff ff           calll    0xea581

----------------
IN: 
0x000ea61a:  89 44 24 08              movl     %eax, 8(%esp)
0x000ea61e:  31 c0                    xorl     %eax, %eax
0x000ea620:  89 c2                    movl     %eax, %edx
0x000ea622:  c1 e2 0f                 shll     $0xf, %edx
0x000ea625:  89 54 24 04              movl     %edx, 4(%esp)
0x000ea629:  81 c2 00 80 0c 00        addl     $0xc8000, %edx
0x000ea62f:  39 54 24 08              cmpl     %edx, 8(%esp)
0x000ea633:  73 1a                    jae      0xea64f

----------------
IN: 
0x000ea64f:  8b 0c 24                 movl     (%esp), %ecx
0x000ea652:  c6 44 01 01 11           movb     $0x11, 1(%ecx, %eax)
0x000ea657:  40                       incl     %eax
0x000ea658:  83 f8 06                 cmpl     $6, %eax
0x000ea65b:  75 c3                    jne      0xea620

----------------
IN: 
0x000ea620:  89 c2                    movl     %eax, %edx
0x000ea622:  c1 e2 0f                 shll     $0xf, %edx
0x000ea625:  89 54 24 04              movl     %edx, 4(%esp)
0x000ea629:  81 c2 00 80 0c 00        addl     $0xc8000, %edx
0x000ea62f:  39 54 24 08              cmpl     %edx, 8(%esp)
0x000ea633:  73 1a                    jae      0xea64f

----------------
IN: 
0x000ea635:  8b 54 24 04              movl     4(%esp), %edx
0x000ea639:  81 c2 00 40 0c 00        addl     $0xc4000, %edx
0x000ea63f:  39 54 24 08              cmpl     %edx, 8(%esp)
0x000ea643:  72 18                    jb       0xea65d

----------------
IN: 
0x000ea65d:  c6 44 3c 0c 10           movb     $0x10, 0xc(%esp, %edi)
0x000ea662:  8b 4c 24 0c              movl     0xc(%esp), %ecx
0x000ea666:  89 f2                    movl     %esi, %edx
0x000ea668:  89 d8                    movl     %ebx, %eax
0x000ea66a:  e8 85 fd ff ff           calll    0xea3f4

----------------
IN: 
0x000ea66f:  8b 4c 24 10              movl     0x10(%esp), %ecx
0x000ea673:  89 ea                    movl     %ebp, %edx
0x000ea675:  89 d8                    movl     %ebx, %eax
0x000ea677:  83 c4 14                 addl     $0x14, %esp
0x000ea67a:  5b                       popl     %ebx
0x000ea67b:  5e                       popl     %esi
0x000ea67c:  5f                       popl     %edi
0x000ea67d:  5d                       popl     %ebp
0x000ea67e:  e9 71 fd ff ff           jmp      0xea3f4

----------------
IN: 
0x06ffe6a2:  81 c4 2c 01 00 00        addl     $0x12c, %esp
0x06ffe6a8:  5b                       popl     %ebx
0x06ffe6a9:  5e                       popl     %esi
0x06ffe6aa:  5f                       popl     %edi
0x06ffe6ab:  5d                       popl     %ebp
0x06ffe6ac:  e9 03 20 0f f9           jmp      0xf06b4

----------------
IN: 
0x000f06b4:  83 ec 28                 subl     $0x28, %esp
0x000f06b7:  b9 00 90 08 00           movl     $0x89000, %ecx
0x000f06bc:  31 d2                    xorl     %edx, %edx
0x000f06be:  b8 00 70 00 00           movl     $0x7000, %eax
0x000f06c3:  e8 08 b0 ff ff           calll    0xeb6d0

----------------
IN: 
0x000f06c8:  b9 26 00 00 00           movl     $0x26, %ecx
0x000f06cd:  8d 44 24 02              leal     2(%esp), %eax
0x000f06d1:  e8 fa af ff ff           calll    0xeb6d0

----------------
IN: 
0x000f06d6:  66 c7 44 24 26 00 02     movw     $0x200, 0x26(%esp)
0x000f06dd:  ba 63 d0 0f 00           movl     $0xfd063, %edx
0x000f06e2:  0f b7 d2                 movzwl   %dx, %edx
0x000f06e5:  e8 46 c7 ff ff           calll    0xece30

----------------
IN: 
0x000fd063:  cd 19                    int      $0x19

----------------
IN: 
0x000fe6f2:  e9 5a ed                 jmp      0xfd44f

----------------
IN: 
0x000fd44f:  31 d2                    xorw     %dx, %dx
0x000fd451:  8e d2                    movw     %dx, %ss

----------------
IN: 
0x000fd453:  66 bc 00 70 00 00        movl     $0x7000, %esp

----------------
IN: 
0x000fd459:  66 ba fd 07 0f 00        movl     $0xf07fd, %edx
0x000fd45f:  e9 c3 fa                 jmp      0xfcf25

----------------
IN: 
0x000fcf25:  fa                       cli      
0x000fcf26:  fc                       cld      
0x000fcf27:  66 89 c1                 movl     %eax, %ecx
0x000fcf2a:  66 b8 8f 00 00 00        movl     $0x8f, %eax
0x000fcf30:  e6 70                    outb     %al, $0x70

----------------
IN: 
0x000fcf32:  e4 71                    inb      $0x71, %al

----------------
IN: 
0x000fcf34:  e4 92                    inb      $0x92, %al

----------------
IN: 
0x000fcf36:  0c 02                    orb      $2, %al
0x000fcf38:  e6 92                    outb     %al, $0x92

----------------
IN: 
0x000fcf3a:  66 89 c8                 movl     %ecx, %eax
0x000fcf3d:  2e 0f 01 1e f8 61        lidtw    %cs:0x61f8
0x000fcf43:  2e 0f 01 16 b8 61        lgdtw    %cs:0x61b8
0x000fcf49:  0f 20 c1                 movl     %cr0, %ecx
0x000fcf4c:  66 81 e1 ff ff ff 1f     andl     $0x1fffffff, %ecx
0x000fcf53:  66 83 c9 01              orl      $1, %ecx
0x000fcf57:  0f 22 c1                 movl     %ecx, %cr0

----------------
IN: 
0x000fcf62:  b9 10 00 00 00           movl     $0x10, %ecx
0x000fcf67:  8e d9                    movl     %ecx, %ds

----------------
IN: 
0x000fcf69:  8e c1                    movl     %ecx, %es

----------------
IN: 
0x000f07fd:  68 20 48 0f 00           pushl    $0xf4820
0x000f0802:  68 90 42 0f 00           pushl    $0xf4290
0x000f0807:  e8 cd c6 ff ff           calll    0xeced9

----------------
IN: 
0x000f080c:  68 9b 42 0f 00           pushl    $0xf429b
0x000f0811:  e8 c3 c6 ff ff           calll    0xeced9

----------------
IN: 
0x000f0816:  31 c0                    xorl     %eax, %eax
0x000f0818:  a3 38 99 0e 00           movl     %eax, 0xe9938
0x000f081d:  83 c4 0c                 addl     $0xc, %esp
0x000f0820:  31 c0                    xorl     %eax, %eax
0x000f0822:  e9 f1 f9 ff ff           jmp      0xf0218

----------------
IN: 
0x000f0218:  56                       pushl    %esi
0x000f0219:  53                       pushl    %ebx
0x000f021a:  83 ec 28                 subl     $0x28, %esp
0x000f021d:  39 05 c8 4c 0f 00        cmpl     %eax, 0xf4cc8
0x000f0223:  0f 8e 31 01 00 00        jle      0xf035a

----------------
IN: 
0x000f0229:  89 c2                    movl     %eax, %edx
0x000f022b:  8b 04 c5 e0 4c 0f 00     movl     0xf4ce0(, %eax, 8), %eax
0x000f0232:  83 f8 03                 cmpl     $3, %eax
0x000f0235:  74 5e                    je       0xf0295

----------------
IN: 
0x000f0237:  7f 24                    jg       0xf025d

----------------
IN: 
0x000f0239:  83 f8 01                 cmpl     $1, %eax
0x000f023c:  74 3a                    je       0xf0278

----------------
IN: 
0x000f023e:  83 f8 02                 cmpl     $2, %eax
0x000f0241:  0f 85 18 01 00 00        jne      0xf035f

----------------
IN: 
0x000f0247:  68 10 30 0f 00           pushl    $0xf3010
0x000f024c:  e8 60 ec ff ff           calll    0xeeeb1

----------------
IN: 
0x000ecaa0:  83 3d 08 62 0f 00 01     cmpl     $1, 0xf6208
0x000ecaa7:  74 05                    je       0xecaae

----------------
IN: 
0x000ecaa9:  b9 73 cf 0f 00           movl     $0xfcf73, %ecx
0x000ecaae:  89 f0                    movl     %esi, %eax
0x000ecab0:  ba 46 62 00 00           movl     $0x6246, %edx
0x000ecab5:  ff e1                    jmpl     *%ecx

----------------
IN: 
0x000fcf73:  b9 20 00 00 00           movl     $0x20, %ecx
0x000fcf78:  8e d9                    movl     %ecx, %ds

----------------
IN: 
0x000fcf7a:  8e c1                    movl     %ecx, %es

----------------
IN: 
0x000fcf7c:  8e d1                    movl     %ecx, %ss

----------------
IN: 
0x000fcf7e:  8e e1                    movl     %ecx, %fs

----------------
IN: 
0x000fcf80:  8e e9                    movl     %ecx, %gs
0x000fcf82:  66 ea 9d cf 18 00        ljmpw    $0x18:$0xcf9d

----------------
IN: 
0x000f0251:  ba 01 00 00 00           movl     $1, %edx
0x000f0256:  b8 80 00 00 00           movl     $0x80, %eax
0x000f025b:  eb 2d                    jmp      0xf028a

----------------
IN: 
0x000f028a:  e8 aa ed ff ff           calll    0xef039

----------------
IN: 
0x000ef039:  56                       pushl    %esi
0x000ef03a:  53                       pushl    %ebx
0x000ef03b:  83 ec 28                 subl     $0x28, %esp
0x000ef03e:  89 c3                    movl     %eax, %ebx
0x000ef040:  89 d6                    movl     %edx, %esi
0x000ef042:  b9 26 00 00 00           movl     $0x26, %ecx
0x000ef047:  31 d2                    xorl     %edx, %edx
0x000ef049:  8d 44 24 02              leal     2(%esp), %eax
0x000ef04d:  e8 7e c6 ff ff           calll    0xeb6d0

----------------
IN: 
0x000ef052:  66 c7 44 24 26 00 02     movw     $0x200, 0x26(%esp)
0x000ef059:  88 5c 24 16              movb     %bl, 0x16(%esp)
0x000ef05d:  66 c7 44 24 04 c0 07     movw     $0x7c0, 4(%esp)
0x000ef064:  66 c7 44 24 1e 01 02     movw     $0x201, 0x1e(%esp)
0x000ef06b:  c6 44 24 1a 01           movb     $1, 0x1a(%esp)
0x000ef070:  ba 57 d0 0f 00           movl     $0xfd057, %edx
0x000ef075:  0f b7 d2                 movzwl   %dx, %edx
0x000ef078:  e8 b3 dd ff ff           calll    0xece30

----------------
IN: 
0x000fd057:  cd 13                    int      $0x13

----------------
IN: 
0x000fe3fe:  e9 0f f0                 jmp      0xfd410

----------------
IN: 
0x000fd410:  66 68 5d ff 00 00        pushl    $0xff5d
0x000fd416:  e9 55 ff                 jmp      0xfd36e

----------------
IN: 
0x000fff5d:  66 ba 80 da 00 00        movl     $0xda80, %edx
0x000fff63:  67 80 78 1d 4b           cmpb     $0x4b, 0x1d(%eax)
0x000fff68:  75 43                    jne      0xfffad

----------------
IN: 
0x000fffad:  67 8a 48 14              movb     0x14(%eax), %cl
0x000fffb1:  8e c2                    movw     %dx, %es
0x000fffb3:  26 8a 16 8d f1           movb     %es:0xf18d, %dl
0x000fffb8:  84 d2                    testb    %dl, %dl
0x000fffba:  74 2a                    je       0xfffe6

----------------
IN: 
0x000fffe6:  66 0f b6 d1              movzbl   %cl, %edx
0x000fffea:  e9 30 b7                 jmp      0xfb71d

----------------
IN: 
0x000fb71d:  84 d2                    testb    %dl, %dl
0x000fb71f:  78 37                    js       0xfb758

----------------
IN: 
0x000fb758:  80 fa df                 cmpb     $0xdf, %dl
0x000fb75b:  76 10                    jbe      0xfb76d

----------------
IN: 
0x000fb76d:  67 66 8d 4a 80           leal     -0x80(%edx), %ecx
0x000fb772:  80 f9 0f                 cmpb     $0xf, %cl
0x000fb775:  77 1a                    ja       0xfb791

----------------
IN: 
0x000fb777:  66 83 ea 70              subl     $0x70, %edx
0x000fb77b:  66 0f b6 d2              movzbl   %dl, %edx
0x000fb77f:  2e 67 66 8b 14 95 e0 60  movl     %cs:0x60e0(, %edx, 4), %edx
0x000fb787:  00 00
0x000fb789:  66 85 d2                 testl    %edx, %edx
0x000fb78c:  74 03                    je       0xfb791

----------------
IN: 
0x000fb78e:  e9 45 fc                 jmp      0xfb3d6

----------------
IN: 
0x000fb3d6:  66 56                    pushl    %esi
0x000fb3d8:  66 53                    pushl    %ebx
0x000fb3da:  66 89 d6                 movl     %edx, %esi
0x000fb3dd:  66 b9 40 00 00 00        movl     $0x40, %ecx
0x000fb3e3:  8e c1                    movw     %cx, %es
0x000fb3e5:  66 31 d2                 xorl     %edx, %edx
0x000fb3e8:  26 88 16 8e 00           movb     %dl, %es:0x8e
0x000fb3ed:  67 8a 50 1d              movb     0x1d(%eax), %dl
0x000fb3f1:  80 fa 14                 cmpb     $0x14, %dl
0x000fb3f4:  0f 84 6d 01              je       0xfb565

----------------
IN: 
0x000fb3f8:  77 79                    ja       0xfb473

----------------
IN: 
0x000fb3fa:  80 fa 08                 cmpb     $8, %dl
0x000fb3fd:  0f 84 3e 01              je       0xfb53f

----------------
IN: 
0x000fb401:  77 39                    ja       0xfb43c

----------------
IN: 
0x000fb403:  80 fa 03                 cmpb     $3, %dl
0x000fb406:  0f 84 1d 01              je       0xfb527

----------------
IN: 
0x000fb40a:  77 18                    ja       0xfb424

----------------
IN: 
0x000fb40c:  80 fa 01                 cmpb     $1, %dl
0x000fb40f:  0f 84 d8 00              je       0xfb4eb

----------------
IN: 
0x000fb413:  80 fa 02                 cmpb     $2, %dl
0x000fb416:  0f 84 05 01              je       0xfb51f

----------------
IN: 
0x000fb51f:  66 b9 02 00 00 00        movl     $2, %ecx
0x000fb525:  eb 06                    jmp      0xfb52d

----------------
IN: 
0x000fb52d:  66 89 f2                 movl     %esi, %edx
0x000fb530:  66 5b                    popl     %ebx
0x000fb532:  66 5e                    popl     %esi
0x000fb534:  e9 1d fb                 jmp      0xfb054

----------------
IN: 
0x000fb054:  66 55                    pushl    %ebp
0x000fb056:  66 57                    pushl    %edi
0x000fb058:  66 56                    pushl    %esi
0x000fb05a:  66 53                    pushl    %ebx
0x000fb05c:  66 83 ec 18              subl     $0x18, %esp
0x000fb060:  66 89 c6                 movl     %eax, %esi
0x000fb063:  66 89 d0                 movl     %edx, %eax
0x000fb066:  67 66 89 54 24 08        movl     %edx, 8(%esp)
0x000fb06c:  67 88 4c 24 0c           movb     %cl, 0xc(%esp)
0x000fb071:  67 66 0f b6 56 1c        movzbl   0x1c(%esi), %edx
0x000fb077:  67 8a 5e 18              movb     0x18(%esi), %bl
0x000fb07b:  66 89 df                 movl     %ebx, %edi
0x000fb07e:  66 83 e7 3f              andl     $0x3f, %edi
0x000fb082:  88 d1                    movb     %dl, %cl
0x000fb084:  fe c9                    decb     %cl
0x000fb086:  78 07                    js       0xfb08f

----------------
IN: 
0x000fb088:  66 89 f9                 movl     %edi, %ecx
0x000fb08b:  84 c9                    testb    %cl, %cl
0x000fb08d:  75 09                    jne      0xfb098

----------------
IN: 
0x000fb098:  66 c1 e3 02              shll     $2, %ebx
0x000fb09c:  81 e3 00 03              andw     $0x300, %bx
0x000fb0a0:  67 66 0f b6 4e 19        movzbl   0x19(%esi), %ecx
0x000fb0a6:  66 09 cb                 orl      %ecx, %ebx
0x000fb0a9:  67 66 0f b6 6e 15        movzbl   0x15(%esi), %ebp
0x000fb0af:  67 89 54 24 0e           movw     %dx, 0xe(%esp)
0x000fb0b4:  66 e8 5b bd ff ff        calll    0xf6e15

----------------
IN: 
0x000f6e15:  66 89 c2                 movl     %eax, %edx
0x000f6e18:  2e 66 a1 c8 60           movl     %cs:0x60c8, %eax
0x000f6e1d:  66 39 c2                 cmpl     %eax, %edx
0x000f6e20:  75 47                    jne      0xf6e69

----------------
IN: 
0x000f6e69:  66 53                    pushl    %ebx
0x000f6e6b:  67 66 8d 42 04           leal     4(%edx), %eax
0x000f6e70:  66 89 c1                 movl     %eax, %ecx
0x000f6e73:  66 c1 e9 04              shrl     $4, %ecx
0x000f6e77:  8e c1                    movw     %cx, %es
0x000f6e79:  66 83 e0 0f              andl     $0xf, %eax
0x000f6e7d:  26 67 8b 08              movw     %es:(%eax), %cx
0x000f6e81:  67 66 8d 42 02           leal     2(%edx), %eax
0x000f6e86:  66 89 c3                 movl     %eax, %ebx
0x000f6e89:  66 c1 eb 04              shrl     $4, %ebx
0x000f6e8d:  8e c3                    movw     %bx, %es
0x000f6e8f:  66 83 e0 0f              andl     $0xf, %eax
0x000f6e93:  26 67 8b 00              movw     %es:(%eax), %ax
0x000f6e97:  66 83 c2 06              addl     $6, %edx
0x000f6e9b:  66 89 d3                 movl     %edx, %ebx
0x000f6e9e:  66 c1 eb 04              shrl     $4, %ebx
0x000f6ea2:  8e c3                    movw     %bx, %es
0x000f6ea4:  66 83 e2 0f              andl     $0xf, %edx
0x000f6ea8:  26 67 8b 12              movw     %es:(%edx), %dx
0x000f6eac:  66 c1 e1 10              shll     $0x10, %ecx
0x000f6eb0:  66 0f b7 c0              movzwl   %ax, %eax
0x000f6eb4:  66 09 c8                 orl      %ecx, %eax
0x000f6eb7:  66 0f b7 d2              movzwl   %dx, %edx
0x000f6ebb:  66 5b                    popl     %ebx
0x000f6ebd:  66 c3                    retl     

----------------
IN: 
0x000fb0ba:  66 89 e9                 movl     %ebp, %ecx
0x000fb0bd:  66 0f b6 c9              movzbl   %cl, %ecx
0x000fb0c1:  39 c1                    cmpw     %ax, %cx
0x000fb0c3:  67 0f 93 44 24 03        setae    3(%esp)
0x000fb0c9:  66 89 f9                 movl     %edi, %ecx
0x000fb0cc:  66 0f b6 c9              movzbl   %cl, %ecx
0x000fb0d0:  39 ca                    cmpw     %cx, %dx
0x000fb0d2:  0f 92 c1                 setb     %cl
0x000fb0d5:  67 0a 4c 24 03           orb      3(%esp), %cl
0x000fb0da:  75 0b                    jne      0xfb0e7

----------------
IN: 
0x000fb0dc:  66 89 c1                 movl     %eax, %ecx
0x000fb0df:  66 c1 e9 10              shrl     $0x10, %ecx
0x000fb0e3:  39 cb                    cmpw     %cx, %bx
0x000fb0e5:  72 08                    jb       0xfb0ef

----------------
IN: 
0x000fb0ef:  66 0f bf db              movswl   %bx, %ebx
0x000fb0f3:  66 0f b7 c0              movzwl   %ax, %eax
0x000fb0f7:  66 0f af d8              imull    %eax, %ebx
0x000fb0fb:  66 89 e8                 movl     %ebp, %eax
0x000fb0fe:  66 0f b6 e8              movzbl   %al, %ebp
0x000fb102:  66 01 eb                 addl     %ebp, %ebx
0x000fb105:  66 0f b7 d2              movzwl   %dx, %edx
0x000fb109:  66 0f af da              imull    %edx, %ebx
0x000fb10d:  66 89 f8                 movl     %edi, %eax
0x000fb110:  66 0f b6 f8              movzbl   %al, %edi
0x000fb114:  67 66 8d 44 3b ff        leal     -1(%ebx, %edi), %eax
0x000fb11a:  67 66 89 44 24 10        movl     %eax, 0x10(%esp)
0x000fb120:  66 31 c0                 xorl     %eax, %eax
0x000fb123:  67 66 89 44 24 14        movl     %eax, 0x14(%esp)
0x000fb129:  67 66 0f b7 46 02        movzwl   2(%esi), %eax
0x000fb12f:  66 c1 e0 04              shll     $4, %eax
0x000fb133:  67 66 0f b7 56 10        movzwl   0x10(%esi), %edx
0x000fb139:  66 01 d0                 addl     %edx, %eax
0x000fb13c:  67 66 89 44 24 04        movl     %eax, 4(%esp)
0x000fb142:  67 66 8d 44 24 04        leal     4(%esp), %eax
0x000fb148:  66 e8 88 fb ff ff        calll    0xfacd6

----------------
IN: 
0x000facd6:  66 55                    pushl    %ebp
0x000facd8:  66 57                    pushl    %edi
0x000facda:  66 56                    pushl    %esi
0x000facdc:  66 53                    pushl    %ebx
0x000facde:  66 51                    pushl    %ecx
0x000face0:  66 89 c6                 movl     %eax, %esi
0x000face3:  67 66 0f b7 78 0a        movzwl   0xa(%eax), %edi
0x000face9:  67 66 8b 58 04           movl     4(%eax), %ebx
0x000facee:  67 66 8d 43 1a           leal     0x1a(%ebx), %eax
0x000facf3:  66 89 c2                 movl     %eax, %edx
0x000facf6:  66 c1 ea 04              shrl     $4, %edx
0x000facfa:  8e c2                    movw     %dx, %es
0x000facfc:  66 83 e0 0f              andl     $0xf, %eax
0x000fad00:  26 67 8b 00              movw     %es:(%eax), %ax
0x000fad04:  66 0f b7 c0              movzwl   %ax, %eax
0x000fad08:  66 0f af c7              imull    %edi, %eax
0x000fad0c:  66 3d 00 00 01 00        cmpl     $0x10000, %eax
0x000fad12:  7e 0f                    jle      0xfad23

----------------
IN: 
0x000fad23:  66 89 d8                 movl     %ebx, %eax
0x000fad26:  66 c1 e8 04              shrl     $4, %eax
0x000fad2a:  8e c0                    movw     %ax, %es
0x000fad2c:  66 89 d8                 movl     %ebx, %eax
0x000fad2f:  66 83 e0 0f              andl     $0xf, %eax
0x000fad33:  26 67 8a 00              movb     %es:(%eax), %al
0x000fad37:  3c 30                    cmpb     $0x30, %al
0x000fad39:  0f 84 fc 01              je       0xfaf39

----------------
IN: 
0x000fad3d:  77 0d                    ja       0xfad4c

----------------
IN: 
0x000fad3f:  3c 10                    cmpb     $0x10, %al
0x000fad41:  74 12                    je       0xfad55

----------------
IN: 
0x000fad43:  3c 20                    cmpb     $0x20, %al
0x000fad45:  0f 84 ab 00              je       0xfadf4

----------------
IN: 
0x000fadf4:  67 8a 46 08              movb     8(%esi), %al
0x000fadf8:  3c 03                    cmpb     $3, %al
0x000fadfa:  74 3b                    je       0xfae37

----------------
IN: 
0x000fadfc:  77 0e                    ja       0xfae0c

----------------
IN: 
0x000fadfe:  84 c0                    testb    %al, %al
0x000fae00:  74 47                    je       0xfae49

----------------
IN: 
0x000fae02:  66 31 d2                 xorl     %edx, %edx
0x000fae05:  3c 02                    cmpb     $2, %al
0x000fae07:  74 34                    je       0xfae3d

----------------
IN: 
0x000fae3d:  66 89 f0                 movl     %esi, %eax
0x000fae40:  66 e8 8f fb ff ff        calll    0xfa9d5

----------------
IN: 
0x000fa9d5:  66 55                    pushl    %ebp
0x000fa9d7:  66 57                    pushl    %edi
0x000fa9d9:  66 56                    pushl    %esi
0x000fa9db:  66 53                    pushl    %ebx
0x000fa9dd:  66 83 ec 18              subl     $0x18, %esp
0x000fa9e1:  66 89 c3                 movl     %eax, %ebx
0x000fa9e4:  66 89 d5                 movl     %edx, %ebp
0x000fa9e7:  67 66 8b 70 0c           movl     0xc(%eax), %esi
0x000fa9ec:  67 66 8b 78 10           movl     0x10(%eax), %edi
0x000fa9f1:  67 66 8d 44 24 0c        leal     0xc(%esp), %eax
0x000fa9f7:  66 b9 0c 00 00 00        movl     $0xc, %ecx
0x000fa9fd:  66 31 d2                 xorl     %edx, %edx
0x000faa00:  66 e8 3a c7 ff ff        calll    0xf7140

----------------
IN: 
0x000faa06:  67 66 0f b7 43 0a        movzwl   0xa(%ebx), %eax
0x000faa0c:  67 89 44 24 02           movw     %ax, 2(%esp)
0x000faa11:  3d ff 00                 cmpw     $0xff, %ax
0x000faa14:  77 33                    ja       0xfaa49

----------------
IN: 
0x000faa16:  66 89 f2                 movl     %esi, %edx
0x000faa19:  66 89 f9                 movl     %edi, %ecx
0x000faa1c:  66 01 c2                 addl     %eax, %edx
0x000faa1f:  66 83 d1 00              adcl     $0, %ecx
0x000faa23:  67 66 89 54 24 04        movl     %edx, 4(%esp)
0x000faa29:  67 66 89 4c 24 08        movl     %ecx, 8(%esp)
0x000faa2f:  66 b8 ff ff ff 0f        movl     $0xfffffff, %eax
0x000faa35:  67 66 3b 44 24 04        cmpl     4(%esp), %eax
0x000faa3b:  66 b8 00 00 00 00        movl     $0, %eax
0x000faa41:  67 66 1b 44 24 08        sbbl     8(%esp), %eax
0x000faa47:  73 40                    jae      0xfaa89

----------------
IN: 
0x000faa89:  b0 20                    movb     $0x20, %al
0x000faa8b:  66 85 ed                 testl    %ebp, %ebp
0x000faa8e:  74 02                    je       0xfaa92

----------------
IN: 
0x000faa92:  67 88 44 24 12           movb     %al, 0x12(%esp)
0x000faa97:  67 8a 44 24 02           movb     2(%esp), %al
0x000faa9c:  67 88 44 24 0d           movb     %al, 0xd(%esp)
0x000faaa1:  67 89 74 24 0e           movw     %si, 0xe(%esp)
0x000faaa6:  66 89 f0                 movl     %esi, %eax
0x000faaa9:  66 89 fa                 movl     %edi, %edx
0x000faaac:  66 0f ac d0 10           shrdl    $0x10, %edx, %eax
0x000faab1:  66 c1 ea 10              shrl     $0x10, %edx
0x000faab5:  67 88 44 24 10           movb     %al, 0x10(%esp)
0x000faaba:  66 0f ac fe 18           shrdl    $0x18, %edi, %esi
0x000faabf:  66 c1 ef 18              shrl     $0x18, %edi
0x000faac3:  66 83 e6 0f              andl     $0xf, %esi
0x000faac7:  66 89 f0                 movl     %esi, %eax
0x000faaca:  66 83 c8 40              orl      $0x40, %eax
0x000faace:  67 88 44 24 11           movb     %al, 0x11(%esp)
0x000faad3:  67 66 8b 4b 04           movl     4(%ebx), %ecx
0x000faad8:  2e 67 66 8b 81 2c 00 f1  movl     %cs:-0xeffd4(%ecx), %eax
0x000faae0:  ff
0x000faae1:  2e 67 8b b8 00 00 f1 ff  movw     %cs:-0xf0000(%eax), %di
0x000faae9:  2e 67 8b b0 02 00 f1 ff  movw     %cs:-0xefffe(%eax), %si
0x000faaf1:  66 83 c6 02              addl     $2, %esi
0x000faaf5:  b0 0a                    movb     $0xa, %al
0x000faaf7:  66 89 f2                 movl     %esi, %edx
0x000faafa:  ee                       outb     %al, %dx

----------------
IN: 
0x000faafb:  67 66 8d 54 24 0c        leal     0xc(%esp), %edx
0x000fab01:  66 89 c8                 movl     %ecx, %eax
0x000fab04:  66 e8 75 fc ff ff        calll    0xfa77f

----------------
IN: 
0x000fa77f:  66 55                    pushl    %ebp
0x000fa781:  66 57                    pushl    %edi
0x000fa783:  66 56                    pushl    %esi
0x000fa785:  66 53                    pushl    %ebx
0x000fa787:  66 83 ec 08              subl     $8, %esp
0x000fa78b:  66 89 d3                 movl     %edx, %ebx
0x000fa78e:  2e 67 66 8b 90 2c 00 f1  movl     %cs:-0xeffd4(%eax), %edx
0x000fa796:  ff
0x000fa797:  2e 67 8a 80 30 00 f1 ff  movb     %cs:-0xeffd0(%eax), %al
0x000fa79f:  66 89 c7                 movl     %eax, %edi
0x000fa7a2:  2e 67 8b aa 00 00 f1 ff  movw     %cs:-0xf0000(%edx), %bp
0x000fa7aa:  66 0f b7 c5              movzwl   %bp, %eax
0x000fa7ae:  66 e8 3e ff ff ff        calll    0xfa6f2

----------------
IN: 
0x000fa6f2:  66 0f b7 c8              movzwl   %ax, %ecx
0x000fa6f6:  66 31 d2                 xorl     %edx, %edx
0x000fa6f9:  66 b8 80 00 00 00        movl     $0x80, %eax
0x000fa6ff:  e9 7e ff                 jmp      0xfa680

----------------
IN: 
0x000fa680:  66 55                    pushl    %ebp
0x000fa682:  66 57                    pushl    %edi
0x000fa684:  66 56                    pushl    %esi
0x000fa686:  66 53                    pushl    %ebx
0x000fa688:  66 89 c3                 movl     %eax, %ebx
0x000fa68b:  66 89 d6                 movl     %edx, %esi
0x000fa68e:  66 89 cf                 movl     %ecx, %edi
0x000fa691:  66 b8 00 7d 00 00        movl     $0x7d00, %eax
0x000fa697:  66 e8 6f cf ff ff        calll    0xf760c

----------------
IN: 
0x000f760c:  66 53                    pushl    %ebx
0x000f760e:  66 89 c3                 movl     %eax, %ebx
0x000f7611:  66 e8 58 ff ff ff        calll    0xf756f

----------------
IN: 
0x000f756f:  2e 8b 16 78 60           movw     %cs:0x6078, %dx
0x000f7574:  85 d2                    testw    %dx, %dx
0x000f7576:  75 1b                    jne      0xf7593

----------------
IN: 
0x000f7593:  66 b9 80 da 00 00        movl     $0xda80, %ecx
0x000f7599:  83 fa 40                 cmpw     $0x40, %dx
0x000f759c:  74 2a                    je       0xf75c8

----------------
IN: 
0x000f759e:  66 ed                    inl      %dx, %eax

----------------
IN: 
0x000f75a0:  8e c1                    movw     %cx, %es
0x000f75a2:  26 66 8b 16 54 f1        movl     %es:0xf154, %edx
0x000f75a8:  66 31 d0                 xorl     %edx, %eax
0x000f75ab:  66 25 ff ff ff 00        andl     $0xffffff, %eax
0x000f75b1:  66 31 d0                 xorl     %edx, %eax
0x000f75b4:  66 39 d0                 cmpl     %edx, %eax
0x000f75b7:  73 06                    jae      0xf75bf

----------------
IN: 
0x000f75bf:  8e c1                    movw     %cx, %es
0x000f75c1:  26 66 a3 54 f1           movl     %eax, %es:0xf154
0x000f75c6:  66 c3                    retl     

----------------
IN: 
0x000f7617:  2e 66 8b 16 7c 60        movl     %cs:0x607c, %edx
0x000f761d:  66 0f af da              imull    %edx, %ebx
0x000f7621:  66 01 d8                 addl     %ebx, %eax
0x000f7624:  66 5b                    popl     %ebx
0x000f7626:  66 c3                    retl     

----------------
IN: 
0x000fa69d:  66 89 c5                 movl     %eax, %ebp
0x000fa6a0:  67 66 8d 57 07           leal     7(%edi), %edx
0x000fa6a5:  ec                       inb      %dx, %al

----------------
IN: 
0x000fa6a6:  88 c2                    movb     %al, %dl
0x000fa6a8:  66 21 da                 andl     %ebx, %edx
0x000fa6ab:  66 89 f1                 movl     %esi, %ecx
0x000fa6ae:  38 ca                    cmpb     %cl, %dl
0x000fa6b0:  75 06                    jne      0xfa6b8

----------------
IN: 
0x000fa6b2:  66 0f b6 c0              movzbl   %al, %eax
0x000fa6b6:  eb 30                    jmp      0xfa6e8

----------------
IN: 
0x000fa6e8:  66 5b                    popl     %ebx
0x000fa6ea:  66 5e                    popl     %esi
0x000fa6ec:  66 5f                    popl     %edi
0x000fa6ee:  66 5d                    popl     %ebp
0x000fa6f0:  66 c3                    retl     

----------------
IN: 
0x000fa7b4:  66 40                    incl     %eax
0x000fa7b6:  75 09                    jne      0xfa7c1

----------------
IN: 
0x000fa7c1:  67 8a 43 05              movb     5(%ebx), %al
0x000fa7c5:  66 83 e0 4f              andl     $0x4f, %eax
0x000fa7c9:  b1 a0                    movb     $0xa0, %cl
0x000fa7cb:  66 89 fa                 movl     %edi, %edx
0x000fa7ce:  84 d2                    testb    %dl, %dl
0x000fa7d0:  74 02                    je       0xfa7d4

----------------
IN: 
0x000fa7d4:  66 09 c1                 orl      %eax, %ecx
0x000fa7d7:  67 66 8d 55 06           leal     6(%ebp), %edx
0x000fa7dc:  ec                       inb      %dx, %al

----------------
IN: 
0x000fa7dd:  66 89 c7                 movl     %eax, %edi
0x000fa7e0:  88 c8                    movb     %cl, %al
0x000fa7e2:  ee                       outb     %al, %dx

----------------
IN: 
0x000fa7e3:  66 31 f9                 xorl     %edi, %ecx
0x000fa7e6:  80 e1 10                 andb     $0x10, %cl
0x000fa7e9:  75 62                    jne      0xfa84d

----------------
IN: 
0x000fa84d:  66 0f b7 c5              movzwl   %bp, %eax
0x000fa851:  66 e8 ab fe ff ff        calll    0xfa702

----------------
IN: 
0x000fa702:  66 56                    pushl    %esi
0x000fa704:  66 53                    pushl    %ebx
0x000fa706:  66 89 c6                 movl     %eax, %esi
0x000fa709:  66 e8 60 ce ff ff        calll    0xf756f

----------------
IN: 
0x000fa70f:  66 89 c1                 movl     %eax, %ecx
0x000fa712:  2e 66 a1 7c 60           movl     %cs:0x607c, %eax
0x000fa717:  66 69 c0 90 01 00 00     imull    $0x190, %eax, %eax
0x000fa71e:  66 05 3f 42 0f 00        addl     $0xf423f, %eax
0x000fa724:  66 bb 40 42 0f 00        movl     $0xf4240, %ebx
0x000fa72a:  66 31 d2                 xorl     %edx, %edx
0x000fa72d:  66 f7 f3                 divl     %ebx
0x000fa730:  67 66 8d 1c 08           leal     (%eax, %ecx), %ebx
0x000fa735:  66 89 d8                 movl     %ebx, %eax
0x000fa738:  66 e8 fc 47 00 00        calll    0xfef3a

----------------
IN: 
0x000fef3a:  66 53                    pushl    %ebx
0x000fef3c:  66 89 c3                 movl     %eax, %ebx
0x000fef3f:  66 e8 2a 86 ff ff        calll    0xf756f

----------------
IN: 
0x000fef45:  66 29 d8                 subl     %ebx, %eax
0x000fef48:  66 85 c0                 testl    %eax, %eax
0x000fef4b:  0f 9f c0                 setg     %al
0x000fef4e:  66 0f b6 c0              movzbl   %al, %eax
0x000fef52:  66 5b                    popl     %ebx
0x000fef54:  66 c3                    retl     

----------------
IN: 
0x000fa73e:  66 85 c0                 testl    %eax, %eax
0x000fa741:  75 04                    jne      0xfa747

----------------
IN: 
0x000fa747:  66 0f b7 c6              movzwl   %si, %eax
0x000fa74b:  66 5b                    popl     %ebx
0x000fa74d:  66 5e                    popl     %esi
0x000fa74f:  e9 a0 ff                 jmp      0xfa6f2

----------------
IN: 
0x000fa857:  66 40                    incl     %eax
0x000fa859:  75 90                    jne      0xfa7eb

----------------
IN: 
0x000fa7eb:  67 8a 43 06              movb     6(%ebx), %al
0x000fa7ef:  67 88 04 24              movb     %al, (%esp)
0x000fa7f3:  67 66 8d 45 01           leal     1(%ebp), %eax
0x000fa7f8:  67 89 44 24 04           movw     %ax, 4(%esp)
0x000fa7fd:  67 66 8d 45 05           leal     5(%ebp), %eax
0x000fa802:  67 89 44 24 06           movw     %ax, 6(%esp)
0x000fa807:  67 66 8b 04 24           movl     (%esp), %eax
0x000fa80c:  66 25 ee 00 00 00        andl     $0xee, %eax
0x000fa812:  66 83 f8 24              cmpl     $0x24, %eax
0x000fa816:  75 46                    jne      0xfa85e

----------------
IN: 
0x000fa85e:  67 8a 03                 movb     (%ebx), %al
0x000fa861:  67 66 8b 54 24 04        movl     4(%esp), %edx
0x000fa867:  ee                       outb     %al, %dx

----------------
IN: 
0x000fa868:  67 8a 43 01              movb     1(%ebx), %al
0x000fa86c:  67 66 8d 55 02           leal     2(%ebp), %edx
0x000fa871:  ee                       outb     %al, %dx

----------------
IN: 
0x000fa872:  67 8a 43 02              movb     2(%ebx), %al
0x000fa876:  67 66 8d 55 03           leal     3(%ebp), %edx
0x000fa87b:  ee                       outb     %al, %dx

----------------
IN: 
0x000fa87c:  67 8a 43 03              movb     3(%ebx), %al
0x000fa880:  67 66 8d 55 04           leal     4(%ebp), %edx
0x000fa885:  ee                       outb     %al, %dx

----------------
IN: 
0x000fa886:  67 8a 43 04              movb     4(%ebx), %al
0x000fa88a:  67 8b 54 24 06           movw     6(%esp), %dx
0x000fa88f:  ee                       outb     %al, %dx

----------------
IN: 
0x000fa890:  67 66 8d 55 07           leal     7(%ebp), %edx
0x000fa895:  67 8a 04 24              movb     (%esp), %al
0x000fa899:  ee                       outb     %al, %dx

----------------
IN: 
0x000fa89a:  66 31 c0                 xorl     %eax, %eax
0x000fa89d:  66 83 c4 08              addl     $8, %esp
0x000fa8a1:  66 5b                    popl     %ebx
0x000fa8a3:  66 5e                    popl     %esi
0x000fa8a5:  66 5f                    popl     %edi
0x000fa8a7:  66 5d                    popl     %ebp
0x000fa8a9:  66 c3                    retl     

----------------
IN: 
0x000fab0a:  66 85 c0                 testl    %eax, %eax
0x000fab0d:  74 0e                    je       0xfab1d

----------------
IN: 
0x000fab1d:  66 0f b7 c7              movzwl   %di, %eax
0x000fab21:  66 e8 2b fc ff ff        calll    0xfa752

----------------
IN: 
0x000fa752:  66 0f b7 c0              movzwl   %ax, %eax
0x000fa756:  66 e8 a6 ff ff ff        calll    0xfa702

----------------
IN: 
0x000fa75c:  66 83 f8 ff              cmpl     $-1, %eax
0x000fa760:  74 1b                    je       0xfa77d

----------------
IN: 
0x000fa762:  a8 01                    testb    $1, %al
0x000fa764:  75 11                    jne      0xfa777

----------------
IN: 
0x000fa766:  66 83 e0 08              andl     $8, %eax
0x000fa76a:  66 83 f8 01              cmpl     $1, %eax
0x000fa76e:  66 19 c0                 sbbl     %eax, %eax
0x000fa771:  66 83 e0 fb              andl     $0xfffffffb, %eax
0x000fa775:  66 c3                    retl     

----------------
IN: 
0x000fab27:  66 85 c0                 testl    %eax, %eax
0x000fab2a:  75 e3                    jne      0xfab0f

----------------
IN: 
0x000fab2c:  66 b9 00 02 00 00        movl     $0x200, %ecx
0x000fab32:  66 89 ea                 movl     %ebp, %edx
0x000fab35:  66 89 d8                 movl     %ebx, %eax
0x000fab38:  66 e8 6d fd ff ff        calll    0xfa8ab

----------------
IN: 
0x000fa8ab:  66 55                    pushl    %ebp
0x000fa8ad:  66 57                    pushl    %edi
0x000fa8af:  66 56                    pushl    %esi
0x000fa8b1:  66 53                    pushl    %ebx
0x000fa8b3:  66 83 ec 18              subl     $0x18, %esp
0x000fa8b7:  66 89 c3                 movl     %eax, %ebx
0x000fa8ba:  67 66 89 54 24 08        movl     %edx, 8(%esp)
0x000fa8c0:  67 66 89 4c 24 0c        movl     %ecx, 0xc(%esp)
0x000fa8c6:  67 66 8b 40 04           movl     4(%eax), %eax
0x000fa8cb:  2e 67 66 8b 80 2c 00 f1  movl     %cs:-0xeffd4(%eax), %eax
0x000fa8d3:  ff
0x000fa8d4:  2e 67 8b 88 00 00 f1 ff  movw     %cs:-0xf0000(%eax), %cx
0x000fa8dc:  67 89 4c 24 10           movw     %cx, 0x10(%esp)
0x000fa8e1:  2e 67 8b 80 02 00 f1 ff  movw     %cs:-0xefffe(%eax), %ax
0x000fa8e9:  67 89 44 24 12           movw     %ax, 0x12(%esp)
0x000fa8ee:  67 66 0f b7 6b 0a        movzwl   0xa(%ebx), %ebp
0x000fa8f4:  67 66 8b 03              movl     (%ebx), %eax
0x000fa8f8:  67 66 89 04 24           movl     %eax, (%esp)
0x000fa8fd:  67 66 8b 44 24 0c        movl     0xc(%esp), %eax
0x000fa903:  66 d1 f8                 sarl     $1, %eax
0x000fa906:  67 66 89 44 24 04        movl     %eax, 4(%esp)
0x000fa90c:  66 0f b7 c1              movzwl   %cx, %eax
0x000fa910:  67 66 89 44 24 14        movl     %eax, 0x14(%esp)
0x000fa916:  67 66 8b 04 24           movl     (%esp), %eax
0x000fa91b:  66 c1 e8 04              shrl     $4, %eax
0x000fa91f:  67 66 8b 3c 24           movl     (%esp), %edi
0x000fa924:  66 83 e7 0f              andl     $0xf, %edi
0x000fa928:  67 66 83 7c 24 08 00     cmpl     $0, 8(%esp)
0x000fa92f:  74 17                    je       0xfa948

----------------
IN: 
0x000fa948:  8e c0                    movw     %ax, %es
0x000fa94a:  67 66 8b 4c 24 04        movl     4(%esp), %ecx
0x000fa950:  67 66 8b 54 24 10        movl     0x10(%esp), %edx
0x000fa956:  67 f3 6d                 rep insw %dx, %es:(%edi)

----------------
IN: 
0x000fa959:  67 8b 44 24 12           movw     0x12(%esp), %ax
0x000fa95e:  67 66 8d 50 02           leal     2(%eax), %edx
0x000fa963:  ec                       inb      %dx, %al

----------------
IN: 
0x000fa964:  67 66 8b 44 24 14        movl     0x14(%esp), %eax
0x000fa96a:  66 e8 82 fd ff ff        calll    0xfa6f2

----------------
IN: 
0x000fa970:  66 83 f8 ff              cmpl     $-1, %eax
0x000fa974:  75 06                    jne      0xfa97c

----------------
IN: 
0x000fa97c:  66 4d                    decl     %ebp
0x000fa97e:  74 25                    je       0xfa9a5

----------------
IN: 
0x000fa9a5:  67 66 83 7c 24 08 00     cmpl     $0, 8(%esp)
0x000fa9ac:  74 08                    je       0xfa9b6

----------------
IN: 
0x000fa9b6:  66 25 89 00 00 00        andl     $0x89, %eax
0x000fa9bc:  66 85 c0                 testl    %eax, %eax
0x000fa9bf:  74 06                    je       0xfa9c7

----------------
IN: 
0x000fa9c7:  66 83 c4 18              addl     $0x18, %esp
0x000fa9cb:  66 5b                    popl     %ebx
0x000fa9cd:  66 5e                    popl     %esi
0x000fa9cf:  66 5f                    popl     %edi
0x000fa9d1:  66 5d                    popl     %ebp
0x000fa9d3:  66 c3                    retl     

----------------
IN: 
0x000fab3e:  66 89 c1                 movl     %eax, %ecx
0x000fab41:  b0 08                    movb     $8, %al
0x000fab43:  66 89 f2                 movl     %esi, %edx
0x000fab46:  ee                       outb     %al, %dx

----------------
IN: 
0x000fab47:  66 85 c9                 testl    %ecx, %ecx
0x000fab4a:  75 c9                    jne      0xfab15

----------------
IN: 
0x000fab4c:  66 89 c8                 movl     %ecx, %eax
0x000fab4f:  66 83 c4 18              addl     $0x18, %esp
0x000fab53:  66 5b                    popl     %ebx
0x000fab55:  66 5e                    popl     %esi
0x000fab57:  66 5f                    popl     %edi
0x000fab59:  66 5d                    popl     %ebp
0x000fab5b:  66 c3                    retl     

----------------
IN: 
0x000fae46:  e9 04 01                 jmp      0xfaf4d

----------------
IN: 
0x000faf4d:  66 85 c0                 testl    %eax, %eax
0x000faf50:  0f 85 e3 00              jne      0xfb037

----------------
IN: 
0x000faf54:  66 31 c0                 xorl     %eax, %eax
0x000faf57:  e9 ee 00                 jmp      0xfb048

----------------
IN: 
0x000fb048:  66 5a                    popl     %edx
0x000fb04a:  66 5b                    popl     %ebx
0x000fb04c:  66 5e                    popl     %esi
0x000fb04e:  66 5f                    popl     %edi
0x000fb050:  66 5d                    popl     %ebp
0x000fb052:  66 c3                    retl     

----------------
IN: 
0x000fb14e:  67 8a 5c 24 0e           movb     0xe(%esp), %bl
0x000fb153:  67 88 5e 1c              movb     %bl, 0x1c(%esi)
0x000fb157:  80 cc 9e                 orb      $0x9e, %ah
0x000fb15a:  66 89 c2                 movl     %eax, %edx
0x000fb15d:  66 89 f0                 movl     %esi, %eax
0x000fb160:  66 e8 27 bf ff ff        calll    0xf708d

----------------
IN: 
0x000f708d:  66 b9 40 00 00 00        movl     $0x40, %ecx
0x000f7093:  67 80 78 14 00           cmpb     $0, 0x14(%eax)
0x000f7098:  78 09                    js       0xf70a3

----------------
IN: 
0x000f70a3:  8e c1                    movw     %cx, %es
0x000f70a5:  26 88 16 74 00           movb     %dl, %es:0x74
0x000f70aa:  84 d2                    testb    %dl, %dl
0x000f70ac:  74 0b                    je       0xf70b9

----------------
IN: 
0x000f70b9:  e9 a3 fa                 jmp      0xf6b5f

----------------
IN: 
0x000fb166:  66 83 c4 18              addl     $0x18, %esp
0x000fb16a:  66 5b                    popl     %ebx
0x000fb16c:  66 5e                    popl     %esi
0x000fb16e:  66 5f                    popl     %edi
0x000fb170:  66 5d                    popl     %ebp
0x000fb172:  66 c3                    retl     

----------------
IN: 
0x000fd059:  cb                       lretw    

----------------
IN: 
0x000ef07d:  f6 44 24 26 01           testb    $1, 0x26(%esp)
0x000ef082:  74 07                    je       0xef08b

----------------
IN: 
0x000ef08b:  85 f6                    testl    %esi, %esi
0x000ef08d:  74 1b                    je       0xef0aa

----------------
IN: 
0x000ef08f:  66 81 3d fe 7d 00 00 55  cmpw     $0xaa55, 0x7dfe
0x000ef097:  aa
0x000ef098:  74 10                    je       0xef0aa

----------------
IN: 
0x000ef0aa:  80 3d 21 99 0e 00 00     cmpb     $0, 0xe9921
0x000ef0b1:  74 6b                    je       0xef11e

----------------
IN: 
0x000ef11e:  0f b6 d3                 movzbl   %bl, %edx
0x000ef121:  b8 00 7c 00 00           movl     $0x7c00, %eax
0x000ef126:  e8 ac fe ff ff           calll    0xeefd7

----------------
IN: 
0x000eefd7:  56                       pushl    %esi
0x000eefd8:  53                       pushl    %ebx
0x000eefd9:  83 ec 28                 subl     $0x28, %esp
0x000eefdc:  89 c3                    movl     %eax, %ebx
0x000eefde:  89 d6                    movl     %edx, %esi
0x000eefe0:  0f b7 c0                 movzwl   %ax, %eax
0x000eefe3:  50                       pushl    %eax
0x000eefe4:  89 d8                    movl     %ebx, %eax
0x000eefe6:  c1 e8 10                 shrl     $0x10, %eax
0x000eefe9:  50                       pushl    %eax
0x000eefea:  68 07 26 0f 00           pushl    $0xf2607
0x000eefef:  e8 e5 de ff ff           calll    0xeced9

----------------
IN: 
0x000eeff4:  b9 26 00 00 00           movl     $0x26, %ecx
0x000eeff9:  31 d2                    xorl     %edx, %edx
0x000eeffb:  8d 44 24 0e              leal     0xe(%esp), %eax

----------------
IN: 
0x000eefff:  e8 cc c6 ff ff           calll    0xeb6d0

----------------
IN: 
0x000ef004:  66 c7 44 24 32 00 02     movw     $0x200, 0x32(%esp)
0x000ef00b:  89 5c 24 2e              movl     %ebx, 0x2e(%esp)
0x000ef00f:  89 f0                    movl     %esi, %eax
0x000ef011:  88 44 24 22              movb     %al, 0x22(%esp)
0x000ef015:  66 c7 44 24 2a 55 aa     movw     $0xaa55, 0x2a(%esp)
0x000ef01c:  31 c0                    xorl     %eax, %eax
0x000ef01e:  e8 e5 d8 ff ff           calll    0xec908

----------------
IN: 
0x000ec93a:  c6 05 be a1 0e 00 01     movb     $1, 0xea1be
0x000ec941:  5b                       popl     %ebx
0x000ec942:  c3                       retl     

----------------
IN: 
0x000ef023:  b9 51 81 0f 00           movl     $0xf8151, %ecx
0x000ef028:  31 d2                    xorl     %edx, %edx
0x000ef02a:  8d 44 24 0e              leal     0xe(%esp), %eax
0x000ef02e:  e8 16 da ff ff           calll    0xeca49

----------------
IN: 
0x00007c00:  66 ea 4c 7c 00 00 00 00  ljmpl    $0x0:$0x7c4c

----------------
IN: 
0x00007c4c:  66 57                    pushl    %edi
0x00007c4e:  66 56                    pushl    %esi
0x00007c50:  52                       pushw    %dx
0x00007c51:  b0 31                    movb     $0x31, %al
0x00007c53:  ba f8 03                 movw     $0x3f8, %dx
0x00007c56:  ee                       outb     %al, %dx

----------------
IN: 
0x00007c57:  5a                       popw     %dx
0x00007c58:  fa                       cli      
0x00007c59:  31 c0                    xorw     %ax, %ax
0x00007c5b:  8e d8                    movw     %ax, %ds
0x00007c5d:  8e c0                    movw     %ax, %es
0x00007c5f:  8e e0                    movw     %ax, %fs
0x00007c61:  8e e8                    movw     %ax, %gs
0x00007c63:  8e d0                    movw     %ax, %ss

----------------
IN: 
0x00007c65:  bc 00 7c                 movw     $0x7c00, %sp

----------------
IN: 
0x00007c68:  52                       pushw    %dx
0x00007c69:  b0 32                    movb     $0x32, %al
0x00007c6b:  ba f8 03                 movw     $0x3f8, %dx
0x00007c6e:  ee                       outb     %al, %dx

----------------
IN: 
0x00007c6f:  5a                       popw     %dx
0x00007c70:  30 e4                    xorb     %ah, %ah
0x00007c72:  b2 80                    movb     $0x80, %dl
0x00007c74:  cd 13                    int      $0x13

----------------
IN: 
0x000fb41a:  66 89 f2                 movl     %esi, %edx
0x000fb41d:  66 5b                    popl     %ebx
0x000fb41f:  66 5e                    popl     %esi
0x000fb421:  e9 42 3c                 jmp      0xff066

----------------
IN: 
0x000ff066:  66 53                    pushl    %ebx
0x000ff068:  66 83 ec 14              subl     $0x14, %esp
0x000ff06c:  66 89 c3                 movl     %eax, %ebx
0x000ff06f:  67 66 89 54 24 04        movl     %edx, 4(%esp)
0x000ff075:  67 c6 44 24 08 00        movb     $0, 8(%esp)
0x000ff07b:  67 c7 44 24 0a 00 00     movw     $0, 0xa(%esp)
0x000ff082:  66 89 e0                 movl     %esp, %eax
0x000ff085:  66 e8 4b bc ff ff        calll    0xfacd6

----------------
IN: 
0x000fae49:  2e 67 66 8b 83 2c 00 f1  movl     %cs:-0xeffd4(%ebx), %eax
0x000fae51:  ff
0x000fae52:  2e 67 8a 8b 30 00 f1 ff  movb     %cs:-0xeffd0(%ebx), %cl
0x000fae5a:  67 88 0c 24              movb     %cl, (%esp)
0x000fae5e:  2e 67 8b b0 00 00 f1 ff  movw     %cs:-0xf0000(%eax), %si
0x000fae66:  2e 67 8b b8 02 00 f1 ff  movw     %cs:-0xefffe(%eax), %di
0x000fae6e:  66 83 c7 02              addl     $2, %edi
0x000fae72:  b0 0e                    movb     $0xe, %al
0x000fae74:  66 89 fa                 movl     %edi, %edx
0x000fae77:  ee                       outb     %al, %dx

----------------
IN: 
0x000fae78:  66 b8 05 00 00 00        movl     $5, %eax
0x000fae7e:  66 e8 a4 c7 ff ff        calll    0xf7628

----------------
IN: 
0x000f7628:  66 53                    pushl    %ebx
0x000f762a:  66 89 c3                 movl     %eax, %ebx
0x000f762d:  66 e8 3c ff ff ff        calll    0xf756f

----------------
IN: 
0x000f7633:  66 89 c1                 movl     %eax, %ecx
0x000f7636:  2e 66 a1 7c 60           movl     %cs:0x607c, %eax
0x000f763b:  66 0f af d8              imull    %eax, %ebx
0x000f763f:  67 66 8d 83 e7 03 00 00  leal     0x3e7(%ebx), %eax
0x000f7647:  66 bb e8 03 00 00        movl     $0x3e8, %ebx
0x000f764d:  66 31 d2                 xorl     %edx, %edx
0x000f7650:  66 f7 f3                 divl     %ebx
0x000f7653:  67 66 8d 1c 08           leal     (%eax, %ecx), %ebx
0x000f7658:  66 89 d8                 movl     %ebx, %eax
0x000f765b:  66 e8 d9 78 00 00        calll    0xfef3a

----------------
IN: 
0x000f7661:  66 85 c0                 testl    %eax, %eax
0x000f7664:  75 04                    jne      0xf766a

----------------
IN: 
0x000f766a:  66 5b                    popl     %ebx
0x000f766c:  66 c3                    retl     

----------------
IN: 
0x000fae84:  b0 0a                    movb     $0xa, %al
0x000fae86:  66 89 fa                 movl     %edi, %edx
0x000fae89:  ee                       outb     %al, %dx

----------------
IN: 
0x000fae8a:  66 b8 02 00 00 00        movl     $2, %eax
0x000fae90:  66 e8 76 c7 ff ff        calll    0xf760c

----------------
IN: 
0x000fae96:  66 e8 aa 41 00 00        calll    0xff046

----------------
IN: 
0x000ff046:  66 53                    pushl    %ebx
0x000ff048:  66 89 c3                 movl     %eax, %ebx
0x000ff04b:  66 89 d8                 movl     %ebx, %eax
0x000ff04e:  66 e8 e6 fe ff ff        calll    0xfef3a

----------------
IN: 
0x000ff054:  66 85 c0                 testl    %eax, %eax
0x000ff057:  75 08                    jne      0xff061

----------------
IN: 
0x000ff059:  66 e8 a5 98 ff ff        calll    0xf8904

----------------
IN: 
0x000ff05f:  eb ea                    jmp      0xff04b

----------------
IN: 
0x000ff04b:  66 89 d8                 movl     %ebx, %eax
0x000ff04e:  66 e8 e6 fe ff ff        calll    0xfef3a

----------------
IN: 
0x000ff061:  66 5b                    popl     %ebx
0x000ff063:  66 c3                    retl     

----------------
IN: 
0x000fae9c:  66 0f b7 ee              movzwl   %si, %ebp
0x000faea0:  66 89 e8                 movl     %ebp, %eax
0x000faea3:  66 e8 49 f8 ff ff        calll    0xfa6f2

----------------
IN: 
0x000faea9:  66 40                    incl     %eax
0x000faeab:  0f 84 82 00              je       0xfaf31

----------------
IN: 
0x000faeaf:  66 83 c6 06              addl     $6, %esi
0x000faeb3:  67 80 3c 24 00           cmpb     $0, (%esp)
0x000faeb8:  74 50                    je       0xfaf0a

----------------
IN: 
0x000faf0a:  b0 a0                    movb     $0xa0, %al
0x000faf0c:  66 89 f2                 movl     %esi, %edx
0x000faf0f:  ee                       outb     %al, %dx

----------------
IN: 
0x000faf10:  2e 67 8a 83 00 00 f1 ff  movb     %cs:-0xf0000(%ebx), %al
0x000faf18:  3c 20                    cmpb     $0x20, %al
0x000faf1a:  75 15                    jne      0xfaf31

----------------
IN: 
0x000faf1c:  66 89 e9                 movl     %ebp, %ecx
0x000faf1f:  66 ba 40 00 00 00        movl     $0x40, %edx
0x000faf25:  66 b8 40 00 00 00        movl     $0x40, %eax
0x000faf2b:  66 e8 4f f7 ff ff        calll    0xfa680

----------------
IN: 
0x000faf31:  b0 08                    movb     $8, %al
0x000faf33:  66 89 fa                 movl     %edi, %edx
0x000faf36:  ee                       outb     %al, %dx

----------------
IN: 
0x000faf37:  eb 1b                    jmp      0xfaf54

----------------
IN: 
0x000ff08b:  80 cc ce                 orb      $0xce, %ah
0x000ff08e:  66 89 c2                 movl     %eax, %edx
0x000ff091:  66 89 d8                 movl     %ebx, %eax
0x000ff094:  66 e8 f3 7f ff ff        calll    0xf708d

----------------
IN: 
0x000ff09a:  66 83 c4 14              addl     $0x14, %esp
0x000ff09e:  66 5b                    popl     %ebx
0x000ff0a0:  66 c3                    retl     

----------------
IN: 
0x00007c76:  52                       pushw    %dx
0x00007c77:  b0 33                    movb     $0x33, %al
0x00007c79:  ba f8 03                 movw     $0x3f8, %dx
0x00007c7c:  ee                       outb     %al, %dx

----------------
IN: 
0x00007c7d:  5a                       popw     %dx
0x00007c7e:  b4 42                    movb     $0x42, %ah
0x00007c80:  b2 80                    movb     $0x80, %dl
0x00007c82:  be 3c 7c                 movw     $0x7c3c, %si
0x00007c85:  cd 13                    int      $0x13

----------------
IN: 
0x000fb473:  80 fa 45                 cmpb     $0x45, %dl
0x000fb476:  0f 84 35 01              je       0xfb5af

----------------
IN: 
0x000fb47a:  66 89 c3                 movl     %eax, %ebx
0x000fb47d:  77 3e                    ja       0xfb4bd

----------------
IN: 
0x000fb47f:  80 fa 42                 cmpb     $0x42, %dl
0x000fb482:  0f 84 20 01              je       0xfb5a6

----------------
IN: 
0x000fb5a6:  66 b9 02 00 00 00        movl     $2, %ecx
0x000fb5ac:  e9 d5 00                 jmp      0xfb684

----------------
IN: 
0x000fb684:  66 89 f2                 movl     %esi, %edx
0x000fb687:  66 89 d8                 movl     %ebx, %eax
0x000fb68a:  66 5b                    popl     %ebx
0x000fb68c:  66 5e                    popl     %esi
0x000fb68e:  e9 74 fc                 jmp      0xfb305

----------------
IN: 
0x000fb305:  66 55                    pushl    %ebp
0x000fb307:  66 57                    pushl    %edi
0x000fb309:  66 56                    pushl    %esi
0x000fb30b:  66 53                    pushl    %ebx
0x000fb30d:  66 83 ec 14              subl     $0x14, %esp
0x000fb311:  66 89 c3                 movl     %eax, %ebx
0x000fb314:  67 66 0f b7 70 08        movzwl   8(%eax), %esi
0x000fb31a:  67 8e 00                 movw     (%eax), %es
0x000fb31d:  88 c8                    movb     %cl, %al
0x000fb31f:  26 67 66 8b 4e 08        movl     %es:8(%esi), %ecx
0x000fb325:  26 67 66 8b 6e 0c        movl     %es:0xc(%esi), %ebp
0x000fb32b:  67 66 89 4c 24 0c        movl     %ecx, 0xc(%esp)
0x000fb331:  67 66 89 6c 24 10        movl     %ebp, 0x10(%esp)
0x000fb337:  67 88 44 24 08           movb     %al, 8(%esp)
0x000fb33c:  67 66 89 54 24 04        movl     %edx, 4(%esp)
0x000fb342:  66 83 c2 0c              addl     $0xc, %edx
0x000fb346:  66 89 d7                 movl     %edx, %edi
0x000fb349:  66 c1 ef 04              shrl     $4, %edi
0x000fb34d:  8e c7                    movw     %di, %es
0x000fb34f:  66 83 e2 0f              andl     $0xf, %edx
0x000fb353:  26 67 66 8b 3a           movl     %es:(%edx), %edi
0x000fb358:  26 67 66 8b 52 04        movl     %es:4(%edx), %edx
0x000fb35e:  66 39 f9                 cmpl     %edi, %ecx
0x000fb361:  66 19 d5                 sbbl     %edx, %ebp
0x000fb364:  66 ba 01 ad 00 00        movl     $0xad01, %edx
0x000fb36a:  73 53                    jae      0xfb3bf

----------------
IN: 
0x000fb36c:  67 8e 03                 movw     (%ebx), %es
0x000fb36f:  26 67 66 8b 56 04        movl     %es:4(%esi), %edx
0x000fb375:  66 89 d0                 movl     %edx, %eax
0x000fb378:  66 c1 e8 10              shrl     $0x10, %eax
0x000fb37c:  66 c1 e0 04              shll     $4, %eax
0x000fb380:  66 0f b7 d2              movzwl   %dx, %edx
0x000fb384:  66 01 d0                 addl     %edx, %eax
0x000fb387:  67 66 89 04 24           movl     %eax, (%esp)
0x000fb38c:  67 8e 03                 movw     (%ebx), %es
0x000fb38f:  26 67 8b 46 02           movw     %es:2(%esi), %ax
0x000fb394:  67 89 44 24 0a           movw     %ax, 0xa(%esp)
0x000fb399:  66 ba 00 b5 00 00        movl     $0xb500, %edx
0x000fb39f:  85 c0                    testw    %ax, %ax
0x000fb3a1:  74 1c                    je       0xfb3bf

----------------
IN: 
0x000fb3a3:  66 89 e0                 movl     %esp, %eax
0x000fb3a6:  66 e8 2a f9 ff ff        calll    0xfacd6

----------------
IN: 
0x000fad14:  67 c7 46 0a 00 00        movw     $0, 0xa(%esi)
0x000fad1a:  66 b8 09 00 00 00        movl     $9, %eax
0x000fad20:  e9 25 03                 jmp      0xfb048

----------------
IN: 
0x000fb3ac:  67 8e 03                 movw     (%ebx), %es
0x000fb3af:  67 8b 54 24 0a           movw     0xa(%esp), %dx
0x000fb3b4:  26 67 89 56 02           movw     %dx, %es:2(%esi)
0x000fb3b9:  80 cc bd                 orb      $0xbd, %ah
0x000fb3bc:  66 89 c2                 movl     %eax, %edx
0x000fb3bf:  66 89 d8                 movl     %ebx, %eax
0x000fb3c2:  66 e8 c5 bc ff ff        calll    0xf708d

----------------
IN: 
0x000f70ae:  67 88 50 1d              movb     %dl, 0x1d(%eax)
0x000f70b2:  67 83 48 24 01           orw      $1, 0x24(%eax)
0x000f70b7:  66 c3                    retl     

----------------
IN: 
0x000fb3c8:  66 83 c4 14              addl     $0x14, %esp
0x000fb3cc:  66 5b                    popl     %ebx
0x000fb3ce:  66 5e                    popl     %esi
0x000fb3d0:  66 5f                    popl     %edi
0x000fb3d2:  66 5d                    popl     %ebp
0x000fb3d4:  66 c3                    retl     

----------------
IN: 
0x00007c87:  52                       pushw    %dx
0x00007c88:  b0 34                    movb     $0x34, %al
0x00007c8a:  ba f8 03                 movw     $0x3f8, %dx
0x00007c8d:  ee                       outb     %al, %dx

----------------
IN: 
0x00007c8e:  5a                       popw     %dx
0x00007c8f:  0f 01 16 30 7c           lgdtw    0x7c30
0x00007c94:  0f 20 c0                 movl     %cr0, %eax
0x00007c97:  0c 01                    orb      $1, %al
0x00007c99:  0f 22 c0                 movl     %eax, %cr0

----------------
IN: 
0x00007c9c:  ea a1 7c 08 00           ljmpw    $0x8:$0x7ca1

----------------
IN: 
0x00007ca1:  b0 41                    movb     $0x41, %al
0x00007ca3:  66 ba f8 03              movw     $0x3f8, %dx
0x00007ca7:  ee                       outb     %al, %dx

----------------
IN: 
0x00007ca8:  66 b8 10 00              movw     $0x10, %ax
0x00007cac:  8e d8                    movl     %eax, %ds

----------------
IN: 
0x00007cae:  8e c0                    movl     %eax, %es

----------------
IN: 
0x00007cb0:  8e e0                    movl     %eax, %fs
0x00007cb2:  8e e8                    movl     %eax, %gs
0x00007cb4:  8e d0                    movl     %eax, %ss

----------------
IN: 
0x00007cb6:  bc 00 00 09 00           movl     $0x90000, %esp

----------------
IN: 
0x00007cbb:  b0 42                    movb     $0x42, %al
0x00007cbd:  66 ba f8 03              movw     $0x3f8, %dx
0x00007cc1:  ee                       outb     %al, %dx

----------------
IN: 
0x00007cc2:  bf 00 10 00 00           movl     $0x1000, %edi
0x00007cc7:  31 c0                    xorl     %eax, %eax
0x00007cc9:  b9 00 10 00 00           movl     $0x1000, %ecx
0x00007cce:  f3 ab                    rep stosl %eax, %es:(%edi)

----------------
IN: 
0x00007cd0:  c7 05 00 10 00 00 03 20  movl     $0x2003, 0x1000
0x00007cd8:  00 00
0x00007cda:  c7 05 00 20 00 00 03 30  movl     $0x3003, 0x2000
0x00007ce2:  00 00
0x00007ce4:  c7 05 00 30 00 00 83 00  movl     $0x83, 0x3000
0x00007cec:  00 00
0x00007cee:  b0 43                    movb     $0x43, %al
0x00007cf0:  66 ba f8 03              movw     $0x3f8, %dx
0x00007cf4:  ee                       outb     %al, %dx

----------------
IN: 
0x00007cf5:  b8 00 10 00 00           movl     $0x1000, %eax
0x00007cfa:  0f 22 d8                 movl     %eax, %cr3

----------------
IN: 
0x00007cfd:  b0 44                    movb     $0x44, %al
0x00007cff:  66 ba f8 03              movw     $0x3f8, %dx
0x00007d03:  ee                       outb     %al, %dx

----------------
IN: 
0x00007d04:  0f 20 e0                 movl     %cr4, %eax
0x00007d07:  83 c8 20                 orl      $0x20, %eax
0x00007d0a:  0f 22 e0                 movl     %eax, %cr4

----------------
IN: 
0x00007d0d:  b9 80 00 00 c0           movl     $0xc0000080, %ecx
0x00007d12:  0f 32                    rdmsr    
0x00007d14:  0d 00 01 00 00           orl      $0x100, %eax
0x00007d19:  0f 30                    wrmsr    

----------------
IN: 
0x00007d1b:  31 c0                    xorl     %eax, %eax
0x00007d1d:  bf 00 80 00 00           movl     $0x8000, %edi
0x00007d22:  ab                       stosl    %eax, %es:(%edi)
0x00007d23:  ab                       stosl    %eax, %es:(%edi)
0x00007d24:  ab                       stosl    %eax, %es:(%edi)
0x00007d25:  b8 00 9a 20 00           movl     $0x209a00, %eax
0x00007d2a:  ab                       stosl    %eax, %es:(%edi)
0x00007d2b:  31 c0                    xorl     %eax, %eax
0x00007d2d:  ab                       stosl    %eax, %es:(%edi)
0x00007d2e:  b8 00 92 00 00           movl     $0x9200, %eax
0x00007d33:  ab                       stosl    %eax, %es:(%edi)
0x00007d34:  c7 05 00 70 00 00 17 00  movl     $0x80000017, 0x7000
0x00007d3c:  00 80
0x00007d3e:  66 c7 05 04 70 00 00 00  movw     $0, 0x7004
0x00007d46:  00
0x00007d47:  b0 45                    movb     $0x45, %al
0x00007d49:  66 ba f8 03              movw     $0x3f8, %dx
0x00007d4d:  ee                       outb     %al, %dx

----------------
IN: 
0x00007d4e:  0f 20 c0                 movl     %cr0, %eax
0x00007d51:  0d 00 00 00 80           orl      $0x80000000, %eax
0x00007d56:  0f 22 c0                 movl     %eax, %cr0

----------------
IN: 
0x00007d59:  eb 00                    jmp      0x7d5b

----------------
IN: 
0x00007d5b:  b0 46                    movb     $0x46, %al
0x00007d5d:  66 ba f8 03              movw     $0x3f8, %dx
0x00007d61:  ee                       outb     %al, %dx

----------------
IN: 
0x00007d62:  0f 01 15 00 70 00 00     lgdtl    0x7000
0x00007d69:  b0 47                    movb     $0x47, %al
0x00007d6b:  66 ba f8 03              movw     $0x3f8, %dx
0x00007d6f:  ee                       outb     %al, %dx

----------------
IN: 
0x00007d70:  ea 00 00 01 00 08 00     ljmpl    $0x8:$0x10000

----------------
IN: 
0x00010000:  00 00                    addb     %al, (%rax)
0x00010002:  00 00                    addb     %al, (%rax)
0x00010004:  00 00                    addb     %al, (%rax)
0x00010006:  00 00                    addb     %al, (%rax)
0x00010008:  00 00                    addb     %al, (%rax)
0x0001000a:  00 00                    addb     %al, (%rax)
0x0001000c:  00 00                    addb     %al, (%rax)
0x0001000e:  00 00                    addb     %al, (%rax)
0x00010010:  00 00                    addb     %al, (%rax)
0x00010012:  00 00                    addb     %al, (%rax)
0x00010014:  00 00                    addb     %al, (%rax)
0x00010016:  00 00                    addb     %al, (%rax)
0x00010018:  00 00                    addb     %al, (%rax)
0x0001001a:  00 00                    addb     %al, (%rax)
0x0001001c:  00 00                    addb     %al, (%rax)
0x0001001e:  00 00                    addb     %al, (%rax)
0x00010020:  00 00                    addb     %al, (%rax)
0x00010022:  00 00                    addb     %al, (%rax)
0x00010024:  00 00                    addb     %al, (%rax)
0x00010026:  00 00                    addb     %al, (%rax)
0x00010028:  00 00                    addb     %al, (%rax)
0x0001002a:  00 00                    addb     %al, (%rax)
0x0001002c:  00 00                    addb     %al, (%rax)
0x0001002e:  00 00                    addb     %al, (%rax)
0x00010030:  00 00                    addb     %al, (%rax)
0x00010032:  00 00                    addb     %al, (%rax)
0x00010034:  00 00                    addb     %al, (%rax)
0x00010036:  00 00                    addb     %al, (%rax)
0x00010038:  00 00                    addb     %al, (%rax)
0x0001003a:  00 00                    addb     %al, (%rax)
0x0001003c:  00 00                    addb     %al, (%rax)
0x0001003e:  00 00                    addb     %al, (%rax)
0x00010040:  00 00                    addb     %al, (%rax)
0x00010042:  00 00                    addb     %al, (%rax)
0x00010044:  00 00                    addb     %al, (%rax)
0x00010046:  00 00                    addb     %al, (%rax)
0x00010048:  00 00                    addb     %al, (%rax)
0x0001004a:  00 00                    addb     %al, (%rax)
0x0001004c:  00 00                    addb     %al, (%rax)
0x0001004e:  00 00                    addb     %al, (%rax)
0x00010050:  00 00                    addb     %al, (%rax)
0x00010052:  00 00                    addb     %al, (%rax)
0x00010054:  00 00                    addb     %al, (%rax)
0x00010056:  00 00                    addb     %al, (%rax)
0x00010058:  00 00                    addb     %al, (%rax)
0x0001005a:  00 00                    addb     %al, (%rax)
0x0001005c:  00 00                    addb     %al, (%rax)
0x0001005e:  00 00                    addb     %al, (%rax)
0x00010060:  00 00                    addb     %al, (%rax)
0x00010062:  00 00                    addb     %al, (%rax)
0x00010064:  00 00                    addb     %al, (%rax)
0x00010066:  00 00                    addb     %al, (%rax)
0x00010068:  00 00                    addb     %al, (%rax)
0x0001006a:  00 00                    addb     %al, (%rax)
0x0001006c:  00 00                    addb     %al, (%rax)
0x0001006e:  00 00                    addb     %al, (%rax)
0x00010070:  00 00                    addb     %al, (%rax)
0x00010072:  00 00                    addb     %al, (%rax)
0x00010074:  00 00                    addb     %al, (%rax)
0x00010076:  00 00                    addb     %al, (%rax)
0x00010078:  00 00                    addb     %al, (%rax)
0x0001007a:  00 00                    addb     %al, (%rax)
0x0001007c:  00 00                    addb     %al, (%rax)
0x0001007e:  00 00                    addb     %al, (%rax)
0x00010080:  00 00                    addb     %al, (%rax)
0x00010082:  00 00                    addb     %al, (%rax)
0x00010084:  00 00                    addb     %al, (%rax)
0x00010086:  00 00                    addb     %al, (%rax)
0x00010088:  00 00                    addb     %al, (%rax)
0x0001008a:  00 00                    addb     %al, (%rax)
0x0001008c:  00 00                    addb     %al, (%rax)
0x0001008e:  00 00                    addb     %al, (%rax)
0x00010090:  00 00                    addb     %al, (%rax)
0x00010092:  00 00                    addb     %al, (%rax)
0x00010094:  00 00                    addb     %al, (%rax)
0x00010096:  00 00                    addb     %al, (%rax)
0x00010098:  00 00                    addb     %al, (%rax)
0x0001009a:  00 00                    addb     %al, (%rax)
0x0001009c:  00 00                    addb     %al, (%rax)
0x0001009e:  00 00                    addb     %al, (%rax)
0x000100a0:  00 00                    addb     %al, (%rax)
0x000100a2:  00 00                    addb     %al, (%rax)
0x000100a4:  00 00                    addb     %al, (%rax)
0x000100a6:  00 00                    addb     %al, (%rax)
0x000100a8:  00 00                    addb     %al, (%rax)
0x000100aa:  00 00                    addb     %al, (%rax)
0x000100ac:  00 00                    addb     %al, (%rax)
0x000100ae:  00 00                    addb     %al, (%rax)
0x000100b0:  00 00                    addb     %al, (%rax)
0x000100b2:  00 00                    addb     %al, (%rax)
0x000100b4:  00 00                    addb     %al, (%rax)
0x000100b6:  00 00                    addb     %al, (%rax)
0x000100b8:  00 00                    addb     %al, (%rax)
0x000100ba:  00 00                    addb     %al, (%rax)
0x000100bc:  00 00                    addb     %al, (%rax)
0x000100be:  00 00                    addb     %al, (%rax)
0x000100c0:  00 00                    addb     %al, (%rax)
0x000100c2:  00 00                    addb     %al, (%rax)
0x000100c4:  00 00                    addb     %al, (%rax)
0x000100c6:  00 00                    addb     %al, (%rax)
0x000100c8:  00 00                    addb     %al, (%rax)
0x000100ca:  00 00                    addb     %al, (%rax)
0x000100cc:  00 00                    addb     %al, (%rax)
0x000100ce:  00 00                    addb     %al, (%rax)
0x000100d0:  00 00                    addb     %al, (%rax)
0x000100d2:  00 00                    addb     %al, (%rax)
0x000100d4:  00 00                    addb     %al, (%rax)
0x000100d6:  00 00                    addb     %al, (%rax)
0x000100d8:  00 00                    addb     %al, (%rax)
0x000100da:  00 00                    addb     %al, (%rax)
0x000100dc:  00 00                    addb     %al, (%rax)
0x000100de:  00 00                    addb     %al, (%rax)
0x000100e0:  00 00                    addb     %al, (%rax)
0x000100e2:  00 00                    addb     %al, (%rax)
0x000100e4:  00 00                    addb     %al, (%rax)
0x000100e6:  00 00                    addb     %al, (%rax)
0x000100e8:  00 00                    addb     %al, (%rax)
0x000100ea:  00 00                    addb     %al, (%rax)
0x000100ec:  00 00                    addb     %al, (%rax)
0x000100ee:  00 00                    addb     %al, (%rax)
0x000100f0:  00 00                    addb     %al, (%rax)
0x000100f2:  00 00                    addb     %al, (%rax)
0x000100f4:  00 00                    addb     %al, (%rax)
0x000100f6:  00 00                    addb     %al, (%rax)
0x000100f8:  00 00                    addb     %al, (%rax)
0x000100fa:  00 00                    addb     %al, (%rax)
0x000100fc:  00 00                    addb     %al, (%rax)
0x000100fe:  00 00                    addb     %al, (%rax)
0x00010100:  00 00                    addb     %al, (%rax)
0x00010102:  00 00                    addb     %al, (%rax)
0x00010104:  00 00                    addb     %al, (%rax)
0x00010106:  00 00                    addb     %al, (%rax)
0x00010108:  00 00                    addb     %al, (%rax)
0x0001010a:  00 00                    addb     %al, (%rax)
0x0001010c:  00 00                    addb     %al, (%rax)
0x0001010e:  00 00                    addb     %al, (%rax)
0x00010110:  00 00                    addb     %al, (%rax)
0x00010112:  00 00                    addb     %al, (%rax)
0x00010114:  00 00                    addb     %al, (%rax)
0x00010116:  00 00                    addb     %al, (%rax)
0x00010118:  00 00                    addb     %al, (%rax)
0x0001011a:  00 00                    addb     %al, (%rax)
0x0001011c:  00 00                    addb     %al, (%rax)
0x0001011e:  00 00                    addb     %al, (%rax)
0x00010120:  00 00                    addb     %al, (%rax)
0x00010122:  00 00                    addb     %al, (%rax)
0x00010124:  00 00                    addb     %al, (%rax)
0x00010126:  00 00                    addb     %al, (%rax)
0x00010128:  00 00                    addb     %al, (%rax)
0x0001012a:  00 00                    addb     %al, (%rax)
0x0001012c:  00 00                    addb     %al, (%rax)
0x0001012e:  00 00                    addb     %al, (%rax)
0x00010130:  00 00                    addb     %al, (%rax)
0x00010132:  00 00                    addb     %al, (%rax)
0x00010134:  00 00                    addb     %al, (%rax)
0x00010136:  00 00                    addb     %al, (%rax)
0x00010138:  00 00                    addb     %al, (%rax)
0x0001013a:  00 00                    addb     %al, (%rax)
0x0001013c:  00 00                    addb     %al, (%rax)
0x0001013e:  00 00                    addb     %al, (%rax)
0x00010140:  00 00                    addb     %al, (%rax)
0x00010142:  00 00                    addb     %al, (%rax)
0x00010144:  00 00                    addb     %al, (%rax)
0x00010146:  00 00                    addb     %al, (%rax)
0x00010148:  00 00                    addb     %al, (%rax)
0x0001014a:  00 00                    addb     %al, (%rax)
0x0001014c:  00 00                    addb     %al, (%rax)
0x0001014e:  00 00                    addb     %al, (%rax)
0x00010150:  00 00                    addb     %al, (%rax)
0x00010152:  00 00                    addb     %al, (%rax)
0x00010154:  00 00                    addb     %al, (%rax)
0x00010156:  00 00                    addb     %al, (%rax)
0x00010158:  00 00                    addb     %al, (%rax)
0x0001015a:  00 00                    addb     %al, (%rax)
0x0001015c:  00 00                    addb     %al, (%rax)
0x0001015e:  00 00                    addb     %al, (%rax)
0x00010160:  00 00                    addb     %al, (%rax)
0x00010162:  00 00                    addb     %al, (%rax)
0x00010164:  00 00                    addb     %al, (%rax)
0x00010166:  00 00                    addb     %al, (%rax)
0x00010168:  00 00                    addb     %al, (%rax)
0x0001016a:  00 00                    addb     %al, (%rax)
0x0001016c:  00 00                    addb     %al, (%rax)
0x0001016e:  00 00                    addb     %al, (%rax)
0x00010170:  00 00                    addb     %al, (%rax)
0x00010172:  00 00                    addb     %al, (%rax)
0x00010174:  00 00                    addb     %al, (%rax)
0x00010176:  00 00                    addb     %al, (%rax)
0x00010178:  00 00                    addb     %al, (%rax)
0x0001017a:  00 00                    addb     %al, (%rax)
0x0001017c:  00 00                    addb     %al, (%rax)
0x0001017e:  00 00                    addb     %al, (%rax)
0x00010180:  00 00                    addb     %al, (%rax)
0x00010182:  00 00                    addb     %al, (%rax)
0x00010184:  00 00                    addb     %al, (%rax)
0x00010186:  00 00                    addb     %al, (%rax)
0x00010188:  00 00                    addb     %al, (%rax)
0x0001018a:  00 00                    addb     %al, (%rax)
0x0001018c:  00 00                    addb     %al, (%rax)
0x0001018e:  00 00                    addb     %al, (%rax)
0x00010190:  00 00                    addb     %al, (%rax)
0x00010192:  00 00                    addb     %al, (%rax)
0x00010194:  00 00                    addb     %al, (%rax)
0x00010196:  00 00                    addb     %al, (%rax)
0x00010198:  00 00                    addb     %al, (%rax)
0x0001019a:  00 00                    addb     %al, (%rax)
0x0001019c:  00 00                    addb     %al, (%rax)
0x0001019e:  00 00                    addb     %al, (%rax)
0x000101a0:  00 00                    addb     %al, (%rax)
0x000101a2:  00 00                    addb     %al, (%rax)
0x000101a4:  00 00                    addb     %al, (%rax)
0x000101a6:  00 00                    addb     %al, (%rax)
0x000101a8:  00 00                    addb     %al, (%rax)
0x000101aa:  00 00                    addb     %al, (%rax)
0x000101ac:  00 00                    addb     %al, (%rax)
0x000101ae:  00 00                    addb     %al, (%rax)
0x000101b0:  00 00                    addb     %al, (%rax)
0x000101b2:  00 00                    addb     %al, (%rax)
0x000101b4:  00 00                    addb     %al, (%rax)
0x000101b6:  00 00                    addb     %al, (%rax)
0x000101b8:  00 00                    addb     %al, (%rax)
0x000101ba:  00 00                    addb     %al, (%rax)
0x000101bc:  00 00                    addb     %al, (%rax)
0x000101be:  00 00                    addb     %al, (%rax)
0x000101c0:  00 00                    addb     %al, (%rax)
0x000101c2:  00 00                    addb     %al, (%rax)
0x000101c4:  00 00                    addb     %al, (%rax)
0x000101c6:  00 00                    addb     %al, (%rax)
0x000101c8:  00 00                    addb     %al, (%rax)
0x000101ca:  00 00                    addb     %al, (%rax)
0x000101cc:  00 00                    addb     %al, (%rax)
0x000101ce:  00 00                    addb     %al, (%rax)
0x000101d0:  00 00                    addb     %al, (%rax)
0x000101d2:  00 00                    addb     %al, (%rax)
0x000101d4:  00 00                    addb     %al, (%rax)
0x000101d6:  00 00                    addb     %al, (%rax)
0x000101d8:  00 00                    addb     %al, (%rax)
0x000101da:  00 00                    addb     %al, (%rax)
0x000101dc:  00 00                    addb     %al, (%rax)
0x000101de:  00 00                    addb     %al, (%rax)
0x000101e0:  00 00                    addb     %al, (%rax)
0x000101e2:  00 00                    addb     %al, (%rax)
0x000101e4:  00 00                    addb     %al, (%rax)
0x000101e6:  00 00                    addb     %al, (%rax)
0x000101e8:  00 00                    addb     %al, (%rax)
0x000101ea:  00 00                    addb     %al, (%rax)
0x000101ec:  00 00                    addb     %al, (%rax)
0x000101ee:  00 00                    addb     %al, (%rax)
0x000101f0:  00 00                    addb     %al, (%rax)
0x000101f2:  00 00                    addb     %al, (%rax)
0x000101f4:  00 00                    addb     %al, (%rax)
0x000101f6:  00 00                    addb     %al, (%rax)
0x000101f8:  00 00                    addb     %al, (%rax)
0x000101fa:  00 00                    addb     %al, (%rax)
0x000101fc:  00 00                    addb     %al, (%rax)
0x000101fe:  00 00                    addb     %al, (%rax)
0x00010200:  00 00                    addb     %al, (%rax)
0x00010202:  00 00                    addb     %al, (%rax)
0x00010204:  00 00                    addb     %al, (%rax)
0x00010206:  00 00                    addb     %al, (%rax)
0x00010208:  00 00                    addb     %al, (%rax)
0x0001020a:  00 00                    addb     %al, (%rax)
0x0001020c:  00 00                    addb     %al, (%rax)
0x0001020e:  00 00                    addb     %al, (%rax)
0x00010210:  00 00                    addb     %al, (%rax)
0x00010212:  00 00                    addb     %al, (%rax)
0x00010214:  00 00                    addb     %al, (%rax)
0x00010216:  00 00                    addb     %al, (%rax)
0x00010218:  00 00                    addb     %al, (%rax)
0x0001021a:  00 00                    addb     %al, (%rax)
0x0001021c:  00 00                    addb     %al, (%rax)
0x0001021e:  00 00                    addb     %al, (%rax)
0x00010220:  00 00                    addb     %al, (%rax)
0x00010222:  00 00                    addb     %al, (%rax)
0x00010224:  00 00                    addb     %al, (%rax)
0x00010226:  00 00                    addb     %al, (%rax)
0x00010228:  00 00                    addb     %al, (%rax)
0x0001022a:  00 00                    addb     %al, (%rax)
0x0001022c:  00 00                    addb     %al, (%rax)
0x0001022e:  00 00                    addb     %al, (%rax)
0x00010230:  00 00                    addb     %al, (%rax)
0x00010232:  00 00                    addb     %al, (%rax)
0x00010234:  00 00                    addb     %al, (%rax)
0x00010236:  00 00                    addb     %al, (%rax)
0x00010238:  00 00                    addb     %al, (%rax)
0x0001023a:  00 00                    addb     %al, (%rax)
0x0001023c:  00 00                    addb     %al, (%rax)
0x0001023e:  00 00                    addb     %al, (%rax)
0x00010240:  00 00                    addb     %al, (%rax)
0x00010242:  00 00                    addb     %al, (%rax)
0x00010244:  00 00                    addb     %al, (%rax)
0x00010246:  00 00                    addb     %al, (%rax)
0x00010248:  00 00                    addb     %al, (%rax)
0x0001024a:  00 00                    addb     %al, (%rax)
0x0001024c:  00 00                    addb     %al, (%rax)
0x0001024e:  00 00                    addb     %al, (%rax)
0x00010250:  00 00                    addb     %al, (%rax)
0x00010252:  00 00                    addb     %al, (%rax)
0x00010254:  00 00                    addb     %al, (%rax)
0x00010256:  00 00                    addb     %al, (%rax)
0x00010258:  00 00                    addb     %al, (%rax)
0x0001025a:  00 00                    addb     %al, (%rax)
0x0001025c:  00 00                    addb     %al, (%rax)
0x0001025e:  00 00                    addb     %al, (%rax)
0x00010260:  00 00                    addb     %al, (%rax)
0x00010262:  00 00                    addb     %al, (%rax)
0x00010264:  00 00                    addb     %al, (%rax)
0x00010266:  00 00                    addb     %al, (%rax)
0x00010268:  00 00                    addb     %al, (%rax)
0x0001026a:  00 00                    addb     %al, (%rax)
0x0001026c:  00 00                    addb     %al, (%rax)
0x0001026e:  00 00                    addb     %al, (%rax)
0x00010270:  00 00                    addb     %al, (%rax)
0x00010272:  00 00                    addb     %al, (%rax)
0x00010274:  00 00                    addb     %al, (%rax)
0x00010276:  00 00                    addb     %al, (%rax)
0x00010278:  00 00                    addb     %al, (%rax)
0x0001027a:  00 00                    addb     %al, (%rax)
0x0001027c:  00 00                    addb     %al, (%rax)
0x0001027e:  00 00                    addb     %al, (%rax)
0x00010280:  00 00                    addb     %al, (%rax)
0x00010282:  00 00                    addb     %al, (%rax)
0x00010284:  00 00                    addb     %al, (%rax)
0x00010286:  00 00                    addb     %al, (%rax)
0x00010288:  00 00                    addb     %al, (%rax)
0x0001028a:  00 00                    addb     %al, (%rax)
0x0001028c:  00 00                    addb     %al, (%rax)
0x0001028e:  00 00                    addb     %al, (%rax)
0x00010290:  00 00                    addb     %al, (%rax)
0x00010292:  00 00                    addb     %al, (%rax)
0x00010294:  00 00                    addb     %al, (%rax)
0x00010296:  00 00                    addb     %al, (%rax)
0x00010298:  00 00                    addb     %al, (%rax)
0x0001029a:  00 00                    addb     %al, (%rax)
0x0001029c:  00 00                    addb     %al, (%rax)
0x0001029e:  00 00                    addb     %al, (%rax)
0x000102a0:  00 00                    addb     %al, (%rax)
0x000102a2:  00 00                    addb     %al, (%rax)
0x000102a4:  00 00                    addb     %al, (%rax)
0x000102a6:  00 00                    addb     %al, (%rax)
0x000102a8:  00 00                    addb     %al, (%rax)
0x000102aa:  00 00                    addb     %al, (%rax)
0x000102ac:  00 00                    addb     %al, (%rax)
0x000102ae:  00 00                    addb     %al, (%rax)
0x000102b0:  00 00                    addb     %al, (%rax)
0x000102b2:  00 00                    addb     %al, (%rax)
0x000102b4:  00 00                    addb     %al, (%rax)
0x000102b6:  00 00                    addb     %al, (%rax)
0x000102b8:  00 00                    addb     %al, (%rax)
0x000102ba:  00 00                    addb     %al, (%rax)
0x000102bc:  00 00                    addb     %al, (%rax)
0x000102be:  00 00                    addb     %al, (%rax)
0x000102c0:  00 00                    addb     %al, (%rax)
0x000102c2:  00 00                    addb     %al, (%rax)
0x000102c4:  00 00                    addb     %al, (%rax)
0x000102c6:  00 00                    addb     %al, (%rax)
0x000102c8:  00 00                    addb     %al, (%rax)
0x000102ca:  00 00                    addb     %al, (%rax)
0x000102cc:  00 00                    addb     %al, (%rax)
0x000102ce:  00 00                    addb     %al, (%rax)
0x000102d0:  00 00                    addb     %al, (%rax)
0x000102d2:  00 00                    addb     %al, (%rax)
0x000102d4:  00 00                    addb     %al, (%rax)
0x000102d6:  00 00                    addb     %al, (%rax)
0x000102d8:  00 00                    addb     %al, (%rax)
0x000102da:  00 00                    addb     %al, (%rax)
0x000102dc:  00 00                    addb     %al, (%rax)
0x000102de:  00 00                    addb     %al, (%rax)
0x000102e0:  00 00                    addb     %al, (%rax)
0x000102e2:  00 00                    addb     %al, (%rax)
0x000102e4:  00 00                    addb     %al, (%rax)
0x000102e6:  00 00                    addb     %al, (%rax)
0x000102e8:  00 00                    addb     %al, (%rax)
0x000102ea:  00 00                    addb     %al, (%rax)
0x000102ec:  00 00                    addb     %al, (%rax)
0x000102ee:  00 00                    addb     %al, (%rax)
0x000102f0:  00 00                    addb     %al, (%rax)
0x000102f2:  00 00                    addb     %al, (%rax)
0x000102f4:  00 00                    addb     %al, (%rax)
0x000102f6:  00 00                    addb     %al, (%rax)
0x000102f8:  00 00                    addb     %al, (%rax)
0x000102fa:  00 00                    addb     %al, (%rax)
0x000102fc:  00 00                    addb     %al, (%rax)
0x000102fe:  00 00                    addb     %al, (%rax)
0x00010300:  00 00                    addb     %al, (%rax)
0x00010302:  00 00                    addb     %al, (%rax)
0x00010304:  00 00                    addb     %al, (%rax)
0x00010306:  00 00                    addb     %al, (%rax)
0x00010308:  00 00                    addb     %al, (%rax)
0x0001030a:  00 00                    addb     %al, (%rax)
0x0001030c:  00 00                    addb     %al, (%rax)
0x0001030e:  00 00                    addb     %al, (%rax)
0x00010310:  00 00                    addb     %al, (%rax)
0x00010312:  00 00                    addb     %al, (%rax)
0x00010314:  00 00                    addb     %al, (%rax)
0x00010316:  00 00                    addb     %al, (%rax)
0x00010318:  00 00                    addb     %al, (%rax)
0x0001031a:  00 00                    addb     %al, (%rax)
0x0001031c:  00 00                    addb     %al, (%rax)
0x0001031e:  00 00                    addb     %al, (%rax)
0x00010320:  00 00                    addb     %al, (%rax)
0x00010322:  00 00                    addb     %al, (%rax)
0x00010324:  00 00                    addb     %al, (%rax)
0x00010326:  00 00                    addb     %al, (%rax)
0x00010328:  00 00                    addb     %al, (%rax)
0x0001032a:  00 00                    addb     %al, (%rax)
0x0001032c:  00 00                    addb     %al, (%rax)
0x0001032e:  00 00                    addb     %al, (%rax)
0x00010330:  00 00                    addb     %al, (%rax)
0x00010332:  00 00                    addb     %al, (%rax)
0x00010334:  00 00                    addb     %al, (%rax)
0x00010336:  00 00                    addb     %al, (%rax)
0x00010338:  00 00                    addb     %al, (%rax)
0x0001033a:  00 00                    addb     %al, (%rax)
0x0001033c:  00 00                    addb     %al, (%rax)
0x0001033e:  00 00                    addb     %al, (%rax)
0x00010340:  00 00                    addb     %al, (%rax)
0x00010342:  00 00                    addb     %al, (%rax)
0x00010344:  00 00                    addb     %al, (%rax)
0x00010346:  00 00                    addb     %al, (%rax)
0x00010348:  00 00                    addb     %al, (%rax)
0x0001034a:  00 00                    addb     %al, (%rax)
0x0001034c:  00 00                    addb     %al, (%rax)
0x0001034e:  00 00                    addb     %al, (%rax)
0x00010350:  00 00                    addb     %al, (%rax)
0x00010352:  00 00                    addb     %al, (%rax)
0x00010354:  00 00                    addb     %al, (%rax)
0x00010356:  00 00                    addb     %al, (%rax)
0x00010358:  00 00                    addb     %al, (%rax)
0x0001035a:  00 00                    addb     %al, (%rax)
0x0001035c:  00 00                    addb     %al, (%rax)
0x0001035e:  00 00                    addb     %al, (%rax)
0x00010360:  00 00                    addb     %al, (%rax)
0x00010362:  00 00                    addb     %al, (%rax)
0x00010364:  00 00                    addb     %al, (%rax)
0x00010366:  00 00                    addb     %al, (%rax)
0x00010368:  00 00                    addb     %al, (%rax)
0x0001036a:  00 00                    addb     %al, (%rax)
0x0001036c:  00 00                    addb     %al, (%rax)
0x0001036e:  00 00                    addb     %al, (%rax)
0x00010370:  00 00                    addb     %al, (%rax)
0x00010372:  00 00                    addb     %al, (%rax)
0x00010374:  00 00                    addb     %al, (%rax)
0x00010376:  00 00                    addb     %al, (%rax)
0x00010378:  00 00                    addb     %al, (%rax)
0x0001037a:  00 00                    addb     %al, (%rax)
0x0001037c:  00 00                    addb     %al, (%rax)
0x0001037e:  00 00                    addb     %al, (%rax)
0x00010380:  00 00                    addb     %al, (%rax)
0x00010382:  00 00                    addb     %al, (%rax)
0x00010384:  00 00                    addb     %al, (%rax)
0x00010386:  00 00                    addb     %al, (%rax)
0x00010388:  00 00                    addb     %al, (%rax)
0x0001038a:  00 00                    addb     %al, (%rax)
0x0001038c:  00 00                    addb     %al, (%rax)
0x0001038e:  00 00                    addb     %al, (%rax)
0x00010390:  00 00                    addb     %al, (%rax)
0x00010392:  00 00                    addb     %al, (%rax)
0x00010394:  00 00                    addb     %al, (%rax)
0x00010396:  00 00                    addb     %al, (%rax)
0x00010398:  00 00                    addb     %al, (%rax)
0x0001039a:  00 00                    addb     %al, (%rax)
0x0001039c:  00 00                    addb     %al, (%rax)
0x0001039e:  00 00                    addb     %al, (%rax)
0x000103a0:  00 00                    addb     %al, (%rax)
0x000103a2:  00 00                    addb     %al, (%rax)
0x000103a4:  00 00                    addb     %al, (%rax)
0x000103a6:  00 00                    addb     %al, (%rax)
0x000103a8:  00 00                    addb     %al, (%rax)
0x000103aa:  00 00                    addb     %al, (%rax)
0x000103ac:  00 00                    addb     %al, (%rax)
0x000103ae:  00 00                    addb     %al, (%rax)
0x000103b0:  00 00                    addb     %al, (%rax)
0x000103b2:  00 00                    addb     %al, (%rax)
0x000103b4:  00 00                    addb     %al, (%rax)
0x000103b6:  00 00                    addb     %al, (%rax)
0x000103b8:  00 00                    addb     %al, (%rax)
0x000103ba:  00 00                    addb     %al, (%rax)
0x000103bc:  00 00                    addb     %al, (%rax)
0x000103be:  00 00                    addb     %al, (%rax)
0x000103c0:  00 00                    addb     %al, (%rax)
0x000103c2:  00 00                    addb     %al, (%rax)
0x000103c4:  00 00                    addb     %al, (%rax)
0x000103c6:  00 00                    addb     %al, (%rax)
0x000103c8:  00 00                    addb     %al, (%rax)
0x000103ca:  00 00                    addb     %al, (%rax)
0x000103cc:  00 00                    addb     %al, (%rax)
0x000103ce:  00 00                    addb     %al, (%rax)
0x000103d0:  00 00                    addb     %al, (%rax)
0x000103d2:  00 00                    addb     %al, (%rax)
0x000103d4:  00 00                    addb     %al, (%rax)
0x000103d6:  00 00                    addb     %al, (%rax)
0x000103d8:  00 00                    addb     %al, (%rax)
0x000103da:  00 00                    addb     %al, (%rax)
0x000103dc:  00 00                    addb     %al, (%rax)
0x000103de:  00 00                    addb     %al, (%rax)
0x000103e0:  00 00                    addb     %al, (%rax)
0x000103e2:  00 00                    addb     %al, (%rax)
0x000103e4:  00 00                    addb     %al, (%rax)
0x000103e6:  00 00                    addb     %al, (%rax)

